category,subcategory,dataset_title,metadata_url,metadata_text
Atmosphere,Aerosols,Atmospheric aerosols studies During VII Southern Ocean Expedition.,https://npdc.ncpor.res.in/npdc/search_mf_data.action?search=title&expedition_type=Antarctic&parameter=MF-1045999464&userType=user&parameter1=Aerosols,"META DATA SEARCH
Home
About
Data
Search For Datasets »
Browse by Keyword
Browse by Location
Data Availability
SOE : Scientific Voyage Details
Other Datasets »
Weather and Environment
Search AWS & Meteorological Datasets
Sagar Kanya Cruise Report
Surface Data at Maitri & Gangotri
Synoptic Data From Bharti Station (2016-21)
Submit Your Data »
New Datasets
Last Submitted Datasets
Other Data Links
Important links »
Polar View
NCMRWF - Southern Ocean
NCMRWF - Sea-ice Arctic
NCMRWF - Sea-ice Antarctic
Polar Directory
Search by Data Types
Free Text
Sign
					In
User Manual
Brief Record
Full Record
View XML
Export PDF
Get Data
Title
Atmospheric aerosols studies During VII Southern Ocean Expedition.
Abstract
The atmospheric aerosols are particles of solid or liquid phase dispersed in the atmosphere, produced either by the mechanical disintegration processes occurring over land (e.g. lift up of dust) and ocean (eg. sea spray) or by chemical reactions occurring in the atmosphere. The varied concentrations and composition of these aerosols have strong influence in altering the local climate and to some extent regional as well. Owing to their long-range continental origin and associated transport mechanisms, they can have potential impacts even on a global scale. Recent investigations, through both national and international campaigns reveal that aerosols have significant impact on radiation budget and act as cloud condensation nuclei, increase cloud albedo and reduce precipitation by decreasing the effective cloud droplet size. Knowledge of aerosol properties is essential in atmospheric correction procedures in satellite remote sensing of Earth's surface.
Purpose
1. Collection of air samples (15) using a HIGH VOLUME SAMPLER, for chemical analysis to determine the latitudinal (3oN to 56o8) atmospheric aerosol composition.
2. Aerosol optical depth (measure of the combined effect of absorption and scattering of radiation) measurements using MICROTOPS II SUNPHOTOMETER in clear sky conditions to study the aerosol radiative effects.
3. Continuous monitoring of Black Carbon (produced mainly from burning, transportation and combustion activities and playing a significant role in climate modification due to its high absorption characteristics) concentration in ambient air using AETHALOMETER.
4. Continuous measurements of meteorological parameters using KESTREL 4500weather tracker.
Basic Information
Release Date
:    3/12/2020
Originating Center
:
Data Set Progress
:    Complete
Data Set Language
:
ISO Topic Categories
Category
:   Atmosphere
Topic
:   Aerosols
ISO Topic
:   Atmosphere
Personnel
Role
:   Principal Investigator
Name
:   Dr. Harilal B   Menon
e-mail
:   ictd@ncpor.res.in
Organisation
:   Goa University
Title
Atmospheric aerosols studies During VII Southern Ocean Expedition.
Science Keywords
Category
Atmosphere
Topic
Aerosols
ISO Topic
Atmosphere
Expedition Year
2012-2013
Project Details
Project Number
SOE/7/7.1
Project Name
Atmospheric aerosols studies During VII Southern Ocean Expedition.
Summary
Abstract
The atmospheric aerosols are particles of solid or liquid phase dispersed in the atmosphere, produced either by the mechanical disintegration processes occurring over land (e.g. lift up of dust) and ocean (eg. sea spray) or by chemical reactions occurring in the atmosphere. The varied concentrations and composition of these aerosols have strong influence in altering the local climate and to some extent regional as well. Owing to their long-range continental origin and associated transport mechanisms, they can have potential impacts even on a global scale. Recent investigations, through both national and international campaigns reveal that aerosols have significant impact on radiation budget and act as cloud condensation nuclei, increase cloud albedo and reduce precipitation by decreasing the effective cloud droplet size. Knowledge of aerosol properties is essential in atmospheric correction procedures in satellite remote sensing of Earth's surface.
Purpose
1. Collection of air samples (15) using a HIGH VOLUME SAMPLER, for chemical analysis to determine the latitudinal (3oN to 56o8) atmospheric aerosol composition.
2. Aerosol optical depth (measure of the combined effect of absorption and scattering of radiation) measurements using MICROTOPS II SUNPHOTOMETER in clear sky conditions to study the aerosol radiative effects.
3. Continuous monitoring of Black Carbon (produced mainly from burning, transportation and combustion activities and playing a significant role in climate modification due to its high absorption characteristics) concentration in ambient air using AETHALOMETER.
4. Continuous measurements of meteorological parameters using KESTREL 4500weather tracker.
Dataset Citation
Creator
Dr Harilal B Menon
Editor
Dr Harilal B Menon
Dataset Title
Atmospheric aerosols studies During VII Southern Ocean Expedition.
Series Name
1
Release Date
3/12/2020
Release Place
Goa
Version
1
Online Resource
http://npdc.ncpor.res.in/npdc/voyagedatadownload.jsp?filename=reg-00011_Scientific_report_Cruise%20Report%20SOE-7_%202012-13.pdf
Scientist Details
Role
Principal Investigator
Name
Dr. Harilal B   Menon
e-mail
ictd@ncpor.res.in
Phone
8322525515
Mobile Number
8322525515
Institute /
Organization
Goa University
Address
Dept of Marine Sciences, Goa University, Pin 403 206, Goa, India.
City
Panjim
State
Goa
Postal Code
403206
Country
India
Data Center
Short Name
NPDC
Long Name
National Polar Data Center, India
Mail Id
npdc@ncpor.res.in
Phone No
+91 - 832-2525515
Address
Headland Sada
City
Vasco-Da-Gama
State
Goa
Pin Code
403804
Country
India
Instrument Details
Short name
Aethalometer
Long name
Aethalometer
Location
Category
Region
Type
Southern Ocean
Subregion
Indian Ocean Sector
Platform
Short name
-
Long name
-
Data
					Set Progress
Complete
close
save as pdf
If XML not opening,
Click Here!
If download not started,
Click Here!
Search
Quick Links
Contact Us
Data Policy & Guidelines
User Manual
Polar Directory
Data Submission
Common Project Proposal Form
Submit a New Data
For scholars
Dataset by Science Keywords
Dataset by Location
Observation Dataset
Quantarctica
Data Portal
Synoptic Data
Useful Links
Python
Ferret visualization
and analysis Tool
The R Project
© National Centre for Polar and Ocean Research
						(NCPOR), Ministry of Earth Sciences (MoES), Government of India"
Atmosphere,Aerosols,"Characterising permafrost degradation in Svalbard: Aerosols, GHGs and Freeze-Thaw Dynamics and its impacts on ecosystem",https://npdc.ncpor.res.in/npdc/search_mf_data.action?search=title&expedition_type=Antarctic&parameter=MF-1136515254&userType=user&parameter1=Aerosols,"META DATA SEARCH
Home
About
Data
Search For Datasets »
Browse by Keyword
Browse by Location
Data Availability
SOE : Scientific Voyage Details
Other Datasets »
Weather and Environment
Search AWS & Meteorological Datasets
Sagar Kanya Cruise Report
Surface Data at Maitri & Gangotri
Synoptic Data From Bharti Station (2016-21)
Submit Your Data »
New Datasets
Last Submitted Datasets
Other Data Links
Important links »
Polar View
NCMRWF - Southern Ocean
NCMRWF - Sea-ice Arctic
NCMRWF - Sea-ice Antarctic
Polar Directory
Search by Data Types
Free Text
Sign
					In
User Manual
Brief Record
Full Record
View XML
Export PDF
Data pending
Title
Characterising permafrost degradation in Svalbard: Aerosols, GHGs and Freeze-Thaw Dynamics and its impacts on ecosystem
Abstract
The specific objectives are as follows: A. Characterizing Ecosystem Scale Dynamics of Permafrost Thaw: i. Identify thermokarst areas in Svalbard and Ny-Alusend areas by long-term satellite data and reconnaissance surveys. ii. Develop a database of physical characteristics of these areas on an on-going basis. iii. Develop intra and inter-seasonal characteristics of thermokarst landscape areas using a range of measurements such as atmospheric GHGs (CO2 and CH4), optical surface reflectance, narrowband and broadband albedo and net energy fluxes at the surface level and various meteorological parameters. iv. Quantify aerosol transport and impacts on snow spectral albedo. B. Identifying Permafrost degradation through Geochemical Signatures: i. Establish an isotope mixing model that will quantify the variability of downstream water from glacial melt, permafrost/active layer thaw and rain over the field campaign of 2018.
Purpose
The specific objectives are as follows: A. Characterizing Ecosystem Scale Dynamics of Permafrost Thaw: i. Identify thermokarst areas in Svalbard and Ny-Alusend areas by long-term satellite data and reconnaissance surveys. ii. Develop a database of physical characteristics of these areas on an on-going basis. iii. Develop intra and inter-seasonal characteristics of thermokarst landscape areas using a range of measurements such as atmospheric GHGs (CO2 and CH4), optical surface reflectance, narrowband and broadband albedo and net energy fluxes at the surface level and various meteorological parameters. iv. Quantify aerosol transport and impacts on snow spectral albedo. B. Identifying Permafrost degradation through Geochemical Signatures: i. Establish an isotope mixing model that will quantify the variability of downstream water from glacial melt, permafrost/active layer thaw and rain over the field campaign of 2018.
Basic Information
Release Date
:    10/04/2021
Originating Center
:
Data Set Progress
:    Complete
Data Set Language
:
ISO Topic Categories
Category
:   Atmosphere
Topic
:   Aerosols
ISO Topic
:   Climatology/Meteorology/Atmosphere
Personnel
Role
:   Principal Investigator
Name
:   Dr.  Indra Sekhar    Sen
e-mail
:   isen@iitk.ac.in
Organisation
:   Indian Institute of Technology Kanpur
Title
Characterising permafrost degradation in Svalbard: Aerosols, GHGs and Freeze-Thaw Dynamics and its impacts on ecosystem
Science Keywords
Category
Atmosphere
Topic
Aerosols
ISO Topic
Climatology/Meteorology/Atmosphere
Expedition Year
2018-2019
Project Details
Project Number
11095
Project Name
Characterising permafrost degradation in Svalbard: Aerosols, GHGs and Freeze-Thaw Dynamics and its impacts on ecosystem
Summary
Abstract
The specific objectives are as follows: A. Characterizing Ecosystem Scale Dynamics of Permafrost Thaw: i. Identify thermokarst areas in Svalbard and Ny-Alusend areas by long-term satellite data and reconnaissance surveys. ii. Develop a database of physical characteristics of these areas on an on-going basis. iii. Develop intra and inter-seasonal characteristics of thermokarst landscape areas using a range of measurements such as atmospheric GHGs (CO2 and CH4), optical surface reflectance, narrowband and broadband albedo and net energy fluxes at the surface level and various meteorological parameters. iv. Quantify aerosol transport and impacts on snow spectral albedo. B. Identifying Permafrost degradation through Geochemical Signatures: i. Establish an isotope mixing model that will quantify the variability of downstream water from glacial melt, permafrost/active layer thaw and rain over the field campaign of 2018.
Purpose
The specific objectives are as follows: A. Characterizing Ecosystem Scale Dynamics of Permafrost Thaw: i. Identify thermokarst areas in Svalbard and Ny-Alusend areas by long-term satellite data and reconnaissance surveys. ii. Develop a database of physical characteristics of these areas on an on-going basis. iii. Develop intra and inter-seasonal characteristics of thermokarst landscape areas using a range of measurements such as atmospheric GHGs (CO2 and CH4), optical surface reflectance, narrowband and broadband albedo and net energy fluxes at the surface level and various meteorological parameters. iv. Quantify aerosol transport and impacts on snow spectral albedo. B. Identifying Permafrost degradation through Geochemical Signatures: i. Establish an isotope mixing model that will quantify the variability of downstream water from glacial melt, permafrost/active layer thaw and rain over the field campaign of 2018.
Dataset Citation
Creator
Indra Sekhar Sen
Editor
Indra Sekhar Sen
Dataset Title
Characterising permafrost degradation in Svalbard: Aerosols, GHGs and Freeze-Thaw Dynamics and its impacts on ecosystem
Series Name
1
Release Date
10/04/2021
Release Place
Goa
Version
1
Online Resource
Scientist Details
Role
Principal Investigator
Name
Dr.  Indra Sekhar    Sen
e-mail
isen@iitk.ac.in
Phone
05126796440
Mobile Number
9198096479
Institute /
Organization
Indian Institute of Technology Kanpur
Address
Kalyanpur, Kanpur, Uttar Pradesh 208016
City
kanpur
State
Uttar Pradesh
Postal Code
208016
Country
India
Data Center
Short Name
NPDC
Long Name
National Polar Data Center, India
Mail Id
npdc@ncpor.res.in
Phone No
+91 - 832-2525515
Address
Headland Sada
City
Vasco-Da-Gama
State
Goa
Pin Code
403804
Country
India
Instrument Details
Short name
-
Long name
-
Location
Category
Region
Type
Arctic
Subregion
Ny-Alesund
Platform
Short name
-
Long name
-
Data
					Set Progress
Complete
close
save as pdf
If XML not opening,
Click Here!
If download not started,
Click Here!
Search
Quick Links
Contact Us
Data Policy & Guidelines
User Manual
Polar Directory
Data Submission
Common Project Proposal Form
Submit a New Data
For scholars
Dataset by Science Keywords
Dataset by Location
Observation Dataset
Quantarctica
Data Portal
Synoptic Data
Useful Links
Python
Ferret visualization
and analysis Tool
The R Project
© National Centre for Polar and Ocean Research
						(NCPOR), Ministry of Earth Sciences (MoES), Government of India"
Atmosphere,Aerosols,Role of long-range transported aerosols on earth,https://npdc.ncpor.res.in/npdc/search_mf_data.action?search=title&expedition_type=Antarctic&parameter=MF1230666191&userType=user&parameter1=Aerosols,"META DATA SEARCH
Home
About
Data
Search For Datasets »
Browse by Keyword
Browse by Location
Data Availability
SOE : Scientific Voyage Details
Other Datasets »
Weather and Environment
Search AWS & Meteorological Datasets
Sagar Kanya Cruise Report
Surface Data at Maitri & Gangotri
Synoptic Data From Bharti Station (2016-21)
Submit Your Data »
New Datasets
Last Submitted Datasets
Other Data Links
Important links »
Polar View
NCMRWF - Southern Ocean
NCMRWF - Sea-ice Arctic
NCMRWF - Sea-ice Antarctic
Polar Directory
Search by Data Types
Free Text
Sign
					In
User Manual
Brief Record
Full Record
View XML
Export PDF
Get Data
Title
Role of long-range transported aerosols on earth
Abstract
In this proposed project, the continuous real-time observation of aerosol optical and physical properties are going to be monitored during summer-time at Bharati in Antarctica because during this period, aerosols are transported from South America and Australia. The main aim of this project is to find out these long-range transported absorbing aerosols like BC and dust in Antarctica and their radiative effects over bright snow surface. Finally, the perturbation of Earth's radiation budget due to aerosols and their radiative heating rate over Antarctica and their cause will be investigated
Purpose
Quantification of aerosol induced perturbation of Earth's radiation budget over Antarctica during summer using in-situ observation of optico-physical and chemical properties of aerosols.Estimation of vertical distribution of aerosol heating rate and its contribution towards air temperature in summer at Antarctica using optical properties of aerosols.Simulation of radiative heating caused by transported anthropogenic (BC) and natural (desert dust) aerosols and identification of source regions of dust aerosols from isotopic analysis (Sr and Nd)
Basic Information
Release Date
:    25/02/2021
Originating Center
:
Data Set Progress
:    Complete
Data Set Language
:
ISO Topic Categories
Category
:   Atmosphere
Topic
:   Aerosols
ISO Topic
:   Atmosphere
Personnel
Role
:   Principal Investigator
Name
:   Dr. Sanat Kumar    Das
e-mail
:   ictd@ncpor.res.in
Organisation
:   Bose Institute
Title
Role of long-range transported aerosols on earth
Science Keywords
Category
Atmosphere
Topic
Aerosols
ISO Topic
Atmosphere
Expedition Year
2016-2017
Project Details
Project Number
MAS-11
Project Name
Role of long-range transported aerosols on earth
Summary
Abstract
In this proposed project, the continuous real-time observation of aerosol optical and physical properties are going to be monitored during summer-time at Bharati in Antarctica because during this period, aerosols are transported from South America and Australia. The main aim of this project is to find out these long-range transported absorbing aerosols like BC and dust in Antarctica and their radiative effects over bright snow surface. Finally, the perturbation of Earth's radiation budget due to aerosols and their radiative heating rate over Antarctica and their cause will be investigated
Purpose
Quantification of aerosol induced perturbation of Earth's radiation budget over Antarctica during summer using in-situ observation of optico-physical and chemical properties of aerosols.Estimation of vertical distribution of aerosol heating rate and its contribution towards air temperature in summer at Antarctica using optical properties of aerosols.Simulation of radiative heating caused by transported anthropogenic (BC) and natural (desert dust) aerosols and identification of source regions of dust aerosols from isotopic analysis (Sr and Nd)
Dataset Citation
Creator
Sanat Kumar Das
Editor
Sanat Kumar Das
Dataset Title
Role of long-range transported aerosols on earth
Series Name
1
Release Date
25/02/2021
Release Place
Goa
Version
1
Online Resource
http://data.ncpor.res.in/static/datasets/Antarctica_Raw_Data_bose_inst.zip
Scientist Details
Role
Principal Investigator
Name
Dr. Sanat Kumar    Das
e-mail
ictd@ncpor.res.in
Phone
03325693131
Mobile Number
03325693131
Institute /
Organization
Bose Institute
Address
Center for Astroparticle Physics and Space Sciences (CAPSS), Bose Institute, EN Block, Sector V, Salt Lake, Kolkata-700091, West Bengal
City
Kolkata
State
West Bengal
Postal Code
700091
Country
India
Data Center
Short Name
NPDC
Long Name
National Polar Data Center, India
Mail Id
npdc@ncpor.res.in
Phone No
+91 - 832-2525515
Address
Headland Sada
City
Vasco-Da-Gama
State
Goa
Pin Code
403804
Country
India
Instrument Details
Short name
-
Long name
-
Location
Category
Region
Type
Antarctic
Subregion
Bharati
Platform
Short name
-
Long name
-
Data
					Set Progress
Complete
close
save as pdf
If XML not opening,
Click Here!
If download not started,
Click Here!
Search
Quick Links
Contact Us
Data Policy & Guidelines
User Manual
Polar Directory
Data Submission
Common Project Proposal Form
Submit a New Data
For scholars
Dataset by Science Keywords
Dataset by Location
Observation Dataset
Quantarctica
Data Portal
Synoptic Data
Useful Links
Python
Ferret visualization
and analysis Tool
The R Project
© National Centre for Polar and Ocean Research
						(NCPOR), Ministry of Earth Sciences (MoES), Government of India"
Atmosphere,Aerosols,Study of Metrology and Atmospheric Aerosols,https://npdc.ncpor.res.in/npdc/search_mf_data.action?search=title&expedition_type=Antarctic&parameter=MF1247982761&userType=user&parameter1=Aerosols,"META DATA SEARCH
Home
About
Data
Search For Datasets »
Browse by Keyword
Browse by Location
Data Availability
SOE : Scientific Voyage Details
Other Datasets »
Weather and Environment
Search AWS & Meteorological Datasets
Sagar Kanya Cruise Report
Surface Data at Maitri & Gangotri
Synoptic Data From Bharti Station (2016-21)
Submit Your Data »
New Datasets
Last Submitted Datasets
Other Data Links
Important links »
Polar View
NCMRWF - Southern Ocean
NCMRWF - Sea-ice Arctic
NCMRWF - Sea-ice Antarctic
Polar Directory
Search by Data Types
Free Text
Sign
					In
User Manual
Brief Record
Full Record
View XML
Export PDF
Get Data
Title
Study of Metrology and Atmospheric Aerosols
Abstract
The variations in concentrations and composition of the most important natural aerosol systems at the global level, the marine aerosols, strongly influencesthe local climate and to some extent regional climate as well. The aerosols can be classified into in-situ produced and the long-range transported aerosols. Studying the associated transport mechanisms, it?s known that the long range transported aerosols have potential impacts even on a global scale. Aerosols have significant impact on radiation budget, act as cloud condensation nuclei, increase cloud albedo and reduce precipitation by decreasing the effective cloud droplet size. Knowledge of aerosol properties is essential in atmospheric correction procedures in satellite remote sensing of earth?s surface.
Purpose
1.To study spatial and temporal variability of Black Carbon (BC) mass concentration and size fraction of composite aerosols over southern ocean atmospheric domain.2.To understand local meteorology and long range transport of atmospheric aerosols.3.Optical characterization of aerosols by analysing spectral variation of the columnar AOD, estimation of aerosol size spectrum (&#945;) and atmospheric turbidity (&#946;) parameter through ship based and satellite observations and its validation. 4.To determine the chemical composition of aerosol samples collected over different locations.5.To understand thermodynamic and stability structure within troposphere through vertical profiles of meteorological parameters over southern ocean.6.To estimate Direct Aerosol Radiative Forcing and heating rate over the southern ocean for climate studies.
Basic Information
Release Date
:    19/11/2020
Originating Center
:
Data Set Progress
:    Complete
Data Set Language
:
ISO Topic Categories
Category
:   Atmosphere
Topic
:   Aerosols
ISO Topic
:   Atmosphere
Personnel
Role
:   Principal Investigator
Name
:   Prof. Harilal B   Menon
e-mail
:   ictd@ncpor.res.in
Organisation
:   Goa University
Title
Study of Metrology and Atmospheric Aerosols
Science Keywords
Category
Atmosphere
Topic
Aerosols
ISO Topic
Atmosphere
Expedition Year
2017-2018
Project Details
Project Number
SOE/10/5.14
Project Name
Study of Metrology and Atmospheric Aerosols
Summary
Abstract
The variations in concentrations and composition of the most important natural aerosol systems at the global level, the marine aerosols, strongly influencesthe local climate and to some extent regional climate as well. The aerosols can be classified into in-situ produced and the long-range transported aerosols. Studying the associated transport mechanisms, it?s known that the long range transported aerosols have potential impacts even on a global scale. Aerosols have significant impact on radiation budget, act as cloud condensation nuclei, increase cloud albedo and reduce precipitation by decreasing the effective cloud droplet size. Knowledge of aerosol properties is essential in atmospheric correction procedures in satellite remote sensing of earth?s surface.
Purpose
1.To study spatial and temporal variability of Black Carbon (BC) mass concentration and size fraction of composite aerosols over southern ocean atmospheric domain.2.To understand local meteorology and long range transport of atmospheric aerosols.3.Optical characterization of aerosols by analysing spectral variation of the columnar AOD, estimation of aerosol size spectrum (&#945;) and atmospheric turbidity (&#946;) parameter through ship based and satellite observations and its validation. 4.To determine the chemical composition of aerosol samples collected over different locations.5.To understand thermodynamic and stability structure within troposphere through vertical profiles of meteorological parameters over southern ocean.6.To estimate Direct Aerosol Radiative Forcing and heating rate over the southern ocean for climate studies.
Dataset Citation
Creator
Prof Harilal B Menon
Editor
Prof Harilal B Menon
Dataset Title
Study of Metrology and Atmospheric Aerosols
Series Name
1
Release Date
19/11/2020
Release Place
Goa
Version
1
Online Resource
https://npdc.ncpor.res.in/npdc/voyagedatadownload.jsp?filename=reg-00004_Scientific_report_SOE%2010%20%20cruise%20reprt.pdf
Scientist Details
Role
Principal Investigator
Name
Prof. Harilal B   Menon
e-mail
ictd@ncpor.res.in
Phone
8322525515
Mobile Number
8322525515
Institute /
Organization
Goa University
Address
Dept of Marine Sciences, Goa University, Pin 403 206, Goa, India.
City
Panjim
State
Goa
Postal Code
403206
Country
India
Data Center
Short Name
NPDC
Long Name
National Polar Data Center, India
Mail Id
npdc@ncpor.res.in
Phone No
+91 - 832-2525515
Address
Headland Sada
City
Vasco-Da-Gama
State
Goa
Pin Code
403804
Country
India
Instrument Details
Short name
Microtops IISun photometer, AethalometerAE-42, Air particle analyser10-stage (QCM) cascade Imapctor, Dr.Pisharoty sonde and Automatic weather station.
Long name
Microtops IISun photometer, AethalometerAE-42, Air particle analyser10-stage (QCM) cascade Imapctor, Dr.Pisharoty sonde and Automatic weather station.
Location
Category
Region
Type
Southern Ocean
Subregion
Indian Ocean Sector
Platform
Short name
-
Long name
-
Data
					Set Progress
Complete
close
save as pdf
If XML not opening,
Click Here!
If download not started,
Click Here!
Search
Quick Links
Contact Us
Data Policy & Guidelines
User Manual
Polar Directory
Data Submission
Common Project Proposal Form
Submit a New Data
For scholars
Dataset by Science Keywords
Dataset by Location
Observation Dataset
Quantarctica
Data Portal
Synoptic Data
Useful Links
Python
Ferret visualization
and analysis Tool
The R Project
© National Centre for Polar and Ocean Research
						(NCPOR), Ministry of Earth Sciences (MoES), Government of India"
Atmosphere,Aerosols,Aerosol radiation forcing over the Antarctica region: impact of transported BC and dust aerosol and its morphology and mineralogical content,https://npdc.ncpor.res.in/npdc/search_mf_data.action?search=title&expedition_type=Antarctic&parameter=MF1320263485&userType=user&parameter1=Aerosols,"META DATA SEARCH
Home
About
Data
Search For Datasets »
Browse by Keyword
Browse by Location
Data Availability
SOE : Scientific Voyage Details
Other Datasets »
Weather and Environment
Search AWS & Meteorological Datasets
Sagar Kanya Cruise Report
Surface Data at Maitri & Gangotri
Synoptic Data From Bharti Station (2016-21)
Submit Your Data »
New Datasets
Last Submitted Datasets
Other Data Links
Important links »
Polar View
NCMRWF - Southern Ocean
NCMRWF - Sea-ice Arctic
NCMRWF - Sea-ice Antarctic
Polar Directory
Search by Data Types
Free Text
Sign
					In
User Manual
Brief Record
Full Record
View XML
Export PDF
Get Data
Title
Aerosol radiation forcing over the Antarctica region: impact of transported BC and dust aerosol and its morphology and mineralogical content
Abstract
The aerosol radiative forcing at Antarctica is mainly affected mainly due to the transported dust, Black carbon and its local sea salt aerosols. The aerosol morphology and mineralogy can also affect the radiative property of the aerosols. So to study the aerosol forcing it is important to have the data for aerosol optical depth (AOD), scattering and absorption properties of aerosols, radiation, and Black Carbon (BC) concentration as well as the morphological and mineralogical information of the aerosols. The Antarctic atmosphere and its constituents, particularly the aerosols and the BC in the atmosphere is currently gaining interest amongst the scientific community. Although polar regions are not the source of anthropogenic aerosols the presence of aerosols including the Black carbon (BC) has already been reported over the polar regions. These aerosol particles from anthropogenic and bio-mass burning sources transported to polar regions may cause direct warming of the lower tropospher
Purpose
To characterize the physical & chemical properties of atmospheric aerosol particles from the pristine environment of Antarctica. Estimation of aerosol radiative forcing using Aerosol Optical Depth, Radiation Flux in the UV and Broad Band and measurements of Absorbing aerosol (BC).  Assess the impact of aerosols and its morphology and mineralogical content on radiation budget of Polar Regions
To characterize the physical & chemical properties of atmospheric aerosol particles from the pristine environment of Antarctica. Estimation of aerosol radiative forcing using Aerosol Optical Depth, Radiation Flux in the UV and Broad Band and measurements of Absorbing aerosol (BC).  Assess the impact of aerosols and its morphology and mineralogical content on radiation budget of Polar Regions
Basic Information
Release Date
:    23/02/2021
Originating Center
:
Data Set Progress
:    Complete
Data Set Language
:
ISO Topic Categories
Category
:   Atmosphere
Topic
:   Aerosols
ISO Topic
:   Atmosphere
Personnel
Role
:   Principal Investigator
Name
:   Dr. Sachchidanand    Singh
e-mail
:   ictd@ncpor.res.in
Organisation
:   National Physical Laboratory (NPL)
Title
Aerosol radiation forcing over the Antarctica region: impact of transported BC and dust aerosol and its morphology and mineralogical content
Science Keywords
Category
Atmosphere
Topic
Aerosols
ISO Topic
Atmosphere
Expedition Year
2015-2016
Project Details
Project Number
AM-3
Project Name
Aerosol radiation forcing over the Antarctica region: impact of transported BC and dust aerosol and its morphology and mineralogical content
Summary
Abstract
The aerosol radiative forcing at Antarctica is mainly affected mainly due to the transported dust, Black carbon and its local sea salt aerosols. The aerosol morphology and mineralogy can also affect the radiative property of the aerosols. So to study the aerosol forcing it is important to have the data for aerosol optical depth (AOD), scattering and absorption properties of aerosols, radiation, and Black Carbon (BC) concentration as well as the morphological and mineralogical information of the aerosols. The Antarctic atmosphere and its constituents, particularly the aerosols and the BC in the atmosphere is currently gaining interest amongst the scientific community. Although polar regions are not the source of anthropogenic aerosols the presence of aerosols including the Black carbon (BC) has already been reported over the polar regions. These aerosol particles from anthropogenic and bio-mass burning sources transported to polar regions may cause direct warming of the lower tropospher
Purpose
To characterize the physical & chemical properties of atmospheric aerosol particles from the pristine environment of Antarctica. Estimation of aerosol radiative forcing using Aerosol Optical Depth, Radiation Flux in the UV and Broad Band and measurements of Absorbing aerosol (BC).  Assess the impact of aerosols and its morphology and mineralogical content on radiation budget of Polar Regions
To characterize the physical & chemical properties of atmospheric aerosol particles from the pristine environment of Antarctica. Estimation of aerosol radiative forcing using Aerosol Optical Depth, Radiation Flux in the UV and Broad Band and measurements of Absorbing aerosol (BC).  Assess the impact of aerosols and its morphology and mineralogical content on radiation budget of Polar Regions
Dataset Citation
Creator
Sachchidanand Singh
Editor
Sachchidanand Singh
Dataset Title
Aerosol radiation forcing over the Antarctica region: impact of transported BC and dust aerosol and its morphology and mineralogical content
Series Name
1
Release Date
23/02/2021
Release Place
Goa
Version
1
Online Resource
http://data.ncpor.res.in/static/datasets/m_npl_id.txt
Scientist Details
Role
Principal Investigator
Name
Dr. Sachchidanand    Singh
e-mail
ictd@ncpor.res.in
Phone
911145608243
Mobile Number
911145608243
Institute /
Organization
National Physical Laboratory (NPL)
Address
Radio & Atmospheric Sciences Division National Physical Laboratory,Dr. K S Krishnan Marg,New Delhi-110012.
City
NEW Delhi
State
Delhi
Postal Code
110012
Country
India
Data Center
Short Name
NPDC
Long Name
National Polar Data Center, India
Mail Id
npdc@ncpor.res.in
Phone No
+91 - 832-2525515
Address
Headland Sada
City
Vasco-Da-Gama
State
Goa
Pin Code
403804
Country
India
Instrument Details
Short name
-
Long name
-
Location
Category
Region
Type
Antarctic
Subregion
Maitri
Platform
Short name
-
Long name
-
Data
					Set Progress
Complete
close
save as pdf
If XML not opening,
Click Here!
If download not started,
Click Here!
Search
Quick Links
Contact Us
Data Policy & Guidelines
User Manual
Polar Directory
Data Submission
Common Project Proposal Form
Submit a New Data
For scholars
Dataset by Science Keywords
Dataset by Location
Observation Dataset
Quantarctica
Data Portal
Synoptic Data
Useful Links
Python
Ferret visualization
and analysis Tool
The R Project
© National Centre for Polar and Ocean Research
						(NCPOR), Ministry of Earth Sciences (MoES), Government of India"
Atmosphere,Aerosols,Aerosol,https://npdc.ncpor.res.in/npdc/search_mf_data.action?search=title&expedition_type=Antarctic&parameter=MF-1374843428&userType=user&parameter1=Aerosols,"META DATA SEARCH
Home
About
Data
Search For Datasets »
Browse by Keyword
Browse by Location
Data Availability
SOE : Scientific Voyage Details
Other Datasets »
Weather and Environment
Search AWS & Meteorological Datasets
Sagar Kanya Cruise Report
Surface Data at Maitri & Gangotri
Synoptic Data From Bharti Station (2016-21)
Submit Your Data »
New Datasets
Last Submitted Datasets
Other Data Links
Important links »
Polar View
NCMRWF - Southern Ocean
NCMRWF - Sea-ice Arctic
NCMRWF - Sea-ice Antarctic
Polar Directory
Search by Data Types
Free Text
Sign
					In
User Manual
Brief Record
Full Record
View XML
Export PDF
Get Data
Title
Measurement of Aerosol Particles along a Section from 8 N Latitude to Antarctica in the South western Region of the Indian Ocean
Abstract
Measurements of aerosol particles along a transect in the southwestern Indian Ocean showed a gradual decrease of the particles towards Antarctica. The concentrations varied from 65.3 ? 1.9 &#956;g/m3 at 8?37'N latitude to 0 in Antarctica. Peaks were recorded at places where the air coming from other continents seemed to influence the atmosphere. The observed peak in the zone of antarctic convergence may be due to the effect of the flow of surface air from the Antarctica towards the equator. Katabatic wind isprobably the cause of another peak observed near the Antarctic continent. An inverse relation has been found between the wind speed and aerosol content which is presumably due to ""scrubbing effect"" and dispersion.
Purpose
The most significant source for the transport of particles and other material to the Southern Ocean and to Antarctica is by the atmosphere. However, the effect of the continental air in these regions can hardly be felt in areas beyond 60?S. This is because the air can be expected to be continuously 'scrubbed' asa result of its long residence time during its transport. Also aerosol particles can be lost due to the ormation of condensation nuclei in the clouds.
Basic Information
Release Date
:    18/08/2020
Originating Center
:
Data Set Progress
:    Complete
Data Set Language
:
ISO Topic Categories
Category
:   Atmosphere
Topic
:   Aerosols
ISO Topic
:   Atmosphere
Personnel
Role
:   Scientist
Name
:   Dr. R   Sen Gupta
e-mail
:   vssamy@ncaor.gov.in
Organisation
:   National Institute Of Oceanography (NIO)
Title
Measurement of Aerosol Particles along a Section from 8 N Latitude to Antarctica in the South western Region of the Indian Ocean
Science Keywords
Category
Atmosphere
Topic
Aerosols
ISO Topic
Atmosphere
Expedition Year
1981-1982
Project Details
Project Number
7
Project Name
Measurement of Aerosol Particles along a Section from 8?N Latitude to Antarctica in the South western Region of the Indian Ocean
Summary
Abstract
Measurements of aerosol particles along a transect in the southwestern Indian Ocean showed a gradual decrease of the particles towards Antarctica. The concentrations varied from 65.3 ? 1.9 &#956;g/m3 at 8?37'N latitude to 0 in Antarctica. Peaks were recorded at places where the air coming from other continents seemed to influence the atmosphere. The observed peak in the zone of antarctic convergence may be due to the effect of the flow of surface air from the Antarctica towards the equator. Katabatic wind isprobably the cause of another peak observed near the Antarctic continent. An inverse relation has been found between the wind speed and aerosol content which is presumably due to ""scrubbing effect"" and dispersion.
Purpose
The most significant source for the transport of particles and other material to the Southern Ocean and to Antarctica is by the atmosphere. However, the effect of the continental air in these regions can hardly be felt in areas beyond 60?S. This is because the air can be expected to be continuously 'scrubbed' asa result of its long residence time during its transport. Also aerosol particles can be lost due to the ormation of condensation nuclei in the clouds.
Dataset Citation
Creator
R  Sen  Gupta
Editor
R  Sen  Gupta
Dataset Title
Aerosol
Series Name
1
Release Date
18/08/2020
Release Place
Goa
Version
1
Online Resource
http://14.139.119.23:8080/dspace/bitstream/123456789/140/3/ARTICLE+10.pdf
Scientist Details
Role
Scientist
Name
Dr. R   Sen Gupta
e-mail
vssamy@ncaor.gov.in
Phone
8322525515
Mobile Number
8322525515
Institute /
Organization
National Institute Of Oceanography (NIO)
Address
CSIR - National Institute of Oceanography Dona Paula - 403 004, Goa, India
City
Panjim
State
Goa
Postal Code
403004
Country
India
Data Center
Short Name
NPDC
Long Name
National Polar Data Center, India
Mail Id
npdc@ncpor.res.in
Phone No
+91 - 832-2525515
Address
Headland Sada
City
Vasco-Da-Gama
State
Goa
Pin Code
403804
Country
India
Instrument Details
Short name
-
Long name
-
Location
Category
Region
Type
Antarctic
Subregion
Dakshin Gangotri
Platform
Short name
-
Long name
-
Data
					Set Progress
Complete
close
save as pdf
If XML not opening,
Click Here!
If download not started,
Click Here!
Search
Quick Links
Contact Us
Data Policy & Guidelines
User Manual
Polar Directory
Data Submission
Common Project Proposal Form
Submit a New Data
For scholars
Dataset by Science Keywords
Dataset by Location
Observation Dataset
Quantarctica
Data Portal
Synoptic Data
Useful Links
Python
Ferret visualization
and analysis Tool
The R Project
© National Centre for Polar and Ocean Research
						(NCPOR), Ministry of Earth Sciences (MoES), Government of India"
Atmosphere,Aerosols,Measure of Aerosol properties and radiation to understand its effect on radiation forcing over Antarctica.,https://npdc.ncpor.res.in/npdc/search_mf_data.action?search=title&expedition_type=Antarctic&parameter=MF-1502717976&userType=user&parameter1=Aerosols,"META DATA SEARCH
Home
About
Data
Search For Datasets »
Browse by Keyword
Browse by Location
Data Availability
SOE : Scientific Voyage Details
Other Datasets »
Weather and Environment
Search AWS & Meteorological Datasets
Sagar Kanya Cruise Report
Surface Data at Maitri & Gangotri
Synoptic Data From Bharti Station (2016-21)
Submit Your Data »
New Datasets
Last Submitted Datasets
Other Data Links
Important links »
Polar View
NCMRWF - Southern Ocean
NCMRWF - Sea-ice Arctic
NCMRWF - Sea-ice Antarctic
Polar Directory
Search by Data Types
Free Text
Sign
					In
User Manual
Brief Record
Full Record
View XML
Export PDF
Get Data
Title
Measure of Aerosol properties and radiation to understand its effect on radiation forcing over Antarctica.
Abstract
The Antarctic atmosphere and its constituents, particularly the aerosols and the Black Carbon in the atmosphere is currently gaining interest among  the scientific community. The present knowledge and the data sets both are limited as far as the aerosol-radiation interaction of the region is concerned. Aerosols (including BC) are known to affect the radiation balance of any region. Although Polar Regions are not the source of anthropogenic aerosols the presence of aerosols including BC has already been reported over the polar regions. These aerosol particles from anthropogenic and bio-mass burning sources transported to polar regions may cause direct warming of the lower troposphere by absorption of radiation and IR emission. The soot particles of the aerosol deposited over the snow increases the surface Albedo and may contribute to an increase in snow melting.
Purpose
Data collection for Aerosol Optical Depth, Radiation Flux in the UV and Broad Band and Absorbing aerosol (BC). Analysis of Data and Model calculation for Aerosol Radioactive properties including Forcing. Assess the impact of aerosols on radiation budget of Polar Regions.
Basic Information
Release Date
:    18/02/2021
Originating Center
:
Data Set Progress
:    Complete
Data Set Language
:
ISO Topic Categories
Category
:   Atmosphere
Topic
:   Aerosols
ISO Topic
:   Atmosphere
Personnel
Role
:   Principal Investigator
Name
:   Dr. Sachidanand    Singh
e-mail
:   ictd@ncpor.res.in
Organisation
:   National Physical Laboratory (NPL)
Title
Measure of Aerosol properties and radiation to understand its effect on radiation forcing over Antarctica.
Science Keywords
Category
Atmosphere
Topic
Aerosols
ISO Topic
Atmosphere
Expedition Year
2012-2013
Project Details
Project Number
AMC-4
Project Name
Measure of Aerosol properties and radiation to understand its effect on radiation forcing over Antarctica.
Summary
Abstract
The Antarctic atmosphere and its constituents, particularly the aerosols and the Black Carbon in the atmosphere is currently gaining interest among  the scientific community. The present knowledge and the data sets both are limited as far as the aerosol-radiation interaction of the region is concerned. Aerosols (including BC) are known to affect the radiation balance of any region. Although Polar Regions are not the source of anthropogenic aerosols the presence of aerosols including BC has already been reported over the polar regions. These aerosol particles from anthropogenic and bio-mass burning sources transported to polar regions may cause direct warming of the lower troposphere by absorption of radiation and IR emission. The soot particles of the aerosol deposited over the snow increases the surface Albedo and may contribute to an increase in snow melting.
Purpose
Data collection for Aerosol Optical Depth, Radiation Flux in the UV and Broad Band and Absorbing aerosol (BC). Analysis of Data and Model calculation for Aerosol Radioactive properties including Forcing. Assess the impact of aerosols on radiation budget of Polar Regions.
Dataset Citation
Creator
Sachidanand Singh
Editor
Sachidanand Singh
Dataset Title
Measure of Aerosol properties and radiation to understand its effect on radiation forcing over Antarctica.
Series Name
1
Release Date
18/02/2021
Release Place
Goa
Version
1
Online Resource
http://data.ncpor.res.in/static/datasets/m_npl_id.txt
Scientist Details
Role
Principal Investigator
Name
Dr. Sachidanand    Singh
e-mail
ictd@ncpor.res.in
Phone
01145608241
Mobile Number
01145608241
Institute /
Organization
National Physical Laboratory (NPL)
Address
Dr. K. S. Krishnan Marg, New Delhi-110012 India
City
New Delhi
State
Delhi
Postal Code
110012
Country
India
Data Center
Short Name
NPDC
Long Name
National Polar Data Center, India
Mail Id
npdc@ncpor.res.in
Phone No
+91 - 832-2525515
Address
Headland Sada
City
Vasco-Da-Gama
State
Goa
Pin Code
403804
Country
India
Instrument Details
Short name
-
Long name
-
Location
Category
Region
Type
Antarctic
Subregion
Maitri
Platform
Short name
-
Long name
-
Data
					Set Progress
Complete
close
save as pdf
If XML not opening,
Click Here!
If download not started,
Click Here!
Search
Quick Links
Contact Us
Data Policy & Guidelines
User Manual
Polar Directory
Data Submission
Common Project Proposal Form
Submit a New Data
For scholars
Dataset by Science Keywords
Dataset by Location
Observation Dataset
Quantarctica
Data Portal
Synoptic Data
Useful Links
Python
Ferret visualization
and analysis Tool
The R Project
© National Centre for Polar and Ocean Research
						(NCPOR), Ministry of Earth Sciences (MoES), Government of India"
Atmosphere,Aerosols,Characterization of Polar Aerosols Source processes and climate impacts.,https://npdc.ncpor.res.in/npdc/search_mf_data.action?search=title&expedition_type=Antarctic&parameter=MF-1521993989&userType=user&parameter1=Aerosols,"META DATA SEARCH
Home
About
Data
Search For Datasets »
Browse by Keyword
Browse by Location
Data Availability
SOE : Scientific Voyage Details
Other Datasets »
Weather and Environment
Search AWS & Meteorological Datasets
Sagar Kanya Cruise Report
Surface Data at Maitri & Gangotri
Synoptic Data From Bharti Station (2016-21)
Submit Your Data »
New Datasets
Last Submitted Datasets
Other Data Links
Important links »
Polar View
NCMRWF - Southern Ocean
NCMRWF - Sea-ice Arctic
NCMRWF - Sea-ice Antarctic
Polar Directory
Search by Data Types
Free Text
Sign
					In
User Manual
Brief Record
Full Record
View XML
Export PDF
Data pending
Title
Characterization of Polar Aerosols Source processes and climate impacts.
Abstract
The Arctic is a particularly sensitive region to global climate change. In this context, there is an increased need in understanding the role of atmospheric aerosols in changing the snow Albedo, phenomenon like ?Arctic haze? and ?thinning of Arctic Sea? and perturbation to the radiation balance in the Arctic region. A more realistic evaluation of these changes is possible when long term measurements are made available from remote Arctic locations. It is important to note that while air pollution in most heavily populated areas of the world comes predominantly from local and regional emissions, pollution in the remote Arctic is primarily a result of long-range transport from source regions outside the Arctic.The strong anthropogenic influence over the Arctic Region is primarily due to the position of the Arctic polar front and presence of human population in Europe, North America and North Asia located north of polar front. In addition, the feedback and coupling between the Arctic.
Purpose
The Arctic is a particularly sensitive region to global climate change. In this context, there is an increased need in understanding the role of atmospheric aerosols in changing the snow Albedo, phenomenon like ?Arctic haze? and ?thinning of Arctic Sea? and perturbation to the radiation balance in the Arctic region. A more realistic evaluation of these changes is possible when long term measurements are made available from remote Arctic locations. It is important to note that while air pollution in most heavily populated areas of the world comes predominantly from local and regional emissions, pollution in the remote Arctic is primarily a result of long-range transport from source regions outside the Arctic.The strong anthropogenic influence over the Arctic Region is primarily due to the position of the Arctic polar front and presence of human population in Europe, North America and North Asia located north of polar front. In addition, the feedback and coupling between the Arctic.
Basic Information
Release Date
:    1/04/2021
Originating Center
:
Data Set Progress
:    Complete
Data Set Language
:
ISO Topic Categories
Category
:   Atmosphere
Topic
:   Aerosols
ISO Topic
:   Climatology/Meteorology/Atmosphere
Personnel
Role
:   Principal Investigator
Name
:   Dr. Mukunda M    Gogoi
e-mail
:   dr_mukunda@vssc.gov.in
Organisation
:   Space Physics Laboratory (SPL)
Title
Characterization of Polar Aerosols Source processes and climate impacts.
Science Keywords
Category
Atmosphere
Topic
Aerosols
ISO Topic
Climatology/Meteorology/Atmosphere
Expedition Year
2016-2017
Project Details
Project Number
10311
Project Name
Characterization of Polar Aerosols Source processes and climate impacts.
Summary
Abstract
The Arctic is a particularly sensitive region to global climate change. In this context, there is an increased need in understanding the role of atmospheric aerosols in changing the snow Albedo, phenomenon like ?Arctic haze? and ?thinning of Arctic Sea? and perturbation to the radiation balance in the Arctic region. A more realistic evaluation of these changes is possible when long term measurements are made available from remote Arctic locations. It is important to note that while air pollution in most heavily populated areas of the world comes predominantly from local and regional emissions, pollution in the remote Arctic is primarily a result of long-range transport from source regions outside the Arctic.The strong anthropogenic influence over the Arctic Region is primarily due to the position of the Arctic polar front and presence of human population in Europe, North America and North Asia located north of polar front. In addition, the feedback and coupling between the Arctic.
Purpose
The Arctic is a particularly sensitive region to global climate change. In this context, there is an increased need in understanding the role of atmospheric aerosols in changing the snow Albedo, phenomenon like ?Arctic haze? and ?thinning of Arctic Sea? and perturbation to the radiation balance in the Arctic region. A more realistic evaluation of these changes is possible when long term measurements are made available from remote Arctic locations. It is important to note that while air pollution in most heavily populated areas of the world comes predominantly from local and regional emissions, pollution in the remote Arctic is primarily a result of long-range transport from source regions outside the Arctic.The strong anthropogenic influence over the Arctic Region is primarily due to the position of the Arctic polar front and presence of human population in Europe, North America and North Asia located north of polar front. In addition, the feedback and coupling between the Arctic.
Dataset Citation
Creator
Mukunda M Gogoi
Editor
Mukunda M Gogoi
Dataset Title
Characterization of Polar Aerosols Source processes and climate impacts.
Series Name
1
Release Date
1/04/2021
Release Place
Goa
Version
1
Online Resource
Scientist Details
Role
Principal Investigator
Name
Dr. Mukunda M    Gogoi
e-mail
dr_mukunda@vssc.gov.in
Phone
4712563365
Mobile Number
9995741145
Institute /
Organization
Space Physics Laboratory (SPL)
Address
VSSC, Veli, Thiruvananthapuram, Kerala 695021
City
Kochi
State
Kerala
Postal Code
695021
Country
India
Data Center
Short Name
NPDC
Long Name
National Polar Data Center, India
Mail Id
npdc@ncpor.res.in
Phone No
+91 - 832-2525515
Address
Headland Sada
City
Vasco-Da-Gama
State
Goa
Pin Code
403804
Country
India
Instrument Details
Short name
-
Long name
-
Location
Category
Region
Type
Arctic
Subregion
Ny-Alesund
Platform
Short name
-
Long name
-
Data
					Set Progress
Complete
close
save as pdf
If XML not opening,
Click Here!
If download not started,
Click Here!
Search
Quick Links
Contact Us
Data Policy & Guidelines
User Manual
Polar Directory
Data Submission
Common Project Proposal Form
Submit a New Data
For scholars
Dataset by Science Keywords
Dataset by Location
Observation Dataset
Quantarctica
Data Portal
Synoptic Data
Useful Links
Python
Ferret visualization
and analysis Tool
The R Project
© National Centre for Polar and Ocean Research
						(NCPOR), Ministry of Earth Sciences (MoES), Government of India"
Atmosphere,Aerosols,Aerosol Scattering Coefficients,https://npdc.ncpor.res.in/npdc/search_mf_data.action?search=title&expedition_type=Antarctic&parameter=MF-157694453&userType=user&parameter1=Aerosols,"META DATA SEARCH
Home
About
Data
Search For Datasets »
Browse by Keyword
Browse by Location
Data Availability
SOE : Scientific Voyage Details
Other Datasets »
Weather and Environment
Search AWS & Meteorological Datasets
Sagar Kanya Cruise Report
Surface Data at Maitri & Gangotri
Synoptic Data From Bharti Station (2016-21)
Submit Your Data »
New Datasets
Last Submitted Datasets
Other Data Links
Important links »
Polar View
NCMRWF - Southern Ocean
NCMRWF - Sea-ice Arctic
NCMRWF - Sea-ice Antarctic
Polar Directory
Search by Data Types
Free Text
Sign
					In
User Manual
Brief Record
Full Record
View XML
Export PDF
Get Data
Title
Aerosol Scattering COefficient
Abstract
Arctic amplification refers to the region's rapid warming relative to the global average, driven by feedback loops such as sea-ice loss and reduced albedo. Atmospheric aerosols significantly influence this process. To investigate, NCPOR?s POLAERNET utilizes instruments like aethalometers and high-volume samplers to collect long-term data on black carbon, trace elements, and isotopes.

These measurements quantify anthropogenic impacts and clarify how particles affect the Arctic climate. By integrating field data with regional climate models and satellite products, the study aims to enhance model predictions and elucidate primary formation pathways, ultimately improving our understanding of human-induced climate change in the Arctic.
Purpose
Aerosol scattering coefficients provide information on the scattering of radiation by aerosols. Aerosol scattering is utilized in radiative transfer models to estimate aerosol radiative forcing and radiative heating rates, thereby determining the climatic effects of aerosols.
Basic Information
Release Date
:    1/01/2027
Originating Center
:
Data Set Progress
:    In Work
Data Set Language
:
ISO Topic Categories
Category
:   Atmosphere
Topic
:   Aerosols
ISO Topic
:   Climatology/Meteorology/Atmosphere
Personnel
Role
:   Principal Investigator
Name
:   Dr. Rohit   Srivastava
e-mail
:   rohits@ncpor.res.in
Organisation
:   National Centre for Polar and Ocean Research (NCPOR)
Title
Aerosol Scattering COefficient
Science Keywords
Category
Atmosphere
Topic
Aerosols
ISO Topic
Climatology/Meteorology/Atmosphere
Expedition Year
2023-2024
Project Details
Project Number
NCPOR/ARC/2023-24/02
Project Name
Study of characteristics of atmospheric aerosols and their climatic implications over the Arctic
Summary
Abstract
Arctic amplification refers to the region's rapid warming relative to the global average, driven by feedback loops such as sea-ice loss and reduced albedo. Atmospheric aerosols significantly influence this process. To investigate, NCPOR?s POLAERNET utilizes instruments like aethalometers and high-volume samplers to collect long-term data on black carbon, trace elements, and isotopes.

These measurements quantify anthropogenic impacts and clarify how particles affect the Arctic climate. By integrating field data with regional climate models and satellite products, the study aims to enhance model predictions and elucidate primary formation pathways, ultimately improving our understanding of human-induced climate change in the Arctic.
Purpose
Aerosol scattering coefficients provide information on the scattering of radiation by aerosols. Aerosol scattering is utilized in radiative transfer models to estimate aerosol radiative forcing and radiative heating rates, thereby determining the climatic effects of aerosols.
Dataset Citation
Creator
Rohit Srivastava
Editor
Rohit Srivastava
Dataset Title
Aerosol Scattering Coefficients
Series Name
Aerosols
Release Date
1/01/2027
Release Place
Goa
Version
1
Online Resource
https://data.ncpor.res.in/static/datasets/MF-157694453_nephelometer_2023.txt.txt
Scientist Details
Role
Principal Investigator
Name
Dr. Rohit   Srivastava
e-mail
rohits@ncpor.res.in
Phone
08322525590
Mobile Number
9274584406
Institute /
Organization
National Centre for Polar and Ocean Research (NCPOR)
Address
Dr. Rohit Srivastava
Scientist E,
National Centre for Polar and Ocean Research (NCPOR), Ministry of Earth Sciences, Govt. of India, Vasco-da-Gama, Goa, India
City
Vasco-da-Gama, South Goa
State
Goa
Postal Code
403804
Country
India
Data Center
Short Name
NPDC
Long Name
National Polar Data Center, India
Mail Id
npdc@ncpor.res.in
Phone No
+91 - 832-2525515
Address
Headland Sada
City
Vasco-Da-Gama
State
Goa
Pin Code
403804
Country
India
Instrument Details
Short name
Nephelometer
Long name
Integrating Nephelometer
Location
Category
Region
Type
Arctic
Subregion
Ny-Alesund
Data Resolution
Latitude Resolution
78
o
54'   36""
Longitude Resolution
11
o
53'   24""
Horizontal Resolution Range
0
Vertical Resolution
0
Vertical Resolution Range
0
Temporal Resolution
1
Temporal Resolution Range
24
Platform
Short name
Gruvebadet
Long name
Gruvebadet Atmospheric Observatory
Data
					Set Progress
In Work
close
save as pdf
If XML not opening,
Click Here!
If download not started,
Click Here!
Search
Quick Links
Contact Us
Data Policy & Guidelines
User Manual
Polar Directory
Data Submission
Common Project Proposal Form
Submit a New Data
For scholars
Dataset by Science Keywords
Dataset by Location
Observation Dataset
Quantarctica
Data Portal
Synoptic Data
Useful Links
Python
Ferret visualization
and analysis Tool
The R Project
© National Centre for Polar and Ocean Research
						(NCPOR), Ministry of Earth Sciences (MoES), Government of India"
Atmosphere,Aerosols,Trace elemental variability in aerosols near the two Indian Antarctic research stations during austral summer.,https://npdc.ncpor.res.in/npdc/search_mf_data.action?search=title&expedition_type=Antarctic&parameter=MF-1680161851&userType=user&parameter1=Aerosols,"META DATA SEARCH
Home
About
Data
Search For Datasets »
Browse by Keyword
Browse by Location
Data Availability
SOE : Scientific Voyage Details
Other Datasets »
Weather and Environment
Search AWS & Meteorological Datasets
Sagar Kanya Cruise Report
Surface Data at Maitri & Gangotri
Synoptic Data From Bharti Station (2016-21)
Submit Your Data »
New Datasets
Last Submitted Datasets
Other Data Links
Important links »
Polar View
NCMRWF - Southern Ocean
NCMRWF - Sea-ice Arctic
NCMRWF - Sea-ice Antarctic
Polar Directory
Search by Data Types
Free Text
Sign
					In
User Manual
Brief Record
Full Record
View XML
Export PDF
Get Data
Title
Trace elemental variability in aerosols near the two Indian Antarctic research stations during austral summer.
Abstract
Sampling of aerosols was carried out at two East Antarctic sites during 20th January to 3rd February 2009 at Larsemann Hills (LH) and 23rd February - 7th March 2009 near Maitri station at Schirmarcher Oasis (SO), using a high volume sampler. The elemental concentration was analyzed through Ion Chromatography. Sea salt aerosol (Na) dominated the elements forming 90-92% of the total elemental mass concentration. Crustal aerosols were enriched with Sc and Co whereas Mo, Cd, Sb enrichment in aerosols indicated anthropogenic sources in both the study regions. Further, the Efc of Pb showed crustal source in Larsemann Hills but anthropogenic influence in aerosols near Maitri at Schirmarcher Oasis. During blizzards, the aerosols were found to be enriched with anthropogenic elements like Cd, Mo and Cu at both the sampling sites.
Purpose
This study not only draws a comparative analysis of aerosols at two east Antarctic sites but also provides the baseline data on aerosol trace elemental concentration before the third Indian Antarctic station, Bharati was commissioned at Larsemann hills.
Basic Information
Release Date
:    12/10/2020
Originating Center
:
Data Set Progress
:    Complete
Data Set Language
:
ISO Topic Categories
Category
:   Atmosphere
Topic
:   Aerosols
ISO Topic
:   Atmosphere
Personnel
Role
:   Principal Investigator
Name
:   Dr. Roseline  C Thakur
e-mail
:   ictd@ncpor.res.in
Organisation
:   National Centre for Polar and Ocean Research (NCPOR)
Title
Trace elemental variability in aerosols near the two Indian Antarctic research stations during austral summer.
Science Keywords
Category
Atmosphere
Topic
Aerosols
ISO Topic
Atmosphere
Expedition Year
2009-2010
Project Details
Project Number
1
Project Name
Trace elemental variability in aerosols near the two Indian Antarctic research stations during austral summer.
Summary
Abstract
Sampling of aerosols was carried out at two East Antarctic sites during 20th January to 3rd February 2009 at Larsemann Hills (LH) and 23rd February - 7th March 2009 near Maitri station at Schirmarcher Oasis (SO), using a high volume sampler. The elemental concentration was analyzed through Ion Chromatography. Sea salt aerosol (Na) dominated the elements forming 90-92% of the total elemental mass concentration. Crustal aerosols were enriched with Sc and Co whereas Mo, Cd, Sb enrichment in aerosols indicated anthropogenic sources in both the study regions. Further, the Efc of Pb showed crustal source in Larsemann Hills but anthropogenic influence in aerosols near Maitri at Schirmarcher Oasis. During blizzards, the aerosols were found to be enriched with anthropogenic elements like Cd, Mo and Cu at both the sampling sites.
Purpose
This study not only draws a comparative analysis of aerosols at two east Antarctic sites but also provides the baseline data on aerosol trace elemental concentration before the third Indian Antarctic station, Bharati was commissioned at Larsemann hills.
Dataset Citation
Creator
Roseline C Thakur
Editor
Roseline C Thakur
Dataset Title
Trace elemental variability in aerosols near the two Indian Antarctic research stations during austral summer.
Series Name
1
Release Date
12/10/2020
Release Place
Goa
Version
1
Online Resource
http://14.139.119.23:8080/dspace/bitstream/123456789/1120/1/Chapter+6.pdf
Scientist Details
Role
Principal Investigator
Name
Dr. Roseline  C Thakur
e-mail
ictd@ncpor.res.in
Phone
8322525515
Mobile Number
8322525515
Institute /
Organization
National Centre for Polar and Ocean Research (NCPOR)
Address
Headland Sada, Vasco da Gama, Goa 403802
City
Vasco da Gama
State
Goa
Postal Code
403802
Country
India
Data Center
Short Name
NPDC
Long Name
National Polar Data Center, India
Mail Id
npdc@ncpor.res.in
Phone No
+91 - 832-2525515
Address
Headland Sada
City
Vasco-Da-Gama
State
Goa
Pin Code
403804
Country
India
Instrument Details
Short name
-
Long name
-
Location
Category
Region
Type
Antarctic
Subregion
Larsemann Hill
Platform
Short name
-
Long name
-
Data
					Set Progress
Complete
close
save as pdf
If XML not opening,
Click Here!
If download not started,
Click Here!
Search
Quick Links
Contact Us
Data Policy & Guidelines
User Manual
Polar Directory
Data Submission
Common Project Proposal Form
Submit a New Data
For scholars
Dataset by Science Keywords
Dataset by Location
Observation Dataset
Quantarctica
Data Portal
Synoptic Data
Useful Links
Python
Ferret visualization
and analysis Tool
The R Project
© National Centre for Polar and Ocean Research
						(NCPOR), Ministry of Earth Sciences (MoES), Government of India"
Biosphere,Aquatic Ecosystems,Arctic Ecology and biogeochemistry,https://npdc.ncpor.res.in/npdc/search_mf_data.action?search=title&expedition_type=Antarctic&parameter=MF-1161013246&userType=user&parameter1=Aquatic+Ecosystems,"META DATA SEARCH
Home
About
Data
Search For Datasets »
Browse by Keyword
Browse by Location
Data Availability
SOE : Scientific Voyage Details
Other Datasets »
Weather and Environment
Search AWS & Meteorological Datasets
Sagar Kanya Cruise Report
Surface Data at Maitri & Gangotri
Synoptic Data From Bharti Station (2016-21)
Submit Your Data »
New Datasets
Last Submitted Datasets
Other Data Links
Important links »
Polar View
NCMRWF - Southern Ocean
NCMRWF - Sea-ice Arctic
NCMRWF - Sea-ice Antarctic
Polar Directory
Search by Data Types
Free Text
Sign
					In
User Manual
Brief Record
Full Record
View XML
Export PDF
Get Data
Title
Distribution and diversity  of Prokaryotic communities in the Western Arctic Ocean (NGS sequence metadata)
Abstract
The digital database contains 16S rRNA gene amplicon sequence data retrieved from the seawater column and melt pond of the western Arctic Ocean.  The environmental variations and their interactions with the biosphere are vital in the Arctic Ocean during the summer sea-ice melting period in the current scenario of climate change. Hence, we analyzed the vertical distribution of bacterial and archaeal communities in the western Arctic Ocean from sea surface melt-ponds to deep water up to a 3040 m depth. Prokaryotic communities were analyzed using NGS (amplicon sequencing ) technology.  The distribution of microbial communities showed a clear stratification with significant differences among different water depths, and the water masses in the Arctic Ocean; appeared as the major factor explaining their distribution in the water column. A total of 34 bacterial phyla were detected in the seawater and 10 bacterial phyla in melt-ponds.
Purpose
Study the vertical distribution of prokaryotic community in the western Arctic Ocean during an ice melting summer season
Basic Information
Release Date
:    12/09/2024
Originating Center
:
Data Set Progress
:    Complete
Data Set Language
:
ISO Topic Categories
Category
:   Biosphere
Topic
:   Aquatic Ecosystems
ISO Topic
:   Biota
Personnel
Role
:   Principal Investigator
Name
:   Dr. Vipindas   Puthiya veeetttil
e-mail
:   vipin@ncpor.res.in
Organisation
:   National Centre for Polar and Ocean Research
Title
Distribution and diversity  of Prokaryotic communities in the Western Arctic Ocean (NGS sequence metadata)
Science Keywords
Category
Biosphere
Topic
Aquatic Ecosystems
ISO Topic
Biota
Expedition Year
2018-2019
Project Details
Project Number
IBRV ARAON-ARA10B-1
Project Name
2019 ARAON Arctic Cruise
Summary
Abstract
The digital database contains 16S rRNA gene amplicon sequence data retrieved from the seawater column and melt pond of the western Arctic Ocean.  The environmental variations and their interactions with the biosphere are vital in the Arctic Ocean during the summer sea-ice melting period in the current scenario of climate change. Hence, we analyzed the vertical distribution of bacterial and archaeal communities in the western Arctic Ocean from sea surface melt-ponds to deep water up to a 3040 m depth. Prokaryotic communities were analyzed using NGS (amplicon sequencing ) technology.  The distribution of microbial communities showed a clear stratification with significant differences among different water depths, and the water masses in the Arctic Ocean; appeared as the major factor explaining their distribution in the water column. A total of 34 bacterial phyla were detected in the seawater and 10 bacterial phyla in melt-ponds.
Purpose
Study the vertical distribution of prokaryotic community in the western Arctic Ocean during an ice melting summer season
Dataset Citation
Creator
Vipindas
Editor
Anand Jain
Dataset Title
Arctic Ecology and biogeochemistry
Series Name
AEB-001
Release Date
12/09/2024
Release Place
Goa
Version
Online Resource
https://data.ncpor.res.in/static/datasets/MF-1161013246_npdc_sequence_metadata_file_ao_1_final.xlsx
Scientist Details
Role
Principal Investigator
Name
Dr. Vipindas   Puthiya veeetttil
e-mail
vipin@ncpor.res.in
Phone
09744001170
Mobile Number
09744001170
Institute /
Organization
National Centre for Polar and Ocean Research
Address
NationalCentre for Polar and Ocean Research (Former NCAOR)
Near Sub jail, Headland Sada
City
Vasco da Gama
State
Goa
Postal Code
403804
Country
India
Data Center
Short Name
NPDC
Long Name
National Polar Data Center, India
Mail Id
npdc@ncpor.res.in
Phone No
+91 - 832-2525515
Address
Headland Sada
City
Vasco-Da-Gama
State
Goa
Pin Code
403804
Country
India
Instrument Details
Short name
ILLUMINA
Long name
Illumina MiSeq
Location
Category
Region
Type
Arctic
Subregion
Western Arctic Ocean
Platform
Short name
Illumina MiSeq
Long name
Illumina MiSeq
Data
					Set Progress
Complete
close
save as pdf
If XML not opening,
Click Here!
If download not started,
Click Here!
Search
Quick Links
Contact Us
Data Policy & Guidelines
User Manual
Polar Directory
Data Submission
Common Project Proposal Form
Submit a New Data
For scholars
Dataset by Science Keywords
Dataset by Location
Observation Dataset
Quantarctica
Data Portal
Synoptic Data
Useful Links
Python
Ferret visualization
and analysis Tool
The R Project
© National Centre for Polar and Ocean Research
						(NCPOR), Ministry of Earth Sciences (MoES), Government of India"
Biosphere,Aquatic Ecosystems,"Search for Star born, Primordial, and Anthropogenic Radionuclides in Antarctica (SPAR).",https://npdc.ncpor.res.in/npdc/search_mf_data.action?search=title&expedition_type=Antarctic&parameter=MF1647755471&userType=user&parameter1=Aquatic+Ecosystems,"META DATA SEARCH
Home
About
Data
Search For Datasets »
Browse by Keyword
Browse by Location
Data Availability
SOE : Scientific Voyage Details
Other Datasets »
Weather and Environment
Search AWS & Meteorological Datasets
Sagar Kanya Cruise Report
Surface Data at Maitri & Gangotri
Synoptic Data From Bharti Station (2016-21)
Submit Your Data »
New Datasets
Last Submitted Datasets
Other Data Links
Important links »
Polar View
NCMRWF - Southern Ocean
NCMRWF - Sea-ice Arctic
NCMRWF - Sea-ice Antarctic
Polar Directory
Search by Data Types
Free Text
Sign
					In
User Manual
Brief Record
Full Record
View XML
Export PDF
Data pending
Title
Search for Star born, Primordial, and Anthropogenic Radionuclides in Antarctica (SPAR).
Abstract
The aim of the project is to continue interdisciplinary approach to analyse scanty distribution of cosmogenic and supernova produced long-lived radionuclides in Antarctic area. These cosmogenic radionuclides like 7Be, 10Be, 53Mn and the supernova produced radionuclides like 60Fe, 182Hf, 146Sm, etc., are present in the Earth crust in minuscule amount, typically 1 in 1011 to 1 in 1014 level. The measurement of cosmogenic radionuclides 26Al will give relevant information on solar spot, on the solar flux and on recent nucleosynthesis. Measurement of 10Be, 53Mn will give us idea on surface expose dating, i.e., until the rocks were ice-free. The project may unravel some of the intricacies of nature, detection of Supernovae (SN) radionuclides, in realizing galactic drama that occurred millions years before. However, the naturally occurring stable isobars such as 182W, 146Nd are million times more abundant than the SN radionuclides 182Hf or 146Sm and are the main obstacle in such analysis.
Purpose
Interpretation of the exposure of Earth to various stellar processes by tracing the long-lived radionuclides formed by the p-processes in supernova. Application of surface exposure dating (SED) technique to explain various geo-temporal phenomenon. Unfolding human interventions and analysing environmental risk by medium-lived radionuclides and biological proxies. Determination of isotopic anomalies if any in natural decay series. Simplifying the chemistry for the ?work-horse? nuclides 10Be and 26Al
Basic Information
Release Date
:    2/03/2021
Originating Center
:
Data Set Progress
:    Complete
Data Set Language
:
ISO Topic Categories
Category
:   Biosphere
Topic
:   Aquatic Ecosystems
ISO Topic
:   Biodiversity and Biotechnological Potential
Personnel
Role
:   Principal Investigator
Name
:   Dr. Susanta    Lahiri
e-mail
:   ictd@ncpor.res.in
Organisation
:   Saha Institute of Nuclear Physics
Title
Search for Star born, Primordial, and Anthropogenic Radionuclides in Antarctica (SPAR).
Science Keywords
Category
Biosphere
Topic
Aquatic Ecosystems
ISO Topic
Biodiversity and Biotechnological Potential
Expedition Year
2017-2018
Project Details
Project Number
BES-12
Project Name
Search for Star born, Primordial, and Anthropogenic Radionuclides in Antarctica (SPAR).
Summary
Abstract
The aim of the project is to continue interdisciplinary approach to analyse scanty distribution of cosmogenic and supernova produced long-lived radionuclides in Antarctic area. These cosmogenic radionuclides like 7Be, 10Be, 53Mn and the supernova produced radionuclides like 60Fe, 182Hf, 146Sm, etc., are present in the Earth crust in minuscule amount, typically 1 in 1011 to 1 in 1014 level. The measurement of cosmogenic radionuclides 26Al will give relevant information on solar spot, on the solar flux and on recent nucleosynthesis. Measurement of 10Be, 53Mn will give us idea on surface expose dating, i.e., until the rocks were ice-free. The project may unravel some of the intricacies of nature, detection of Supernovae (SN) radionuclides, in realizing galactic drama that occurred millions years before. However, the naturally occurring stable isobars such as 182W, 146Nd are million times more abundant than the SN radionuclides 182Hf or 146Sm and are the main obstacle in such analysis.
Purpose
Interpretation of the exposure of Earth to various stellar processes by tracing the long-lived radionuclides formed by the p-processes in supernova. Application of surface exposure dating (SED) technique to explain various geo-temporal phenomenon. Unfolding human interventions and analysing environmental risk by medium-lived radionuclides and biological proxies. Determination of isotopic anomalies if any in natural decay series. Simplifying the chemistry for the ?work-horse? nuclides 10Be and 26Al
Dataset Citation
Creator
Susanta Lahiri
Editor
Susanta Lahiri
Dataset Title
Search for Star born, Primordial, and Anthropogenic Radionuclides in Antarctica (SPAR).
Series Name
1
Release Date
2/03/2021
Release Place
Goa
Version
1
Online Resource
Scientist Details
Role
Principal Investigator
Name
Dr. Susanta    Lahiri
e-mail
ictd@ncpor.res.in
Phone
9433988997
Mobile Number
9433988997
Institute /
Organization
Saha Institute of Nuclear Physics
Address
Saha Institute of Nuclear Physics, 1/AF Bidhannagar  Kolkata-700064, India
City
Kolkata
State
West Bengal
Postal Code
700064
Country
India
Data Center
Short Name
NPDC
Long Name
National Polar Data Center, India
Mail Id
npdc@ncpor.res.in
Phone No
+91 - 832-2525515
Address
Headland Sada
City
Vasco-Da-Gama
State
Goa
Pin Code
403804
Country
India
Instrument Details
Short name
-
Long name
-
Location
Category
Region
Type
Antarctic
Subregion
Bharati
Platform
Short name
-
Long name
-
Data
					Set Progress
Complete
close
save as pdf
If XML not opening,
Click Here!
If download not started,
Click Here!
Search
Quick Links
Contact Us
Data Policy & Guidelines
User Manual
Polar Directory
Data Submission
Common Project Proposal Form
Submit a New Data
For scholars
Dataset by Science Keywords
Dataset by Location
Observation Dataset
Quantarctica
Data Portal
Synoptic Data
Useful Links
Python
Ferret visualization
and analysis Tool
The R Project
© National Centre for Polar and Ocean Research
						(NCPOR), Ministry of Earth Sciences (MoES), Government of India"
Biosphere,Aquatic Ecosystems,"Study on Anthropogenic Pressure on Water Bodies Situated in Schirmacher Oasis and Larsemann Hills, Antarctica.",https://npdc.ncpor.res.in/npdc/search_mf_data.action?search=title&expedition_type=Antarctic&parameter=MF-1814775546&userType=user&parameter1=Aquatic+Ecosystems,"META DATA SEARCH
Home
About
Data
Search For Datasets »
Browse by Keyword
Browse by Location
Data Availability
SOE : Scientific Voyage Details
Other Datasets »
Weather and Environment
Search AWS & Meteorological Datasets
Sagar Kanya Cruise Report
Surface Data at Maitri & Gangotri
Synoptic Data From Bharti Station (2016-21)
Submit Your Data »
New Datasets
Last Submitted Datasets
Other Data Links
Important links »
Polar View
NCMRWF - Southern Ocean
NCMRWF - Sea-ice Arctic
NCMRWF - Sea-ice Antarctic
Polar Directory
Search by Data Types
Free Text
Sign
					In
User Manual
Brief Record
Full Record
View XML
Export PDF
Get Data
Title
Study on Anthropogenic Pressure on Water Bodies Situated in Schirmacher Oasis and Larsemann Hills, Antarctica.
Abstract
With the opening up of the route to the Antarctica, anthropogenic activities of various types are being experienced which are getting reflected in the freshwater bodies. The variation in chemical composition of different water bodies in Schirmacher Oasis and in Larsemann Hills of Indian base signifies the role of the respective catchment areas. The inflow from glaciers and accumulated snow are also responsible for governing the metabolic activity of the Antarctic water bodies. Besides, the hydrological detention governing the nutrient accumulation in water bodies has been found to be the main parameter responsible for the chemical and biological status of these water bodies. Though temperature and light intensity are the chief factors in Antarctica yet the enhancement in nutrient levels has been found to give a shift in the primary productivity and nutrient levels towards higher side in the Antarctic water bodies.
Purpose
Present study sums up the limnological status of water bodies located within the geographical coordinates, 77o 45? 51.5? to 70o 48?S and 11o 44? 2.7? to 11o 55?W (Schirmacher Oasis) and 69o 24.428?S and 76o 12.339?E (Larsemann Hills). These water bodies are accessible only during summer period. Water bodies situated at the higher elevations of the Schirmacher Oasis remain frozen during austral summer also, depicting their true amictic nature because the higher latitudes experience rapid fall in atmospheric temperature compared to the lower latitudes.
Basic Information
Release Date
:    5/10/2020
Originating Center
:
Data Set Progress
:    Complete
Data Set Language
:
ISO Topic Categories
Category
:   Biosphere
Topic
:   Aquatic Ecosystems
ISO Topic
:   Biodiversity and Biotechnological Potential
Personnel
Role
:   Principal Investigator
Name
:   Dr. Ashwani   Wanganeo
e-mail
:   ictd@ncpor.res.in
Organisation
:   Barkatullah University
Title
Study on Anthropogenic Pressure on Water Bodies Situated in Schirmacher Oasis and Larsemann Hills, Antarctica.
Science Keywords
Category
Biosphere
Topic
Aquatic Ecosystems
ISO Topic
Biodiversity and Biotechnological Potential
Expedition Year
2004-2005
Project Details
Project Number
11
Project Name
Study on Anthropogenic Pressure on Water Bodies Situated in Schirmacher Oasis and Larsemann Hills, Antarctica.
Summary
Abstract
With the opening up of the route to the Antarctica, anthropogenic activities of various types are being experienced which are getting reflected in the freshwater bodies. The variation in chemical composition of different water bodies in Schirmacher Oasis and in Larsemann Hills of Indian base signifies the role of the respective catchment areas. The inflow from glaciers and accumulated snow are also responsible for governing the metabolic activity of the Antarctic water bodies. Besides, the hydrological detention governing the nutrient accumulation in water bodies has been found to be the main parameter responsible for the chemical and biological status of these water bodies. Though temperature and light intensity are the chief factors in Antarctica yet the enhancement in nutrient levels has been found to give a shift in the primary productivity and nutrient levels towards higher side in the Antarctic water bodies.
Purpose
Present study sums up the limnological status of water bodies located within the geographical coordinates, 77o 45? 51.5? to 70o 48?S and 11o 44? 2.7? to 11o 55?W (Schirmacher Oasis) and 69o 24.428?S and 76o 12.339?E (Larsemann Hills). These water bodies are accessible only during summer period. Water bodies situated at the higher elevations of the Schirmacher Oasis remain frozen during austral summer also, depicting their true amictic nature because the higher latitudes experience rapid fall in atmospheric temperature compared to the lower latitudes.
Dataset Citation
Creator
Ashwani Wanganeo
Editor
Ashwani Wanganeo
Dataset Title
Study on Anthropogenic Pressure on Water Bodies Situated in Schirmacher Oasis and Larsemann Hills, Antarctica.
Series Name
1
Release Date
5/10/2020
Release Place
Goa
Version
1
Online Resource
http://14.139.119.23:8080/dspace/bitstream/123456789/964/1/RRChapter-22A.pdf
Scientist Details
Role
Principal Investigator
Name
Dr. Ashwani   Wanganeo
e-mail
ictd@ncpor.res.in
Phone
8322525515
Mobile Number
8322525515
Institute /
Organization
Barkatullah University
Address
Barkatullah Vishwavidyalaya, Bhopal
Hoshangabad Road, BHOPAL-462026,
Madhya Pradesh (INDIA)
City
Bhopal
State
Madhya Pradesh
Postal Code
462026
Country
India
Data Center
Short Name
NPDC
Long Name
National Polar Data Center, India
Mail Id
npdc@ncpor.res.in
Phone No
+91 - 832-2525515
Address
Headland Sada
City
Vasco-Da-Gama
State
Goa
Pin Code
403804
Country
India
Instrument Details
Short name
-
Long name
-
Location
Category
Region
Type
Antarctic
Subregion
Larsemann Hill
Platform
Short name
-
Long name
-
Data
					Set Progress
Complete
close
save as pdf
If XML not opening,
Click Here!
If download not started,
Click Here!
Search
Quick Links
Contact Us
Data Policy & Guidelines
User Manual
Polar Directory
Data Submission
Common Project Proposal Form
Submit a New Data
For scholars
Dataset by Science Keywords
Dataset by Location
Observation Dataset
Quantarctica
Data Portal
Synoptic Data
Useful Links
Python
Ferret visualization
and analysis Tool
The R Project
© National Centre for Polar and Ocean Research
						(NCPOR), Ministry of Earth Sciences (MoES), Government of India"
Biosphere,Aquatic Ecosystems,Diazotrophs in the Arctic fjords,https://npdc.ncpor.res.in/npdc/search_mf_data.action?search=title&expedition_type=Antarctic&parameter=MF1998511819&userType=user&parameter1=Aquatic+Ecosystems,"META DATA SEARCH
Home
About
Data
Search For Datasets »
Browse by Keyword
Browse by Location
Data Availability
SOE : Scientific Voyage Details
Other Datasets »
Weather and Environment
Search AWS & Meteorological Datasets
Sagar Kanya Cruise Report
Surface Data at Maitri & Gangotri
Synoptic Data From Bharti Station (2016-21)
Submit Your Data »
New Datasets
Last Submitted Datasets
Other Data Links
Important links »
Polar View
NCMRWF - Southern Ocean
NCMRWF - Sea-ice Arctic
NCMRWF - Sea-ice Antarctic
Polar Directory
Search by Data Types
Free Text
Sign
					In
User Manual
Brief Record
Full Record
View XML
Export PDF
Get Data
Title
Diazotrophs in the Arctic fjords
Abstract
Nitrogen-fixing or diazotrophic microbes fix atmospheric nitrogen (N2) to ammonia (NH3+) using nitrogenase enzyme and play a crucial role in regulating marine primary productivity and carbon dioxide sequestration. However, there is a lack of information about the diversity, structure, and environmental regulations of the diazotrophic communities in the high Arctic fjords, such as Kongsfjorden. Here, we employed nifH gene sequencing to clarify variations in composition, community structure, and assembly mechanism among the diazotrophs of the salinity-driven stratified waters of Kongsfjorden.  The majority of the nifH gene sequences obtained in the present study belonged to cluster I and cluster III nifH phylotypes, accounting for 65% and 25% of the total nifH gene sequences. The nifH gene diversity and composition of particle attached and freeliving bacterial communities were encountered through this study
Purpose
Nitrogen-fixing or diazotrophic microbes fix atmospheric nitrogen (N2) to ammonia (NH3+) using nitrogenase enzyme and play a crucial role in regulating marine primary productivity and carbon dioxide sequestration. However, there is a lack of information about the diversity, structure, and environmental regulations of the diazotrophic communities in the high Arctic fjords, such as Kongsfjorden. Here, we employed nifH gene sequencing to clarify variations in composition, community structure, and assembly mechanism among the diazotrophs of the salinity-driven stratified waters of Kongsfjorden.  The majority of the nifH gene sequences obtained in the present study belonged to cluster I and cluster III nifH phylotypes, accounting for 65% and 25% of the total nifH gene sequences. The nifH gene diversity and composition of particle attached and freeliving bacterial communities were encountered through this study
Basic Information
Release Date
:    22/01/2025
Originating Center
:
Data Set Progress
:    Complete
Data Set Language
:
ISO Topic Categories
Category
:   Biosphere
Topic
:   Aquatic Ecosystems
ISO Topic
:   Biota
Personnel
Role
:   PROJECT SCIENTIST
Name
:   Dr. JABIR    T
e-mail
:   vipin@ncpor.res.in
Organisation
:   National Centre for Polar and Ocean Research
Title
Diazotrophs in the Arctic fjords
Science Keywords
Category
Biosphere
Topic
Aquatic Ecosystems
ISO Topic
Biota
Expedition Year
2018-2019
Project Details
Project Number
NCPOR/ARCTIC/DIAZOTROPHS
Project Name
Nitrogen cycle in the glaciomarine systeme of Svalbard
Summary
Abstract
Nitrogen-fixing or diazotrophic microbes fix atmospheric nitrogen (N2) to ammonia (NH3+) using nitrogenase enzyme and play a crucial role in regulating marine primary productivity and carbon dioxide sequestration. However, there is a lack of information about the diversity, structure, and environmental regulations of the diazotrophic communities in the high Arctic fjords, such as Kongsfjorden. Here, we employed nifH gene sequencing to clarify variations in composition, community structure, and assembly mechanism among the diazotrophs of the salinity-driven stratified waters of Kongsfjorden.  The majority of the nifH gene sequences obtained in the present study belonged to cluster I and cluster III nifH phylotypes, accounting for 65% and 25% of the total nifH gene sequences. The nifH gene diversity and composition of particle attached and freeliving bacterial communities were encountered through this study
Purpose
Nitrogen-fixing or diazotrophic microbes fix atmospheric nitrogen (N2) to ammonia (NH3+) using nitrogenase enzyme and play a crucial role in regulating marine primary productivity and carbon dioxide sequestration. However, there is a lack of information about the diversity, structure, and environmental regulations of the diazotrophic communities in the high Arctic fjords, such as Kongsfjorden. Here, we employed nifH gene sequencing to clarify variations in composition, community structure, and assembly mechanism among the diazotrophs of the salinity-driven stratified waters of Kongsfjorden.  The majority of the nifH gene sequences obtained in the present study belonged to cluster I and cluster III nifH phylotypes, accounting for 65% and 25% of the total nifH gene sequences. The nifH gene diversity and composition of particle attached and freeliving bacterial communities were encountered through this study
Dataset Citation
Creator
JABIR T
Editor
JABIR T
Dataset Title
Diazotrophs in the Arctic fjords
Series Name
one
Release Date
22/01/2025
Release Place
Goa
Version
Online Resource
https://data.ncpor.res.in/static/datasets/MF1998511819_metadata_for_npdc__diazotrophs_in_the_arctic.xlsx
Scientist Details
Role
PROJECT SCIENTIST
Name
Dr. JABIR    T
e-mail
vipin@ncpor.res.in
Phone
9745545704
Mobile Number
9745545704
Institute /
Organization
National Centre for Polar and Ocean Research
Address
NationalCentre for Polar and Ocean Research (Former NCAOR)
Near Sub jail, Headland Sada
City
GOA
State
Goa
Postal Code
403804
Country
India
Data Center
Short Name
NPDC
Long Name
National Polar Data Center, India
Mail Id
npdc@ncpor.res.in
Phone No
+91 - 832-2525515
Address
Headland Sada
City
Vasco-Da-Gama
State
Goa
Pin Code
403804
Country
India
Instrument Details
Short name
Diazotrophs in the Arctic
Long name
Sequncing data -Illumina
Location
Category
Region
Type
Arctic
Subregion
Kongsfjorden
Platform
Short name
DNA Sequncer
Long name
Illumina
Data
					Set Progress
Complete
close
save as pdf
If XML not opening,
Click Here!
If download not started,
Click Here!
Search
Quick Links
Contact Us
Data Policy & Guidelines
User Manual
Polar Directory
Data Submission
Common Project Proposal Form
Submit a New Data
For scholars
Dataset by Science Keywords
Dataset by Location
Observation Dataset
Quantarctica
Data Portal
Synoptic Data
Useful Links
Python
Ferret visualization
and analysis Tool
The R Project
© National Centre for Polar and Ocean Research
						(NCPOR), Ministry of Earth Sciences (MoES), Government of India"
Biosphere,Aquatic Ecosystems,Culturable diversity of heterotrophic bacteria in Kongsfjord,https://npdc.ncpor.res.in/npdc/search_mf_data.action?search=title&expedition_type=Antarctic&parameter=MF590091307&userType=user&parameter1=Aquatic+Ecosystems,"META DATA SEARCH
Home
About
Data
Search For Datasets »
Browse by Keyword
Browse by Location
Data Availability
SOE : Scientific Voyage Details
Other Datasets »
Weather and Environment
Search AWS & Meteorological Datasets
Sagar Kanya Cruise Report
Surface Data at Maitri & Gangotri
Synoptic Data From Bharti Station (2016-21)
Submit Your Data »
New Datasets
Last Submitted Datasets
Other Data Links
Important links »
Polar View
NCMRWF - Southern Ocean
NCMRWF - Sea-ice Arctic
NCMRWF - Sea-ice Antarctic
Polar Directory
Search by Data Types
Free Text
Sign
					In
User Manual
Brief Record
Full Record
View XML
Export PDF
Get Data
Title
Culturable diversity of heterotrophic bacteria in Kongsfjord
Abstract
This data is on the characteristics and identity of the heterotrophic bacteria encountered in the water and sediment samples of Kongsfjord
Purpose
One objective was to look at the changes in the microbial communities as a function of climate change and other is to identify their role in nutrient cycling especially phosphorus.
Basic Information
Release Date
:    9/01/2014
Originating Center
:    NPDC, INDIA
Data Set Progress
:    Complete
Data Set Language
:    English
ISO Topic Categories
Category
:   Biosphere
Topic
:   Aquatic Ecosystems
ISO Topic
:   Oceans
Personnel
Role
:   Principal Investigator
Name
:   Dr. A A Mohamed   Hatha
e-mail
:   mohamedhatha@gmail.com
Organisation
:   Cochin University of Science and Technology(CUSAT)
Title
Culturable diversity of heterotrophic bacteria in Kongsfjord
Science Keywords
Category
Biosphere
Topic
Aquatic Ecosystems
ISO Topic
Oceans
Expedition Year
2009-2010
Project Details
Project Number
Diversity of Heterotrophic bacteria
Project Name
Diversity of heterotrophic bacteria in Arctic water and sediment with special reference to phosphate solubulisers
Summary
Abstract
This data is on the characteristics and identity of the heterotrophic bacteria encountered in the water and sediment samples of Kongsfjord
Purpose
One objective was to look at the changes in the microbial communities as a function of climate change and other is to identify their role in nutrient cycling especially phosphorus.
Dataset Citation
Creator
Dr A A Mohamed Hatha
Editor
Mohamed Hatha
Dataset Title
Culturable diversity of heterotrophic bacteria in Kongsfjord
Series Name
Diversity of heterotrophic bacteria
Release Date
9/01/2014
Release Place
Cochin
Version
Online Resource
https://data.ncpor.res.in/static/datasets/MF590091307_metadata_culturable_diversity_of_heterotrophic_bacteria_in_kongsfjord.zip
Scientist Details
Role
Principal Investigator
Name
Dr. A A Mohamed   Hatha
e-mail
mohamedhatha@gmail.com
Phone
91-484-2368120
Mobile Number
04842368120
Institute /
Organization
Cochin University of Science and Technology(CUSAT)
Address
Fine Arts Avenue
Cochin- 682 016
Kerala
City
Cochin
State
Kerala
Postal Code
682016
Country
India
Data Center
Short Name
NPDC
Long Name
National Polar Data Center, India
Mail Id
npdc@ncpor.res.in
Phone No
+91 - 832-2525515
Address
Headland Sada
City
Vasco-Da-Gama
State
Goa
Pin Code
403804
Country
India
Instrument Details
Short name
Niskin water sampler, Grab
Long name
Incubators, Microscope
Location
Category
Continent
Type
Arctic
Subregion
Ny-Alesund
Platform
Short name
None
Long name
None
Data
					Set Progress
Complete
close
save as pdf
If XML not opening,
Click Here!
If download not started,
Click Here!
Search
Quick Links
Contact Us
Data Policy & Guidelines
User Manual
Polar Directory
Data Submission
Common Project Proposal Form
Submit a New Data
For scholars
Dataset by Science Keywords
Dataset by Location
Observation Dataset
Quantarctica
Data Portal
Synoptic Data
Useful Links
Python
Ferret visualization
and analysis Tool
The R Project
© National Centre for Polar and Ocean Research
						(NCPOR), Ministry of Earth Sciences (MoES), Government of India"
Biosphere,Aquatic Ecosystems,Environmental Toxicological Studies on Schirmacher (Maitri) Station in Antarctic Region.,https://npdc.ncpor.res.in/npdc/search_mf_data.action?search=title&expedition_type=Antarctic&parameter=MF-634744977&userType=user&parameter1=Aquatic+Ecosystems,"META DATA SEARCH
Home
About
Data
Search For Datasets »
Browse by Keyword
Browse by Location
Data Availability
SOE : Scientific Voyage Details
Other Datasets »
Weather and Environment
Search AWS & Meteorological Datasets
Sagar Kanya Cruise Report
Surface Data at Maitri & Gangotri
Synoptic Data From Bharti Station (2016-21)
Submit Your Data »
New Datasets
Last Submitted Datasets
Other Data Links
Important links »
Polar View
NCMRWF - Southern Ocean
NCMRWF - Sea-ice Arctic
NCMRWF - Sea-ice Antarctic
Polar Directory
Search by Data Types
Free Text
Sign
					In
User Manual
Brief Record
Full Record
View XML
Export PDF
Data pending
Title
Environmental Toxicological Studies on Schirmacher (Maitri) Station in Antarctic Region.
Abstract
The project is novel and original as it would provide an initiative of environmental toxicology of the Maitri station of Antarctica. The proposed study relates to risk assessment of snow, water and soil contamination through various anthropogenic activities at Maitri station. The activities like energy generators, flights, ships, vehicles, etc. are responsible for creating contamination. Samples would be collected for three years and would be analysed for various chemical and microbial contaminants.
Purpose
To estimate the possibility and extent of soil, snow and water contamination through various anthropogenic activities by  environmental toxicological studies of soil, water and snow samples from Schirmacher Oasis.
Basic Information
Release Date
:    22/02/2021
Originating Center
:
Data Set Progress
:    Complete
Data Set Language
:
ISO Topic Categories
Category
:   Biosphere
Topic
:   Aquatic Ecosystems
ISO Topic
:   Biodiversity and Biotechnological Potential
Personnel
Role
:   Principal Investigator
Name
:   Dr. Tanu   Jindal
e-mail
:   tjindal@amity.edu
Organisation
:   Amity University
Title
Environmental Toxicological Studies on Schirmacher (Maitri) Station in Antarctic Region.
Science Keywords
Category
Biosphere
Topic
Aquatic Ecosystems
ISO Topic
Biodiversity and Biotechnological Potential
Expedition Year
2014-2015
Project Details
Project Number
BES-4
Project Name
Environmental Toxicological Studies on Schirmacher (Maitri) Station in Antarctic Region.
Summary
Abstract
The project is novel and original as it would provide an initiative of environmental toxicology of the Maitri station of Antarctica. The proposed study relates to risk assessment of snow, water and soil contamination through various anthropogenic activities at Maitri station. The activities like energy generators, flights, ships, vehicles, etc. are responsible for creating contamination. Samples would be collected for three years and would be analysed for various chemical and microbial contaminants.
Purpose
To estimate the possibility and extent of soil, snow and water contamination through various anthropogenic activities by  environmental toxicological studies of soil, water and snow samples from Schirmacher Oasis.
Dataset Citation
Creator
Tanu Jindal
Editor
Tanu Jindal
Dataset Title
Environmental Toxicological Studies on Schirmacher (Maitri) Station in Antarctic Region.
Series Name
1
Release Date
22/02/2021
Release Place
Goa
Version
1
Online Resource
Scientist Details
Role
Principal Investigator
Name
Dr. Tanu   Jindal
e-mail
tjindal@amity.edu
Phone
011204392604
Mobile Number
01204392604
Institute /
Organization
Amity University
Address
Toxicology, Safety and Management J1, Ground Floor,Amity University Uttar Pradesh, Sector 125, Noida, Uttar Pradesh- 45201303
City
Uttar Pradesh
State
Bihar
Postal Code
45201303
Country
India
Data Center
Short Name
NPDC
Long Name
National Polar Data Center, India
Mail Id
npdc@ncpor.res.in
Phone No
+91 - 832-2525515
Address
Headland Sada
City
Vasco-Da-Gama
State
Goa
Pin Code
403804
Country
India
Instrument Details
Short name
-
Long name
-
Location
Category
Region
Type
Antarctic
Subregion
Maitri
Platform
Short name
-
Long name
-
Data
					Set Progress
Complete
close
save as pdf
If XML not opening,
Click Here!
If download not started,
Click Here!
Search
Quick Links
Contact Us
Data Policy & Guidelines
User Manual
Polar Directory
Data Submission
Common Project Proposal Form
Submit a New Data
For scholars
Dataset by Science Keywords
Dataset by Location
Observation Dataset
Quantarctica
Data Portal
Synoptic Data
Useful Links
Python
Ferret visualization
and analysis Tool
The R Project
© National Centre for Polar and Ocean Research
						(NCPOR), Ministry of Earth Sciences (MoES), Government of India"
Biosphere,Aquatic Ecosystems,"Distribution, abundance and assemblage of biota in the freshwater habitats of Larsemann hills, Antarctica",https://npdc.ncpor.res.in/npdc/search_mf_data.action?search=title&expedition_type=Antarctic&parameter=MF634747355&userType=user&parameter1=Aquatic+Ecosystems,"META DATA SEARCH
Home
About
Data
Search For Datasets »
Browse by Keyword
Browse by Location
Data Availability
SOE : Scientific Voyage Details
Other Datasets »
Weather and Environment
Search AWS & Meteorological Datasets
Sagar Kanya Cruise Report
Surface Data at Maitri & Gangotri
Synoptic Data From Bharti Station (2016-21)
Submit Your Data »
New Datasets
Last Submitted Datasets
Other Data Links
Important links »
Polar View
NCMRWF - Southern Ocean
NCMRWF - Sea-ice Arctic
NCMRWF - Sea-ice Antarctic
Polar Directory
Search by Data Types
Free Text
Sign
					In
User Manual
Brief Record
Full Record
View XML
Export PDF
Data pending
Title
Distribution, abundance and assemblage of biota in the freshwater habitats of Larseman hills, Antarctica
Abstract
The proposed project is submitted to investigate the water quality of freshwater habitats (Lake, pools and Streams) with reference to biodiversity in the various habitats, planktonic density, their assemblage and habitat preference vis-?-vis environmental change with the hypothesis that there will be high variation in water quality as compared to the previous records. It is also hypothesized that due to elevation in the environmental temperature and climatic change, variation would be observed in the biodiversity as well as in their assemblage or preference to a specific habitat.To achieve the objectives and to confirm the hypothesis abiotic and biotic samples will be collected from the aquatic habitats (Lake, pools and streams). For limnological studies some of the parameter such as temperature, pH, dissolved oxygen, conductivity, and total dissolved solids will be carried out in the field whereas for others parameters (alkalinity, Hardness, Chloride, nitrate, phosphate, etc.)
Purpose
1. Chemical and physical characterization of water from the investigation sites vis-?-vis aquatic life under extreme cold environmental conditions.
2. To study the effect of climate change on the abundance and biodiversity of the aquatic flora and fauna.
3. To understand the structural and functional relationship of biotic communities in nutrient fluxes in polar habitats.
4. To understand the habitats preference and assemblage of biotic community in harsh environment of Antarctica.
Basic Information
Release Date
:    22/01/2021
Originating Center
:
Data Set Progress
:    Complete
Data Set Language
:
ISO Topic Categories
Category
:   Biosphere
Topic
:   Aquatic Ecosystems
ISO Topic
:   Biodiversity and Biotechnological Potential
Personnel
Role
:   Principal Investigator
Name
:   Dr. ANIL    KUMAR   TYAR
e-mail
:   ictd@ncpor.res.in
Organisation
:   Kurukshetra University
Title
Distribution, abundance and assemblage of biota in the freshwater habitats of Larseman hills, Antarctica
Science Keywords
Category
Biosphere
Topic
Aquatic Ecosystems
ISO Topic
Biodiversity and Biotechnological Potential
Expedition Year
2009-2010
Project Details
Project Number
BES -4
Project Name
Distribution, abundance and assemblage of biota in the freshwater habitats of Larsemann hills, Antarctica
Summary
Abstract
The proposed project is submitted to investigate the water quality of freshwater habitats (Lake, pools and Streams) with reference to biodiversity in the various habitats, planktonic density, their assemblage and habitat preference vis-?-vis environmental change with the hypothesis that there will be high variation in water quality as compared to the previous records. It is also hypothesized that due to elevation in the environmental temperature and climatic change, variation would be observed in the biodiversity as well as in their assemblage or preference to a specific habitat.To achieve the objectives and to confirm the hypothesis abiotic and biotic samples will be collected from the aquatic habitats (Lake, pools and streams). For limnological studies some of the parameter such as temperature, pH, dissolved oxygen, conductivity, and total dissolved solids will be carried out in the field whereas for others parameters (alkalinity, Hardness, Chloride, nitrate, phosphate, etc.)
Purpose
1. Chemical and physical characterization of water from the investigation sites vis-?-vis aquatic life under extreme cold environmental conditions.
2. To study the effect of climate change on the abundance and biodiversity of the aquatic flora and fauna.
3. To understand the structural and functional relationship of biotic communities in nutrient fluxes in polar habitats.
4. To understand the habitats preference and assemblage of biotic community in harsh environment of Antarctica.
Dataset Citation
Creator
ANIL KUMAR TYAR
Editor
ANIL KUMAR TYAR
Dataset Title
Distribution, abundance and assemblage of biota in the freshwater habitats of Larsemann hills, Antarctica
Series Name
1
Release Date
22/01/2021
Release Place
Goa
Version
1
Online Resource
Scientist Details
Role
Principal Investigator
Name
Dr. ANIL    KUMAR   TYAR
e-mail
ictd@ncpor.res.in
Phone
22126501744
Mobile Number
9896030326
Institute /
Organization
Kurukshetra University
Address
Department of Zoology
Kurukshetra University,
Kurukshetra 132 119
Tel: 221265 (01744)
Mobile: 09896030326
Email: tyoranil@yahoo.com
City
Kurukshetra
State
Haryana
Postal Code
132119
Country
India
Data Center
Short Name
NPDC
Long Name
National Polar Data Center, India
Mail Id
npdc@ncpor.res.in
Phone No
+91 - 832-2525515
Address
Headland Sada
City
Vasco-Da-Gama
State
Goa
Pin Code
403804
Country
India
Instrument Details
Short name
-
Long name
-
Location
Category
Region
Type
Antarctic
Subregion
Larsemann Hill
Platform
Short name
-
Long name
-
Data
					Set Progress
Complete
close
save as pdf
If XML not opening,
Click Here!
If download not started,
Click Here!
Search
Quick Links
Contact Us
Data Policy & Guidelines
User Manual
Polar Directory
Data Submission
Common Project Proposal Form
Submit a New Data
For scholars
Dataset by Science Keywords
Dataset by Location
Observation Dataset
Quantarctica
Data Portal
Synoptic Data
Useful Links
Python
Ferret visualization
and analysis Tool
The R Project
© National Centre for Polar and Ocean Research
						(NCPOR), Ministry of Earth Sciences (MoES), Government of India"
Biosphere,Cryosphere,NFMC- Arctic Summer IV Expedition,https://npdc.ncpor.res.in/npdc/search_mf_data.action?search=title&expedition_type=Antarctic&parameter=MF-2082494025&userType=user&parameter1=Cryosphere,"META DATA SEARCH
Home
About
Data
Search For Datasets »
Browse by Keyword
Browse by Location
Data Availability
SOE : Scientific Voyage Details
Other Datasets »
Weather and Environment
Search AWS & Meteorological Datasets
Sagar Kanya Cruise Report
Surface Data at Maitri & Gangotri
Synoptic Data From Bharti Station (2016-21)
Submit Your Data »
New Datasets
Last Submitted Datasets
Other Data Links
Important links »
Polar View
NCMRWF - Southern Ocean
NCMRWF - Sea-ice Arctic
NCMRWF - Sea-ice Antarctic
Polar Directory
Search by Data Types
Free Text
Sign
					In
User Manual
Brief Record
Full Record
View XML
Export PDF
Get Data
Title
Establishment of cryophilic cyanobacteria and eukaryotic microalgal collection and exploration for possible biotechnological potentials
Abstract
The proposed project aims to establish a cryophilic microalgal germplasm, and to explore the biotechnological potentials of these extremophiles
Purpose
Locate, collect, isolate and identify microalgae and to maintain the cryophilic microalgal culture collection
Basic Information
Release Date
:    9/01/2014
Originating Center
:    NPDC, INDIA
Data Set Progress
:    In Work
Data Set Language
:    English
ISO Topic Categories
Category
:   Biosphere
Topic
:   Cryosphere
ISO Topic
:   Biota
Personnel
Role
:   Scientist
Name
:   Dr. Dharmar   Prabaharan
e-mail
:   nfmcncaorr@gmail.com
Organisation
:   National Facility for Marine Cyanobacteria (NFMC)
Title
Establishment of cryophilic cyanobacteria and eukaryotic microalgal collection and exploration for possible biotechnological potentials
Science Keywords
Category
Biosphere
Topic
Cryosphere
ISO Topic
Biota
Expedition Year
2011-2012
Project Details
Project Number
NFMC- Arctic Summer IV Expedition
Project Name
Establishment of cryophilic cyanobacteria and eukaryotic microalgal culture collection and exploration for  possible biotechnological potentials
Summary
Abstract
The proposed project aims to establish a cryophilic microalgal germplasm, and to explore the biotechnological potentials of these extremophiles
Purpose
Locate, collect, isolate and identify microalgae and to maintain the cryophilic microalgal culture collection
Dataset Citation
Creator
Dr D PRABAHARAN
Editor
Dr D PRABAHARAN
Dataset Title
NFMC- Arctic Summer IV Expedition
Series Name
Arctic Microalgae
Release Date
9/01/2014
Release Place
Tiruchirapalli
Version
Online Resource
www.nfmc.res.in
Scientist Details
Role
Scientist
Name
Dr. Dharmar   Prabaharan
e-mail
nfmcncaorr@gmail.com
Phone
9442145805
Mobile Number
9442145805
Institute /
Organization
National Facility for Marine Cyanobacteria (NFMC)
Address
National Facility for Marine Cyanobacteria, 
Bharathidasan University
Palkalaiperur
City
Tiruchirapalli
State
Tamil Nadu
Postal Code
620024
Country
India
Data Center
Short Name
NPDC
Long Name
National Polar Data Center, India
Mail Id
npdc@ncpor.res.in
Phone No
+91 - 832-2525515
Address
Headland Sada
City
Vasco-Da-Gama
State
Goa
Pin Code
403804
Country
India
Instrument Details
Short name
Leica DMI 3000B, Germany
Long name
Leica inverted light microscope with micromanipulator
Location
Category
Type
Arctic
Subregion
Ny-Alesund
Platform
Short name
Polar microalgal samples
Long name
Samples collected from Arctic soil, water runoff, wetland and  melting  glaciers
Data
					Set Progress
In Work
close
save as pdf
If XML not opening,
Click Here!
If download not started,
Click Here!
Search
Quick Links
Contact Us
Data Policy & Guidelines
User Manual
Polar Directory
Data Submission
Common Project Proposal Form
Submit a New Data
For scholars
Dataset by Science Keywords
Dataset by Location
Observation Dataset
Quantarctica
Data Portal
Synoptic Data
Useful Links
Python
Ferret visualization
and analysis Tool
The R Project
© National Centre for Polar and Ocean Research
						(NCPOR), Ministry of Earth Sciences (MoES), Government of India"
Biosphere,Cryosphere,Isolation of bio-prospective microalgal isolates from Antarctic sea.,https://npdc.ncpor.res.in/npdc/search_mf_data.action?search=title&expedition_type=Antarctic&parameter=MF763653900&userType=user&parameter1=Cryosphere,"META DATA SEARCH
Home
About
Data
Search For Datasets »
Browse by Keyword
Browse by Location
Data Availability
SOE : Scientific Voyage Details
Other Datasets »
Weather and Environment
Search AWS & Meteorological Datasets
Sagar Kanya Cruise Report
Surface Data at Maitri & Gangotri
Synoptic Data From Bharti Station (2016-21)
Submit Your Data »
New Datasets
Last Submitted Datasets
Other Data Links
Important links »
Polar View
NCMRWF - Southern Ocean
NCMRWF - Sea-ice Arctic
NCMRWF - Sea-ice Antarctic
Polar Directory
Search by Data Types
Free Text
Sign
					In
User Manual
Brief Record
Full Record
View XML
Export PDF
Data pending
Title
Isolation of bio-prospective microalgal isolates from Antarctic sea.
Abstract
Antarctic sea ice algal communities play a very significant role in primary production during the summer essentially due to the long daylight hours. The Antarctic Ocean absorbs large amount of atmospheric carbon dioxide which is a greenhouse gas due to the uptake of carbon dioxide by phytoplankton. Some of the microalga found in snow and ice during summer accumulates in sufficient numbers to colour the snow banks red, green, orange and even grey. Snow algae are generally single-celled organisms. Snow algae grow in semi-permanent to permanent snow or ice in the alpine or polar regions of the world.NIOT has isolated more than 200 marine micro algal strains from the coastal and oceanic waters of Indian main land, Andaman and Nicobar Islands and Lakshadweep Islands and has screened more than 150 microalgal strain for biomass, lipid and other biochemical production.
Purpose
To collect bio-prospective microalgal strains from Antarctica.
Basic Information
Release Date
:    25/02/2021
Originating Center
:
Data Set Progress
:    Complete
Data Set Language
:
ISO Topic Categories
Category
:   Biosphere
Topic
:   Cryosphere
ISO Topic
:   Biota
Personnel
Role
:   Principal Investigator
Name
:   Dr. R    Kirubagaran
e-mail
:   ictd@ncpor.res.in
Organisation
:   National Institute of Ocean Technology (NIOT)
Title
Isolation of bio-prospective microalgal isolates from Antarctic sea.
Science Keywords
Category
Biosphere
Topic
Cryosphere
ISO Topic
Biota
Expedition Year
2016-2017
Project Details
Project Number
BES-5
Project Name
Isolation of bio-prospective microalgal isolates from Antarctic sea.
Summary
Abstract
Antarctic sea ice algal communities play a very significant role in primary production during the summer essentially due to the long daylight hours. The Antarctic Ocean absorbs large amount of atmospheric carbon dioxide which is a greenhouse gas due to the uptake of carbon dioxide by phytoplankton. Some of the microalga found in snow and ice during summer accumulates in sufficient numbers to colour the snow banks red, green, orange and even grey. Snow algae are generally single-celled organisms. Snow algae grow in semi-permanent to permanent snow or ice in the alpine or polar regions of the world.NIOT has isolated more than 200 marine micro algal strains from the coastal and oceanic waters of Indian main land, Andaman and Nicobar Islands and Lakshadweep Islands and has screened more than 150 microalgal strain for biomass, lipid and other biochemical production.
Purpose
To collect bio-prospective microalgal strains from Antarctica.
Dataset Citation
Creator
R Kirubagaran
Editor
R Kirubagaran
Dataset Title
Isolation of bio-prospective microalgal isolates from Antarctic sea.
Series Name
1
Release Date
25/02/2021
Release Place
Goa
Version
1
Online Resource
Scientist Details
Role
Principal Investigator
Name
Dr. R    Kirubagaran
e-mail
ictd@ncpor.res.in
Phone
0114466783418
Mobile Number
0114466783418
Institute /
Organization
National Institute of Ocean Technology (NIOT)
Address
NIOT campus, Velachery-Tambaram Main  600100.Tamil Nadu India,
City
Chennai
State
Tamil Nadu
Postal Code
600100
Country
India
Data Center
Short Name
NPDC
Long Name
National Polar Data Center, India
Mail Id
npdc@ncpor.res.in
Phone No
+91 - 832-2525515
Address
Headland Sada
City
Vasco-Da-Gama
State
Goa
Pin Code
403804
Country
India
Instrument Details
Short name
-
Long name
-
Location
Category
Region
Type
Antarctic
Subregion
Maitri and Bharati
Platform
Short name
-
Long name
-
Data
					Set Progress
Complete
close
save as pdf
If XML not opening,
Click Here!
If download not started,
Click Here!
Search
Quick Links
Contact Us
Data Policy & Guidelines
User Manual
Polar Directory
Data Submission
Common Project Proposal Form
Submit a New Data
For scholars
Dataset by Science Keywords
Dataset by Location
Observation Dataset
Quantarctica
Data Portal
Synoptic Data
Useful Links
Python
Ferret visualization
and analysis Tool
The R Project
© National Centre for Polar and Ocean Research
						(NCPOR), Ministry of Earth Sciences (MoES), Government of India"
Biosphere,Cryosphere,Survey collection and isolation of microalgae and up gradation of National Microalgal bioprospects. Repository with cryophilic microalgae and exploring  their possible bioprospects,https://npdc.ncpor.res.in/npdc/search_mf_data.action?search=title&expedition_type=Antarctic&parameter=MF95918793&userType=user&parameter1=Cryosphere,"META DATA SEARCH
Home
About
Data
Search For Datasets »
Browse by Keyword
Browse by Location
Data Availability
SOE : Scientific Voyage Details
Other Datasets »
Weather and Environment
Search AWS & Meteorological Datasets
Sagar Kanya Cruise Report
Surface Data at Maitri & Gangotri
Synoptic Data From Bharti Station (2016-21)
Submit Your Data »
New Datasets
Last Submitted Datasets
Other Data Links
Important links »
Polar View
NCMRWF - Southern Ocean
NCMRWF - Sea-ice Arctic
NCMRWF - Sea-ice Antarctic
Polar Directory
Search by Data Types
Free Text
Sign
					In
User Manual
Brief Record
Full Record
View XML
Export PDF
Data pending
Title
Survey collection and isolation of microalgae and up gradation of National Microalgal bioprospects. Repository with cryophilic microalgae and exploring  their possible bioprospects
Abstract
This proposal aims to harness the untapped potentials of microalgae including cyanobacteria from the Antarctic region and upgrade the existing National Repository for Microalgae, established by Dept. of Biotechnology, Govt. of India. By adding cryophilic microalgae including cyanobacteria that would be made available to the needy researchers. More than twenty five years of experience in these tiny organisms will helpful for the NFMC, Bharathidasan University which already established a cryophilic Arctic microalga repository in its National Repository hence this propos. This proposal aims to harness the untapped potentials of microalgae including cyanobacteria from the Antarctic region and upgrade the existing National Repository for Microalgae, established by Dept. of Biotechnology, Govt. of India. By adding cryophilic microalgae including cyanobacteria that would be made available to the needy researchers. More than twenty five years of experience in these tiny organisms will helpful
Purpose
The proposed aim of this project is to strengthen the newly established cryophilic culture collection at National micro algal repository, sponsored by DBT. Govt. of India which are available to needy researchers with in India for their scientific work. Also aims to utilize the Antarctic cryophilic microalgae for their potentials and study the major phenomenon such as nitrogen and hydrogen metabolism and anti oxidative systems that determine the survivability in the extreme environment.  Survey, collection and isolation of psychrophilic microalgae of both marine and freshwater strains. Upgradation of newly established cryophilic microalgae repository by adding the Antarctic microalgae which will be made accessible for scientists and researchers.  Identification of the isolated Antarctic micro algal cultures in repository by both morphological and molecular means; 16SrRNA and CPC-region for cyanobacteria and 18SrRNA for other microalgae.
Basic Information
Release Date
:    19/02/2021
Originating Center
:
Data Set Progress
:    Complete
Data Set Language
:
ISO Topic Categories
Category
:   Biosphere
Topic
:   Cryosphere
ISO Topic
:   Biota
Personnel
Role
:   Principal Investigator
Name
:   Dr. D    Prabaharan
e-mail
:   ictd@ncpor.res.in
Organisation
:   Bharathidasan University
Title
Survey collection and isolation of microalgae and up gradation of National Microalgal bioprospects. Repository with cryophilic microalgae and exploring  their possible bioprospects
Science Keywords
Category
Biosphere
Topic
Cryosphere
ISO Topic
Biota
Expedition Year
2013-2014
Project Details
Project Number
BES-1
Project Name
Survey collection and isolation of microalgae and up gradation of National Microalgal bioprospects. Repository with cryophilic microalgae and exploring  their possible bioprospects
Summary
Abstract
This proposal aims to harness the untapped potentials of microalgae including cyanobacteria from the Antarctic region and upgrade the existing National Repository for Microalgae, established by Dept. of Biotechnology, Govt. of India. By adding cryophilic microalgae including cyanobacteria that would be made available to the needy researchers. More than twenty five years of experience in these tiny organisms will helpful for the NFMC, Bharathidasan University which already established a cryophilic Arctic microalga repository in its National Repository hence this propos. This proposal aims to harness the untapped potentials of microalgae including cyanobacteria from the Antarctic region and upgrade the existing National Repository for Microalgae, established by Dept. of Biotechnology, Govt. of India. By adding cryophilic microalgae including cyanobacteria that would be made available to the needy researchers. More than twenty five years of experience in these tiny organisms will helpful
Purpose
The proposed aim of this project is to strengthen the newly established cryophilic culture collection at National micro algal repository, sponsored by DBT. Govt. of India which are available to needy researchers with in India for their scientific work. Also aims to utilize the Antarctic cryophilic microalgae for their potentials and study the major phenomenon such as nitrogen and hydrogen metabolism and anti oxidative systems that determine the survivability in the extreme environment.  Survey, collection and isolation of psychrophilic microalgae of both marine and freshwater strains. Upgradation of newly established cryophilic microalgae repository by adding the Antarctic microalgae which will be made accessible for scientists and researchers.  Identification of the isolated Antarctic micro algal cultures in repository by both morphological and molecular means; 16SrRNA and CPC-region for cyanobacteria and 18SrRNA for other microalgae.
Dataset Citation
Creator
D Prabaharan
Editor
D Prabaharan
Dataset Title
Survey collection and isolation of microalgae and up gradation of National Microalgal bioprospects. Repository with cryophilic microalgae and exploring  their possible bioprospects
Series Name
1
Release Date
19/02/2021
Release Place
Goa
Version
1
Online Resource
Scientist Details
Role
Principal Investigator
Name
Dr. D    Prabaharan
e-mail
ictd@ncpor.res.in
Phone
04312407072
Mobile Number
04312407072
Institute /
Organization
Bharathidasan University
Address
Dept. of Marine Biotechnology, Tiruchirappalli - 620024
City
Tiruchirappall
State
Tamil Nadu
Postal Code
620024
Country
India
Data Center
Short Name
NPDC
Long Name
National Polar Data Center, India
Mail Id
npdc@ncpor.res.in
Phone No
+91 - 832-2525515
Address
Headland Sada
City
Vasco-Da-Gama
State
Goa
Pin Code
403804
Country
India
Instrument Details
Short name
-
Long name
-
Location
Category
Region
Type
Antarctic
Subregion
Maitri
Platform
Short name
-
Long name
-
Data
					Set Progress
Complete
close
save as pdf
If XML not opening,
Click Here!
If download not started,
Click Here!
Search
Quick Links
Contact Us
Data Policy & Guidelines
User Manual
Polar Directory
Data Submission
Common Project Proposal Form
Submit a New Data
For scholars
Dataset by Science Keywords
Dataset by Location
Observation Dataset
Quantarctica
Data Portal
Synoptic Data
Useful Links
Python
Ferret visualization
and analysis Tool
The R Project
© National Centre for Polar and Ocean Research
						(NCPOR), Ministry of Earth Sciences (MoES), Government of India"
Cryosphere,Cryosphere,Vulnerability of East Coastal Antarctic to surface melt and Ponding,https://npdc.ncpor.res.in/npdc/search_mf_data.action?search=title&expedition_type=Antarctic&parameter=MF-1022237674&userType=user&parameter1=Cryosphere,"META DATA SEARCH
Home
About
Data
Search For Datasets »
Browse by Keyword
Browse by Location
Data Availability
SOE : Scientific Voyage Details
Other Datasets »
Weather and Environment
Search AWS & Meteorological Datasets
Sagar Kanya Cruise Report
Surface Data at Maitri & Gangotri
Synoptic Data From Bharti Station (2016-21)
Submit Your Data »
New Datasets
Last Submitted Datasets
Other Data Links
Important links »
Polar View
NCMRWF - Southern Ocean
NCMRWF - Sea-ice Arctic
NCMRWF - Sea-ice Antarctic
Polar Directory
Search by Data Types
Free Text
Sign
					In
User Manual
Brief Record
Full Record
View XML
Export PDF
Get Data
Title
Melt Pond Data - 44ISEA
Abstract
Surface melt-induced melt ponds and supraglacial lakes (SGLs) are key indicators of ice-sheet response to atmospheric warming in Antarctica. When firn saturation limits meltwater infiltration, water accumulates in surface depressions, forming ponds and lakes that may refreeze, drain, or enhance melting through albedo feedbacks. These processes can influence ice-shelf stability and ice dynamics. This study investigates the seasonal variability, formation, and evolution of melt ponds and SGLs in and around the Maitri Research Station, Schirmacher Oasis, to better understand surface melt processes and their implications for Antarctic ice stability.
Purpose
To investigate the seasonal variability and evolution of surface melt by analysing the formation, persistence, and dynamics of melt ponds and supraglacial lakes in and around the Maitri Research Station, Schirmacher Oasis. The study aims to understand their role in meltwater accumulation, albedo feedbacks, and potential impacts on ice dynamics and stability.
Basic Information
Release Date
:    1/04/2025
Originating Center
:
Data Set Progress
:    Complete
Data Set Language
:
ISO Topic Categories
Category
:   Cryosphere
Topic
:   Cryosphere
ISO Topic
:   Cryosphere
Personnel
Role
:   Professor
Name
:   Dr. Geetha   Priya M
e-mail
:   geetha.p@ciirc.jyothyit.ac.in
Organisation
:   CIIRC, Jyothy Institute of Technology, Bengaluru
Title
Melt Pond Data - 44ISEA
Science Keywords
Category
Cryosphere
Topic
Cryosphere
ISO Topic
Cryosphere
Expedition Year
2024-2025
Project Details
Project Number
44-RSG/OR-01(2)
Project Name
Vulnerability of East Coastal Antarctic to surface melt and Ponding
Summary
Abstract
Surface melt-induced melt ponds and supraglacial lakes (SGLs) are key indicators of ice-sheet response to atmospheric warming in Antarctica. When firn saturation limits meltwater infiltration, water accumulates in surface depressions, forming ponds and lakes that may refreeze, drain, or enhance melting through albedo feedbacks. These processes can influence ice-shelf stability and ice dynamics. This study investigates the seasonal variability, formation, and evolution of melt ponds and SGLs in and around the Maitri Research Station, Schirmacher Oasis, to better understand surface melt processes and their implications for Antarctic ice stability.
Purpose
To investigate the seasonal variability and evolution of surface melt by analysing the formation, persistence, and dynamics of melt ponds and supraglacial lakes in and around the Maitri Research Station, Schirmacher Oasis. The study aims to understand their role in meltwater accumulation, albedo feedbacks, and potential impacts on ice dynamics and stability.
Dataset Citation
Creator
Dr Geetha Priya M
Editor
Dr Geetha Priya M
Dataset Title
Vulnerability of East Coastal Antarctic to surface melt and Ponding
Series Name
4
Release Date
1/04/2025
Release Place
Bangalore
Version
Online Resource
https://data.ncpor.res.in/static/datasets/MF-1022237674_44_isea_nivl.xls
Scientist Details
Role
Professor
Name
Dr. Geetha   Priya M
e-mail
geetha.p@ciirc.jyothyit.ac.in
Phone
9632264326
Mobile Number
9632264326
Institute /
Organization
CIIRC, Jyothy Institute of Technology, Bengaluru
Address
Thathaguni, Off kanakapura Road, Bangalore
City
Bangalore
State
Karnataka
Postal Code
560082
Country
India
Data Center
Short Name
NPDC
Long Name
National Polar Data Center, India
Mail Id
npdc@ncpor.res.in
Phone No
+91 - 832-2525515
Address
Headland Sada
City
Vasco-Da-Gama
State
Goa
Pin Code
403804
Country
India
Instrument Details
Short name
PTA
Long name
Pressure Transducer Assembly
GPS Data Collection
Temporal Coverage
Start Date
17/11/2024
End Date
9/01/2025
Paleo-Temporal Coverage
Paleo Start Date
Paleo Stop Date
Chronostrati Graphic Unit
Spatial Coverage
Bounding Box Data Set
Southernmost Latitude
o
'   ""
Northernmost Latitude
o
'   ""
Westernmost Longitude
o
'   ""
Easternmost Longitude
o
'   ""
Minimum Altitude
0
Maximum Altitude
0
Minimum Depth
0
Maximum Depth
0
Global Data Set
Southernmost Latitude
o
'
					  ""
Northernmost Latitude
o
'
					  ""
Westernmost Longitude
o
'
					  ""
Easternmost Longitude
o
'
					  ""
Point Data Set
Southernmost Latitude
o
'
					  ""
Northernmost Latitude
o
'
					  ""
Westernmost Longitude
o
'
					  ""
Easternmost Longitude
o
'
					  ""
Location
Category
Region
Type
Antarctic
Subregion
Schirmacher Oasis
Data Resolution
Latitude Resolution
70
o
46'   20""
Longitude Resolution
11
o
52'   38""
Horizontal Resolution Range
Vertical Resolution
Vertical Resolution Range
Temporal Resolution
Temporal Resolution Range
Platform
Short name
PTA
Long name
Pressure Transducer Assembly
Data
					Set Progress
Complete
close
save as pdf
If XML not opening,
Click Here!
If download not started,
Click Here!
Search
Quick Links
Contact Us
Data Policy & Guidelines
User Manual
Polar Directory
Data Submission
Common Project Proposal Form
Submit a New Data
For scholars
Dataset by Science Keywords
Dataset by Location
Observation Dataset
Quantarctica
Data Portal
Synoptic Data
Useful Links
Python
Ferret visualization
and analysis Tool
The R Project
© National Centre for Polar and Ocean Research
						(NCPOR), Ministry of Earth Sciences (MoES), Government of India"
Cryosphere,Cryosphere,Vulnerability of East Coastal Antarctic to surface melt and Ponding,https://npdc.ncpor.res.in/npdc/search_mf_data.action?search=title&expedition_type=Antarctic&parameter=MF112353102&userType=user&parameter1=Cryosphere,"META DATA SEARCH
Home
About
Data
Search For Datasets »
Browse by Keyword
Browse by Location
Data Availability
SOE : Scientific Voyage Details
Other Datasets »
Weather and Environment
Search AWS & Meteorological Datasets
Sagar Kanya Cruise Report
Surface Data at Maitri & Gangotri
Synoptic Data From Bharti Station (2016-21)
Submit Your Data »
New Datasets
Last Submitted Datasets
Other Data Links
Important links »
Polar View
NCMRWF - Southern Ocean
NCMRWF - Sea-ice Arctic
NCMRWF - Sea-ice Antarctic
Polar Directory
Search by Data Types
Free Text
Sign
					In
User Manual
Brief Record
Full Record
View XML
Export PDF
Get Data
Title
Melt Pond Data - 44ISEA
Abstract
Surface melt-induced melt ponds and supraglacial lakes (SGLs) are key indicators of ice-sheet response to atmospheric warming in Antarctica. When firn saturation limits meltwater infiltration, water accumulates in surface depressions, forming ponds and lakes that may refreeze, drain, or enhance melting through albedo feedbacks. These processes can influence ice-shelf stability and ice dynamics. This study investigates the seasonal variability, formation, and evolution of melt ponds and SGLs in and around the Maitri Research Station, Schirmacher Oasis, to better understand surface melt processes and their implications for Antarctic ice stability.
Purpose
To investigate the seasonal variability and evolution of surface melt by analysing the formation, persistence, and dynamics of melt ponds and supraglacial lakes in and around the Maitri Research Station, Schirmacher Oasis.

The study aims to understand their role in meltwater accumulation, albedo feedbacks, and potential impacts on ice dynamics and stability.
Basic Information
Release Date
:    1/04/2025
Originating Center
:
Data Set Progress
:    Complete
Data Set Language
:
ISO Topic Categories
Category
:   Cryosphere
Topic
:   Cryosphere
ISO Topic
:   Cryosphere
Personnel
Role
:   Professor
Name
:   Dr. Geetha   Priya
e-mail
:   geetha.p@ciirc.jyothyit.ac.in
Organisation
:   CIIRC, Jyothy Institute of Technology, Bengaluru
Title
Melt Pond Data - 44ISEA
Science Keywords
Category
Cryosphere
Topic
Cryosphere
ISO Topic
Cryosphere
Expedition Year
2024-2025
Project Details
Project Number
44-RSG/OR-01(2)
Project Name
Vulnerability of East Coastal Antarctic to surface melt and Ponding
Summary
Abstract
Surface melt-induced melt ponds and supraglacial lakes (SGLs) are key indicators of ice-sheet response to atmospheric warming in Antarctica. When firn saturation limits meltwater infiltration, water accumulates in surface depressions, forming ponds and lakes that may refreeze, drain, or enhance melting through albedo feedbacks. These processes can influence ice-shelf stability and ice dynamics. This study investigates the seasonal variability, formation, and evolution of melt ponds and SGLs in and around the Maitri Research Station, Schirmacher Oasis, to better understand surface melt processes and their implications for Antarctic ice stability.
Purpose
To investigate the seasonal variability and evolution of surface melt by analysing the formation, persistence, and dynamics of melt ponds and supraglacial lakes in and around the Maitri Research Station, Schirmacher Oasis.

The study aims to understand their role in meltwater accumulation, albedo feedbacks, and potential impacts on ice dynamics and stability.
Dataset Citation
Creator
Dr Geetha Priya M
Editor
Dr Geetha Priya M
Dataset Title
Vulnerability of East Coastal Antarctic to surface melt and Ponding
Series Name
3
Release Date
1/04/2025
Release Place
Bangalore
Version
Online Resource
https://data.ncpor.res.in/static/datasets/MF112353102_44_isea.xlsx
Scientist Details
Role
Professor
Name
Dr. Geetha   Priya
e-mail
geetha.p@ciirc.jyothyit.ac.in
Phone
9632264326
Mobile Number
9632264326
Institute /
Organization
CIIRC, Jyothy Institute of Technology, Bengaluru
Address
Thathaguni, Off Kanakapura Road, Bangalore
City
Bangalore
State
Karnataka
Postal Code
560082
Country
India
Data Center
Short Name
NPDC
Long Name
National Polar Data Center, India
Mail Id
npdc@ncpor.res.in
Phone No
+91 - 832-2525515
Address
Headland Sada
City
Vasco-Da-Gama
State
Goa
Pin Code
403804
Country
India
Instrument Details
Short name
PTA
Long name
Pressure Transducer Assembly
Location
Category
Region
Type
Antarctic
Subregion
Schirmacher Oasis
Data Resolution
Latitude Resolution
70
o
47'   9 ""
Longitude Resolution
11
o
37'   16""
Horizontal Resolution Range
Vertical Resolution
Vertical Resolution Range
Temporal Resolution
Temporal Resolution Range
Platform
Short name
PTA
Long name
Pressure Transducer Assembly
Data
					Set Progress
Complete
close
save as pdf
If XML not opening,
Click Here!
If download not started,
Click Here!
Search
Quick Links
Contact Us
Data Policy & Guidelines
User Manual
Polar Directory
Data Submission
Common Project Proposal Form
Submit a New Data
For scholars
Dataset by Science Keywords
Dataset by Location
Observation Dataset
Quantarctica
Data Portal
Synoptic Data
Useful Links
Python
Ferret visualization
and analysis Tool
The R Project
© National Centre for Polar and Ocean Research
						(NCPOR), Ministry of Earth Sciences (MoES), Government of India"
Cryosphere,Cryosphere,Vulnerability of East Coastal Antarctic to surface melt and Ponding,https://npdc.ncpor.res.in/npdc/search_mf_data.action?search=title&expedition_type=Antarctic&parameter=MF1219839468&userType=user&parameter1=Cryosphere,"META DATA SEARCH
Home
About
Data
Search For Datasets »
Browse by Keyword
Browse by Location
Data Availability
SOE : Scientific Voyage Details
Other Datasets »
Weather and Environment
Search AWS & Meteorological Datasets
Sagar Kanya Cruise Report
Surface Data at Maitri & Gangotri
Synoptic Data From Bharti Station (2016-21)
Submit Your Data »
New Datasets
Last Submitted Datasets
Other Data Links
Important links »
Polar View
NCMRWF - Southern Ocean
NCMRWF - Sea-ice Arctic
NCMRWF - Sea-ice Antarctic
Polar Directory
Search by Data Types
Free Text
Sign
					In
User Manual
Brief Record
Full Record
View XML
Export PDF
Get Data
Title
Melt Pond Data
Abstract
Surface melt-induced melt ponds and supraglacial lakes (SGLs) are key indicators of ice-sheet response to atmospheric warming in Antarctica. When firn saturation limits meltwater infiltration, water accumulates in surface depressions, forming ponds and lakes that may refreeze, drain, or enhance melting through albedo feedbacks. These processes can influence ice-shelf stability and ice dynamics. This study investigates the seasonal variability, formation, and evolution of melt ponds and SGLs in and around the Maitri Research Station, Schirmacher Oasis, to better understand surface melt processes and their implications for Antarctic ice stability.
Purpose
To investigate the seasonal variability and evolution of surface melt by analysing the formation, persistence, and dynamics of melt ponds and supraglacial lakes in and around the Maitri Research Station, Schirmacher Oasis.

The study aims to understand their role in meltwater accumulation, albedo feedbacks, and potential impacts on ice dynamics and stability.
Basic Information
Release Date
:    1/03/2023
Originating Center
:
Data Set Progress
:    In Work
Data Set Language
:
ISO Topic Categories
Category
:   Cryosphere
Topic
:   Cryosphere
ISO Topic
:   Cryosphere
Personnel
Role
:   Professor
Name
:   Dr. Geetha   Priya
e-mail
:   geetha.p@ciirc.jyothyit.ac.in
Organisation
:   CIIRC, Jyothy Institute of Technology, Bengaluru
Title
Melt Pond Data
Science Keywords
Category
Cryosphere
Topic
Cryosphere
ISO Topic
Cryosphere
Expedition Year
2022-2023
Project Details
Project Number
42-AMOS/OR-06 (2)
Project Name
Vulnerability of East Coastal Antarctic to surface melt and Ponding
Summary
Abstract
Surface melt-induced melt ponds and supraglacial lakes (SGLs) are key indicators of ice-sheet response to atmospheric warming in Antarctica. When firn saturation limits meltwater infiltration, water accumulates in surface depressions, forming ponds and lakes that may refreeze, drain, or enhance melting through albedo feedbacks. These processes can influence ice-shelf stability and ice dynamics. This study investigates the seasonal variability, formation, and evolution of melt ponds and SGLs in and around the Maitri Research Station, Schirmacher Oasis, to better understand surface melt processes and their implications for Antarctic ice stability.
Purpose
To investigate the seasonal variability and evolution of surface melt by analysing the formation, persistence, and dynamics of melt ponds and supraglacial lakes in and around the Maitri Research Station, Schirmacher Oasis.

The study aims to understand their role in meltwater accumulation, albedo feedbacks, and potential impacts on ice dynamics and stability.
Dataset Citation
Creator
Dr Geetha Priya M
Editor
Dr Geetha Priya M
Dataset Title
Vulnerability of East Coastal Antarctic to surface melt and Ponding
Series Name
1
Release Date
1/03/2023
Release Place
Bangalore
Version
Online Resource
https://data.ncpor.res.in/static/datasets/MF1219839468_42_isea.xlsx
Scientist Details
Role
Professor
Name
Dr. Geetha   Priya
e-mail
geetha.p@ciirc.jyothyit.ac.in
Phone
9632264326
Mobile Number
9632264326
Institute /
Organization
CIIRC, Jyothy Institute of Technology, Bengaluru
Address
Thathaguni, Off Kanakapura Road, Bengaluru.
City
Bangalore
State
Karnataka
Postal Code
560082
Country
India
Data Center
Short Name
NPDC
Long Name
National Polar Data Center, India
Mail Id
npdc@ncpor.res.in
Phone No
+91 - 832-2525515
Address
Headland Sada
City
Vasco-Da-Gama
State
Goa
Pin Code
403804
Country
India
Instrument Details
Short name
PTA
Long name
Pressure Transducer Assembly
Location
Category
Region
Type
Antarctic
Subregion
Schirmacher Oasis
Data Resolution
Latitude Resolution
70
o
46'   21""
Longitude Resolution
11
o
45'   10""
Horizontal Resolution Range
Vertical Resolution
Vertical Resolution Range
Temporal Resolution
Temporal Resolution Range
Platform
Short name
PTA
Long name
Pressure Transducer Assembly
Data
					Set Progress
In Work
close
save as pdf
If XML not opening,
Click Here!
If download not started,
Click Here!
Search
Quick Links
Contact Us
Data Policy & Guidelines
User Manual
Polar Directory
Data Submission
Common Project Proposal Form
Submit a New Data
For scholars
Dataset by Science Keywords
Dataset by Location
Observation Dataset
Quantarctica
Data Portal
Synoptic Data
Useful Links
Python
Ferret visualization
and analysis Tool
The R Project
© National Centre for Polar and Ocean Research
						(NCPOR), Ministry of Earth Sciences (MoES), Government of India"
Cryosphere,Cryosphere,SAC NCPOR,https://npdc.ncpor.res.in/npdc/search_mf_data.action?search=title&expedition_type=Antarctic&parameter=MF-1366762605&userType=user&parameter1=Cryosphere,"META DATA SEARCH
Home
About
Data
Search For Datasets »
Browse by Keyword
Browse by Location
Data Availability
SOE : Scientific Voyage Details
Other Datasets »
Weather and Environment
Search AWS & Meteorological Datasets
Sagar Kanya Cruise Report
Surface Data at Maitri & Gangotri
Synoptic Data From Bharti Station (2016-21)
Submit Your Data »
New Datasets
Last Submitted Datasets
Other Data Links
Important links »
Polar View
NCMRWF - Southern Ocean
NCMRWF - Sea-ice Arctic
NCMRWF - Sea-ice Antarctic
Polar Directory
Search by Data Types
Free Text
Sign
					In
User Manual
Brief Record
Full Record
View XML
Export PDF
Get Data
Title
Snow and glacier studies observations
Abstract
Arctic region interacts with atmosphere and ocean, and respond to global warming showing visible signal of change in cryospheric elements. Ice sheet elevation and sea ice area monitoring have been carried out and is a continuing activity to better understand sea level rise and albedo feedback mechanisms. Svalbard provides an opportunity to collect in-situ data for cryospheric elements and meteorological parameters in arctic environment. It is crucial to develop and validate remote sensing based approach to understand the long-term spatio-temporal trend. Advance instrumentation will help us to retrieve snow and glacier sub-surface layer properties and to correlate them with remote sensing observations. It is also important to carry out a comparative study between high latitude and high altitude snow and glacier resources to understand climate change response on polar and H-K cryosphere regions.
Purpose
Present study aim to carry out space based investigation using multi ?sensor, -frequency and temporal remote sensing observations to improve our understanding of glaciers, snow, ice sheet/caps, sea ice & permafrost dynamics in Arctic region. Ground studies are crucial to develop and validate remote sensing derived geophysical products over Arctic region which will be carried out over Svalbard region. We also plan for carrying out a comparative analysis of the response of cryospheric elements over high latitude (Svalbard) and high altitude (Himalaya) regions.
Basic Information
Release Date
:    28/03/2025
Originating Center
:
Data Set Progress
:    Complete
Data Set Language
:
ISO Topic Categories
Category
:   Cryosphere
Topic
:   Cryosphere
ISO Topic
:   Cryosphere
Personnel
Role
:   PI
Name
:   Dr. Sushil  kumar Singh
e-mail
:   sushil@sac.isro.gov.in
Organisation
:   SAC
Title
Snow and glacier studies observations
Science Keywords
Category
Cryosphere
Topic
Cryosphere
ISO Topic
Cryosphere
Expedition Year
2023-2024
Project Details
Project Number
NCPOR/ARC/IAE-2023-24/07
Project Name
Monitoring of Cryospheric Processes and Dynamics using space borne and in-situ data
Summary
Abstract
Arctic region interacts with atmosphere and ocean, and respond to global warming showing visible signal of change in cryospheric elements. Ice sheet elevation and sea ice area monitoring have been carried out and is a continuing activity to better understand sea level rise and albedo feedback mechanisms. Svalbard provides an opportunity to collect in-situ data for cryospheric elements and meteorological parameters in arctic environment. It is crucial to develop and validate remote sensing based approach to understand the long-term spatio-temporal trend. Advance instrumentation will help us to retrieve snow and glacier sub-surface layer properties and to correlate them with remote sensing observations. It is also important to carry out a comparative study between high latitude and high altitude snow and glacier resources to understand climate change response on polar and H-K cryosphere regions.
Purpose
Present study aim to carry out space based investigation using multi ?sensor, -frequency and temporal remote sensing observations to improve our understanding of glaciers, snow, ice sheet/caps, sea ice & permafrost dynamics in Arctic region. Ground studies are crucial to develop and validate remote sensing derived geophysical products over Arctic region which will be carried out over Svalbard region. We also plan for carrying out a comparative analysis of the response of cryospheric elements over high latitude (Svalbard) and high altitude (Himalaya) regions.
Dataset Citation
Creator
Sushil Kumar Singh
Editor
Sushil Kumar Singh
Dataset Title
SAC NCPOR
Series Name
None
Release Date
28/03/2025
Release Place
Goa
Version
Online Resource
https://data.ncpor.res.in/static/datasets/MF-1366762605_snow_parameters_vb2_file_all.xlsx
Scientist Details
Role
PI
Name
Dr. Sushil  kumar Singh
e-mail
sushil@sac.isro.gov.in
Phone
07016426613
Mobile Number
07016426613
Institute /
Organization
SAC
Address
Space Applications Centre ISRO, Ahmedabad
City
Ahmedabad
State
Gujarat
Postal Code
380015
Country
India
Data Center
Short Name
NPDC
Long Name
National Polar Data Center, India
Mail Id
npdc@ncpor.res.in
Phone No
+91 - 832-2525515
Address
Headland Sada
City
Vasco-Da-Gama
State
Goa
Pin Code
403804
Country
India
Instrument Details
Short name
Snowfork Spectroradiometer AWS-NPI
Long name
snowfork spectroradiometer AWS-NPI
GPS Data Collection
Temporal Coverage
Start Date
1/09/2023
End Date
29/09/2023
Paleo-Temporal Coverage
Paleo Start Date
Paleo Stop Date
Chronostrati Graphic Unit
Spatial Coverage
Bounding Box Data Set
Southernmost Latitude
o
'   ""
Northernmost Latitude
o
'   ""
Westernmost Longitude
o
'   ""
Easternmost Longitude
o
'   ""
Minimum Altitude
60
Maximum Altitude
60
Minimum Depth
1
Maximum Depth
13
Global Data Set
Southernmost Latitude
o
'
					  ""
Northernmost Latitude
o
'
					  ""
Westernmost Longitude
o
'
					  ""
Easternmost Longitude
o
'
					  ""
Point Data Set
Southernmost Latitude
o
'
					  ""
Northernmost Latitude
o
'
					  ""
Westernmost Longitude
o
'
					  ""
Easternmost Longitude
o
'
					  ""
Location
Category
Region
Type
Arctic
Subregion
Ny-Alesund
Platform
Short name
wgs84
Long name
wgs84
Data
					Set Progress
Complete
close
save as pdf
If XML not opening,
Click Here!
If download not started,
Click Here!
Search
Quick Links
Contact Us
Data Policy & Guidelines
User Manual
Polar Directory
Data Submission
Common Project Proposal Form
Submit a New Data
For scholars
Dataset by Science Keywords
Dataset by Location
Observation Dataset
Quantarctica
Data Portal
Synoptic Data
Useful Links
Python
Ferret visualization
and analysis Tool
The R Project
© National Centre for Polar and Ocean Research
						(NCPOR), Ministry of Earth Sciences (MoES), Government of India"
Cryosphere,Cryosphere,Dr,https://npdc.ncpor.res.in/npdc/search_mf_data.action?search=title&expedition_type=Antarctic&parameter=MF-1469918542&userType=user&parameter1=Cryosphere,"META DATA SEARCH
Home
About
Data
Search For Datasets »
Browse by Keyword
Browse by Location
Data Availability
SOE : Scientific Voyage Details
Other Datasets »
Weather and Environment
Search AWS & Meteorological Datasets
Sagar Kanya Cruise Report
Surface Data at Maitri & Gangotri
Synoptic Data From Bharti Station (2016-21)
Submit Your Data »
New Datasets
Last Submitted Datasets
Other Data Links
Important links »
Polar View
NCMRWF - Southern Ocean
NCMRWF - Sea-ice Arctic
NCMRWF - Sea-ice Antarctic
Polar Directory
Search by Data Types
Free Text
Sign
					In
User Manual
Brief Record
Full Record
View XML
Export PDF
Data pending
Title
Ice Core Drilling along a Transect in Dronning Maud Land, East Antarctica
Abstract
Ice core provide one of the most direct climatic proxy records. Ice core are cylinders of ice drilled out from ice sheet or glaciers. Ice cores contain an abundance of information about climate. Inclusions in the snow of each year remain in the ice, such as wind-blown dust, ash, bubbles of atmospheric gas and radioactive substances. An ice core from the right site can be used to reconstruct an uninterrupted and detailed climate record extending over hundreds of thousands of years, providing information on a wide variety of aspects of climate at each point in time. These recorded atmospheric signatures in the ice make the ice cores such a powerful tool in paleoclimate research. Ice core division of NCAOR has collected several ice cores from coastal Dronning Maud Land, East Antarctica. The details of the ice cores collected and the parameters analysed are presented here.
Purpose
The aim of the ice core database is to improve the accessibility of the data to researchers, scientific administration
Basic Information
Release Date
:    24/01/2020
Originating Center
:
Data Set Progress
:    In Work
Data Set Language
:
ISO Topic Categories
Category
:   Cryosphere
Topic
:   Cryosphere
ISO Topic
:   Major ions
Personnel
Role
:   Co Principal Investigator
Name
:   Dr. Laluraj  C C M
e-mail
:   lalucm@gmail.com
Organisation
:   National Centre for Polar and Ocean Research (NCPOR)
Title
Ice Core Drilling along a Transect in Dronning Maud Land, East Antarctica
Science Keywords
Category
Cryosphere
Topic
Cryosphere
ISO Topic
Major ions
Expedition Year
2007-2008
Project Details
Project Number
ESG-7
Project Name
CRYOSPHERE & CLIMATE
Summary
Abstract
Ice core provide one of the most direct climatic proxy records. Ice core are cylinders of ice drilled out from ice sheet or glaciers. Ice cores contain an abundance of information about climate. Inclusions in the snow of each year remain in the ice, such as wind-blown dust, ash, bubbles of atmospheric gas and radioactive substances. An ice core from the right site can be used to reconstruct an uninterrupted and detailed climate record extending over hundreds of thousands of years, providing information on a wide variety of aspects of climate at each point in time. These recorded atmospheric signatures in the ice make the ice cores such a powerful tool in paleoclimate research. Ice core division of NCAOR has collected several ice cores from coastal Dronning Maud Land, East Antarctica. The details of the ice cores collected and the parameters analysed are presented here.
Purpose
The aim of the ice core database is to improve the accessibility of the data to researchers, scientific administration
Dataset Citation
Creator
National Centre for Polar  Ocean Research
Editor
Thamban Meloth
Dataset Title
Dr
Series Name
IND 25/B7 Ice core
Release Date
24/01/2020
Release Place
Goa
Version
Online Resource
Scientist Details
Role
Co Principal Investigator
Name
Dr. Laluraj  C C M
e-mail
lalucm@gmail.com
Phone
07020962241
Mobile Number
07020962241
Institute /
Organization
National Centre for Polar and Ocean Research (NCPOR)
Address
HEADLAND SADA
City
VASCO DA GAMA
State
Goa
Postal Code
403804
Country
India
Data Center
Short Name
NPDC
Long Name
National Polar Data Center, India
Mail Id
npdc@ncpor.res.in
Phone No
+91 - 832-2525515
Address
Headland Sada
City
Vasco-Da-Gama
State
Goa
Pin Code
403804
Country
India
Instrument Details
Short name
Model D2, Geotec
Long name
Electromechanical ice core drilling system
Location
Category
Region
Type
Antarctic
Subregion
Maitri
Data Resolution
Latitude Resolution
70
o
30'   80""
Longitude Resolution
11
o
55'   73""
Horizontal Resolution Range
Vertical Resolution
Vertical Resolution Range
Temporal Resolution
Temporal Resolution Range
Platform
Short name
ICE CORE DATA
Long name
&#61540;18O and &#61540;D
Data
					Set Progress
In Work
close
save as pdf
If XML not opening,
Click Here!
If download not started,
Click Here!
Search
Quick Links
Contact Us
Data Policy & Guidelines
User Manual
Polar Directory
Data Submission
Common Project Proposal Form
Submit a New Data
For scholars
Dataset by Science Keywords
Dataset by Location
Observation Dataset
Quantarctica
Data Portal
Synoptic Data
Useful Links
Python
Ferret visualization
and analysis Tool
The R Project
© National Centre for Polar and Ocean Research
						(NCPOR), Ministry of Earth Sciences (MoES), Government of India"
Cryosphere,Cryosphere,Arctic Expedition 2019-2020,https://npdc.ncpor.res.in/npdc/search_mf_data.action?search=title&expedition_type=Antarctic&parameter=MF-1580091146&userType=user&parameter1=Cryosphere,"META DATA SEARCH
Home
About
Data
Search For Datasets »
Browse by Keyword
Browse by Location
Data Availability
SOE : Scientific Voyage Details
Other Datasets »
Weather and Environment
Search AWS & Meteorological Datasets
Sagar Kanya Cruise Report
Surface Data at Maitri & Gangotri
Synoptic Data From Bharti Station (2016-21)
Submit Your Data »
New Datasets
Last Submitted Datasets
Other Data Links
Important links »
Polar View
NCMRWF - Southern Ocean
NCMRWF - Sea-ice Arctic
NCMRWF - Sea-ice Antarctic
Polar Directory
Search by Data Types
Free Text
Sign
					In
User Manual
Brief Record
Full Record
View XML
Export PDF
Get Data
Title
Surface melt of Vestre Broggerbreen glacier September 2019
Abstract
In the Arctic, the impacts of global warming are strong and the rate of ice melting is increasingly accelerating due to warmer tem- peratures relative to snow accumulation. With recent advances in unmanned air vehicle (UAV) technology and image processing techniques, field measurements for cryosphere studies have gained significance today. In the current report, an attempt is being made to measure glacier surface melt over a four-day period using UAV acquisitions and field measurements to improve India?s scientific credentials in polar science. Two aerial surveys were performed on 14 and 17 September 2019 using an indigenous Quadcopter UAV over a portion of the Ablation area of Vestre Broggerbreen glacier, Svalbard, Arctic. To measure precise surface melt, surface topog- raphy reconstructed from the acquired aerial images is processed. Results concluded that a surface melt was observed ranging from
0.013 to 0.065 m, which agreed with the measurements in situ.
Purpose
The purpose of the data set  are for display on the npdc portal and associated mapping programs and for download to personal computers for ad-hoc end-user analysis.
Basic Information
Release Date
:    6/12/2024
Originating Center
:
Data Set Progress
:    In Work
Data Set Language
:
ISO Topic Categories
Category
:   Cryosphere
Topic
:   Cryosphere
ISO Topic
:   Environment
Personnel
Role
:   Scientist
Name
:   Dr. Geetha   Priya
e-mail
:   geetha.p@ciirc.jyothyit.ac.in
Organisation
:   CIIRC, Jyothy Institute of Technology, Bengaluru
Title
Surface melt of Vestre Broggerbreen glacier September 2019
Science Keywords
Category
Cryosphere
Topic
Cryosphere
ISO Topic
Environment
Expedition Year
2019-2020
Project Details
Project Number
RIS-10483
Project Name
Monitoring of surface melt on selected glaciers of Spitsbergen, Svalbard using UAV surveys
Summary
Abstract
In the Arctic, the impacts of global warming are strong and the rate of ice melting is increasingly accelerating due to warmer tem- peratures relative to snow accumulation. With recent advances in unmanned air vehicle (UAV) technology and image processing techniques, field measurements for cryosphere studies have gained significance today. In the current report, an attempt is being made to measure glacier surface melt over a four-day period using UAV acquisitions and field measurements to improve India?s scientific credentials in polar science. Two aerial surveys were performed on 14 and 17 September 2019 using an indigenous Quadcopter UAV over a portion of the Ablation area of Vestre Broggerbreen glacier, Svalbard, Arctic. To measure precise surface melt, surface topog- raphy reconstructed from the acquired aerial images is processed. Results concluded that a surface melt was observed ranging from
0.013 to 0.065 m, which agreed with the measurements in situ.
Purpose
The purpose of the data set  are for display on the npdc portal and associated mapping programs and for download to personal computers for ad-hoc end-user analysis.
Dataset Citation
Creator
Geetha Priya M
Editor
Geetha Priya M
Dataset Title
Arctic Expedition 2019-2020
Series Name
Sep 2019
Release Date
6/12/2024
Release Place
Bengaluru
Version
Online Resource
https://data.ncpor.res.in/static/datasets/MF-1580091146_metadta_1.docx.pdf
Scientist Details
Role
Scientist
Name
Dr. Geetha   Priya
e-mail
geetha.p@ciirc.jyothyit.ac.in
Phone
9632264326
Mobile Number
9632264326
Institute /
Organization
CIIRC, Jyothy Institute of Technology, Bengaluru
Address
CIIRC, Jyothy Institute of Technology, Bengaluru
City
Bengaluru
State
Karnataka
Postal Code
560082
Country
India
Data Center
Short Name
NPDC
Long Name
National Polar Data Center, India
Mail Id
npdc@ncpor.res.in
Phone No
+91 - 832-2525515
Address
Headland Sada
City
Vasco-Da-Gama
State
Goa
Pin Code
403804
Country
India
Instrument Details
Short name
UAV
Long name
Unmanned Aerial Vehicle
Location
Category
Region
Type
Arctic
Subregion
Ny-Alesund
Platform
Short name
UAV
Long name
Unmanned Aerial Vehicle
Data
					Set Progress
In Work
close
save as pdf
If XML not opening,
Click Here!
If download not started,
Click Here!
Search
Quick Links
Contact Us
Data Policy & Guidelines
User Manual
Polar Directory
Data Submission
Common Project Proposal Form
Submit a New Data
For scholars
Dataset by Science Keywords
Dataset by Location
Observation Dataset
Quantarctica
Data Portal
Synoptic Data
Useful Links
Python
Ferret visualization
and analysis Tool
The R Project
© National Centre for Polar and Ocean Research
						(NCPOR), Ministry of Earth Sciences (MoES), Government of India"
Cryosphere,Cryosphere,Vulnerability of East Coastal Antarctic to surface melt and Ponding,https://npdc.ncpor.res.in/npdc/search_mf_data.action?search=title&expedition_type=Antarctic&parameter=MF-1625922048&userType=user&parameter1=Cryosphere,"META DATA SEARCH
Home
About
Data
Search For Datasets »
Browse by Keyword
Browse by Location
Data Availability
SOE : Scientific Voyage Details
Other Datasets »
Weather and Environment
Search AWS & Meteorological Datasets
Sagar Kanya Cruise Report
Surface Data at Maitri & Gangotri
Synoptic Data From Bharti Station (2016-21)
Submit Your Data »
New Datasets
Last Submitted Datasets
Other Data Links
Important links »
Polar View
NCMRWF - Southern Ocean
NCMRWF - Sea-ice Arctic
NCMRWF - Sea-ice Antarctic
Polar Directory
Search by Data Types
Free Text
Sign
					In
User Manual
Brief Record
Full Record
View XML
Export PDF
Get Data
Title
Melt Pond Data - 43ISEA
Abstract
Surface melt-induced melt ponds and supraglacial lakes (SGLs) are key indicators of ice-sheet response to atmospheric warming in Antarctica. When firn saturation limits meltwater infiltration, water accumulates in surface depressions, forming ponds and lakes that may refreeze, drain, or enhance melting through albedo feedbacks. These processes can influence ice-shelf stability and ice dynamics. This study investigates the seasonal variability, formation, and evolution of melt ponds and SGLs in and around the Maitri Research Station, Schirmacher Oasis, to better understand surface melt processes and their implications for Antarctic ice stability.
Purpose
To investigate the seasonal variability and evolution of surface melt by analysing the formation, persistence, and dynamics of melt ponds and supraglacial lakes in and around the Maitri Research Station, Schirmacher Oasis.

The study aims to understand their role in meltwater accumulation, albedo feedbacks, and potential impacts on ice dynamics and stability.
Basic Information
Release Date
:    1/04/2024
Originating Center
:
Data Set Progress
:    In Work
Data Set Language
:
ISO Topic Categories
Category
:   Cryosphere
Topic
:   Cryosphere
ISO Topic
:   Cryosphere
Personnel
Role
:   Professor
Name
:   Dr. Geetha   Priya
e-mail
:   geetha.p@ciirc.jyothyit.ac.in
Organisation
:   CIIRC, Jyothy Institute of Technology, Bengaluru
Title
Melt Pond Data - 43ISEA
Science Keywords
Category
Cryosphere
Topic
Cryosphere
ISO Topic
Cryosphere
Expedition Year
2023-2024
Project Details
Project Number
42-AMOS/OR-06 (2)
Project Name
Vulnerability of East Coastal Antarctic to surface melt and Ponding
Summary
Abstract
Surface melt-induced melt ponds and supraglacial lakes (SGLs) are key indicators of ice-sheet response to atmospheric warming in Antarctica. When firn saturation limits meltwater infiltration, water accumulates in surface depressions, forming ponds and lakes that may refreeze, drain, or enhance melting through albedo feedbacks. These processes can influence ice-shelf stability and ice dynamics. This study investigates the seasonal variability, formation, and evolution of melt ponds and SGLs in and around the Maitri Research Station, Schirmacher Oasis, to better understand surface melt processes and their implications for Antarctic ice stability.
Purpose
To investigate the seasonal variability and evolution of surface melt by analysing the formation, persistence, and dynamics of melt ponds and supraglacial lakes in and around the Maitri Research Station, Schirmacher Oasis.

The study aims to understand their role in meltwater accumulation, albedo feedbacks, and potential impacts on ice dynamics and stability.
Dataset Citation
Creator
Dr Geetha Priya M
Editor
Dr Geetha Priya M
Dataset Title
Vulnerability of East Coastal Antarctic to surface melt and Ponding
Series Name
2
Release Date
1/04/2024
Release Place
Bangalore
Version
Online Resource
https://data.ncpor.res.in/static/datasets/MF-1625922048_43_isea.xlsx
Scientist Details
Role
Professor
Name
Dr. Geetha   Priya
e-mail
geetha.p@ciirc.jyothyit.ac.in
Phone
9632264326
Mobile Number
9632264326
Institute /
Organization
CIIRC, Jyothy Institute of Technology, Bengaluru
Address
Thathaguni, Off Kanakapura Road, Bangalore
City
Bangalore
State
Karnataka
Postal Code
560082
Country
India
Data Center
Short Name
NPDC
Long Name
National Polar Data Center, India
Mail Id
npdc@ncpor.res.in
Phone No
+91 - 832-2525515
Address
Headland Sada
City
Vasco-Da-Gama
State
Goa
Pin Code
403804
Country
India
Instrument Details
Short name
PTA
Long name
Pressure Transducer Assembly
Location
Category
Region
Type
Antarctic
Subregion
Schirmacher Oasis
Data Resolution
Latitude Resolution
70
o
47'   5 ""
Longitude Resolution
11
o
37'   28""
Horizontal Resolution Range
Vertical Resolution
Vertical Resolution Range
Temporal Resolution
Temporal Resolution Range
Platform
Short name
PTA
Long name
Pressure Transducer Assembly
Data
					Set Progress
In Work
close
save as pdf
If XML not opening,
Click Here!
If download not started,
Click Here!
Search
Quick Links
Contact Us
Data Policy & Guidelines
User Manual
Polar Directory
Data Submission
Common Project Proposal Form
Submit a New Data
For scholars
Dataset by Science Keywords
Dataset by Location
Observation Dataset
Quantarctica
Data Portal
Synoptic Data
Useful Links
Python
Ferret visualization
and analysis Tool
The R Project
© National Centre for Polar and Ocean Research
						(NCPOR), Ministry of Earth Sciences (MoES), Government of India"
Cryosphere,Cryosphere,"Chemical characteristics of cryoconite holes and snow in Larsemann Hills, Antarctica over the melt season",https://npdc.ncpor.res.in/npdc/search_mf_data.action?search=title&expedition_type=Antarctic&parameter=MF214274926&userType=user&parameter1=Cryosphere,"META DATA SEARCH
Home
About
Data
Search For Datasets »
Browse by Keyword
Browse by Location
Data Availability
SOE : Scientific Voyage Details
Other Datasets »
Weather and Environment
Search AWS & Meteorological Datasets
Sagar Kanya Cruise Report
Surface Data at Maitri & Gangotri
Synoptic Data From Bharti Station (2016-21)
Submit Your Data »
New Datasets
Last Submitted Datasets
Other Data Links
Important links »
Polar View
NCMRWF - Southern Ocean
NCMRWF - Sea-ice Arctic
NCMRWF - Sea-ice Antarctic
Polar Directory
Search by Data Types
Free Text
Sign
					In
User Manual
Brief Record
Full Record
View XML
Export PDF
Data pending
Title
Chemical characteristics of cryoconite holes and snow in Larsemann Hills, Antarctica over the melt season
Abstract
During the 36th ISEA, to understand how the biogeochemistry of cryoconite holes varies through a melt season in coastal Antarctica, cryoconite holes subjected to different light conditions were monitored during the melt period. Mesocosm experiments were also conducted with snow and cryoconite holes to understand the impact of photochemical and microbial activities on dissolved organic carbon (DOC) and ionic constituents in these environments. Chemical analysis (DOC, carboxylate ion and major ion concentration) was carried out on the samples retrieved at the beginning and at the end of both the experiments. Both photochemical and microbial processes resulted in changing the biogeochemical characteristics in these environments. Therefore, consequences of these combined processes would determine the cycling of DOC and nutrients in the Antarctic supraglacial environments.
Purpose
The dataset generated provides an insight on how physical, geochemical and biological changes to glaciers as a result of rapid climate change in this region could influence the composition of the DOC pool and its susceptibility to photochemical and microbial transformation.
Basic Information
Release Date
:    15/10/2020
Originating Center
:
Data Set Progress
:    Complete
Data Set Language
:
ISO Topic Categories
Category
:   Cryosphere
Topic
:   Cryosphere
ISO Topic
:   Environment
Personnel
Role
:   Team Member
Name
:   Dr. Gautami  Dev Samui
e-mail
:   gautami@ncpor.res.in
Organisation
:   National Centre for Polar and Ocean Research (NCPOR)
Title
Chemical characteristics of cryoconite holes and snow in Larsemann Hills, Antarctica over the melt season
Science Keywords
Category
Cryosphere
Topic
Cryosphere
ISO Topic
Environment
Expedition Year
2016-2017
Project Details
Project Number
ESG-6
Project Name
Cryosphere and Climate
Summary
Abstract
During the 36th ISEA, to understand how the biogeochemistry of cryoconite holes varies through a melt season in coastal Antarctica, cryoconite holes subjected to different light conditions were monitored during the melt period. Mesocosm experiments were also conducted with snow and cryoconite holes to understand the impact of photochemical and microbial activities on dissolved organic carbon (DOC) and ionic constituents in these environments. Chemical analysis (DOC, carboxylate ion and major ion concentration) was carried out on the samples retrieved at the beginning and at the end of both the experiments. Both photochemical and microbial processes resulted in changing the biogeochemical characteristics in these environments. Therefore, consequences of these combined processes would determine the cycling of DOC and nutrients in the Antarctic supraglacial environments.
Purpose
The dataset generated provides an insight on how physical, geochemical and biological changes to glaciers as a result of rapid climate change in this region could influence the composition of the DOC pool and its susceptibility to photochemical and microbial transformation.
Dataset Citation
Creator
National Centre for Polar and Ocean Research
Editor
Runa Antony
Dataset Title
Chemical characteristics of cryoconite holes and snow in Larsemann Hills, Antarctica over the melt season
Series Name
36 Biogeochem
Release Date
15/10/2020
Release Place
Goa
Version
Online Resource
Scientist Details
Role
Team Member
Name
Dr. Gautami  Dev Samui
e-mail
gautami@ncpor.res.in
Phone
+91-832-2525636
Mobile Number
+91-832-2525636
Institute /
Organization
National Centre for Polar and Ocean Research (NCPOR)
Address
Headland Sada, Vasco-da-Gama
City
Vasco
State
Goa
Postal Code
403804
Country
India
Data Center
Short Name
NPDC
Long Name
National Polar Data Center, India
Mail Id
npdc@ncpor.res.in
Phone No
+91 - 832-2525515
Address
Headland Sada
City
Vasco-Da-Gama
State
Goa
Pin Code
403804
Country
India
Instrument Details
Short name
ICS2000, DX2500, Shimadzu Vcph, Olympus IX71
Long name
ICS2000 anion exchange ion chromatography, DX2500 cation exchange ion chromatography, Shimadzu Vcph Total organic carbon analyzer, Olympus IX71 inverted microscope
Location
Category
Region
Type
Antarctic
Subregion
Larsemann Hill
Platform
Short name
CH & snow
Long name
In-situ experiments with cryoconite hole and snow
Data
					Set Progress
Complete
close
save as pdf
If XML not opening,
Click Here!
If download not started,
Click Here!
Search
Quick Links
Contact Us
Data Policy & Guidelines
User Manual
Polar Directory
Data Submission
Common Project Proposal Form
Submit a New Data
For scholars
Dataset by Science Keywords
Dataset by Location
Observation Dataset
Quantarctica
Data Portal
Synoptic Data
Useful Links
Python
Ferret visualization
and analysis Tool
The R Project
© National Centre for Polar and Ocean Research
						(NCPOR), Ministry of Earth Sciences (MoES), Government of India"
Cryosphere,Cryosphere,Vulnerability of East Coastal Antarctic to surface melt and Ponding,https://npdc.ncpor.res.in/npdc/search_mf_data.action?search=title&expedition_type=Antarctic&parameter=MF224951078&userType=user&parameter1=Cryosphere,"META DATA SEARCH
Home
About
Data
Search For Datasets »
Browse by Keyword
Browse by Location
Data Availability
SOE : Scientific Voyage Details
Other Datasets »
Weather and Environment
Search AWS & Meteorological Datasets
Sagar Kanya Cruise Report
Surface Data at Maitri & Gangotri
Synoptic Data From Bharti Station (2016-21)
Submit Your Data »
New Datasets
Last Submitted Datasets
Other Data Links
Important links »
Polar View
NCMRWF - Southern Ocean
NCMRWF - Sea-ice Arctic
NCMRWF - Sea-ice Antarctic
Polar Directory
Search by Data Types
Free Text
Sign
					In
User Manual
Brief Record
Full Record
View XML
Export PDF
Get Data
Title
Melt Pond Data
Abstract
Surface melt-induced melt ponds and supraglacial lakes (SGLs) are key indicators of ice-sheet response to atmospheric warming in Antarctica. When firn saturation limits meltwater infiltration, water accumulates in surface depressions, forming ponds and lakes that may refreeze, drain, or enhance melting through albedo feedbacks. These processes can influence ice-shelf stability and ice dynamics. This study investigates the seasonal variability, formation, and evolution of melt ponds and SGLs in and around the Maitri Research Station, Schirmacher Oasis, to better understand surface melt processes and their implications for Antarctic ice stability.
Purpose
To investigate the seasonal variability and evolution of surface melt by analysing the formation, persistence, and dynamics of melt ponds and supraglacial lakes in and around the Maitri Research Station, Schirmacher Oasis.

The study aims to understand their role in meltwater accumulation, albedo feedbacks, and potential impacts on ice dynamics and stability.
Basic Information
Release Date
:    1/03/2023
Originating Center
:
Data Set Progress
:    In Work
Data Set Language
:
ISO Topic Categories
Category
:   Cryosphere
Topic
:   Cryosphere
ISO Topic
:   Cryosphere
Personnel
Role
:   Professor
Name
:   Dr. Geetha   Priya
e-mail
:   geetha.p@ciirc.jyothyit.ac.in
Organisation
:   CIIRC, Jyothy Institute of Technology, Bengaluru
Title
Melt Pond Data
Science Keywords
Category
Cryosphere
Topic
Cryosphere
ISO Topic
Cryosphere
Expedition Year
2022-2023
Project Details
Project Number
42-AMOS/OR-06 (2)
Project Name
Vulnerability of East Coastal Antarctic to surface melt and Ponding
Summary
Abstract
Surface melt-induced melt ponds and supraglacial lakes (SGLs) are key indicators of ice-sheet response to atmospheric warming in Antarctica. When firn saturation limits meltwater infiltration, water accumulates in surface depressions, forming ponds and lakes that may refreeze, drain, or enhance melting through albedo feedbacks. These processes can influence ice-shelf stability and ice dynamics. This study investigates the seasonal variability, formation, and evolution of melt ponds and SGLs in and around the Maitri Research Station, Schirmacher Oasis, to better understand surface melt processes and their implications for Antarctic ice stability.
Purpose
To investigate the seasonal variability and evolution of surface melt by analysing the formation, persistence, and dynamics of melt ponds and supraglacial lakes in and around the Maitri Research Station, Schirmacher Oasis.

The study aims to understand their role in meltwater accumulation, albedo feedbacks, and potential impacts on ice dynamics and stability.
Dataset Citation
Creator
Dr Geetha Priya M
Editor
Dr Geetha Priya M
Dataset Title
Vulnerability of East Coastal Antarctic to surface melt and Ponding
Series Name
1
Release Date
1/03/2023
Release Place
Bangalore
Version
Online Resource
https://data.ncpor.res.in/static/datasets/MF224951078_42_isea.xlsx
Scientist Details
Role
Professor
Name
Dr. Geetha   Priya
e-mail
geetha.p@ciirc.jyothyit.ac.in
Phone
9632264326
Mobile Number
9632264326
Institute /
Organization
CIIRC, Jyothy Institute of Technology, Bengaluru
Address
Thathaguni, Off Kanakapura Road, Bengaluru.
City
Bangalore
State
Karnataka
Postal Code
560082
Country
India
Data Center
Short Name
NPDC
Long Name
National Polar Data Center, India
Mail Id
npdc@ncpor.res.in
Phone No
+91 - 832-2525515
Address
Headland Sada
City
Vasco-Da-Gama
State
Goa
Pin Code
403804
Country
India
Instrument Details
Short name
PTA
Long name
Pressure Transducer Assembly
Location
Category
Region
Type
Antarctic
Subregion
Schirmacher Oasis
Data Resolution
Latitude Resolution
70
o
46'   21""
Longitude Resolution
11
o
45'   10""
Horizontal Resolution Range
Vertical Resolution
Vertical Resolution Range
Temporal Resolution
Temporal Resolution Range
Platform
Short name
PTA
Long name
Pressure Transducer Assembly
Data
					Set Progress
In Work
close
save as pdf
If XML not opening,
Click Here!
If download not started,
Click Here!
Search
Quick Links
Contact Us
Data Policy & Guidelines
User Manual
Polar Directory
Data Submission
Common Project Proposal Form
Submit a New Data
For scholars
Dataset by Science Keywords
Dataset by Location
Observation Dataset
Quantarctica
Data Portal
Synoptic Data
Useful Links
Python
Ferret visualization
and analysis Tool
The R Project
© National Centre for Polar and Ocean Research
						(NCPOR), Ministry of Earth Sciences (MoES), Government of India"
Cryosphere,Cryosphere,Dr,https://npdc.ncpor.res.in/npdc/search_mf_data.action?search=title&expedition_type=Antarctic&parameter=MF407653146&userType=user&parameter1=Cryosphere,"META DATA SEARCH
Home
About
Data
Search For Datasets »
Browse by Keyword
Browse by Location
Data Availability
SOE : Scientific Voyage Details
Other Datasets »
Weather and Environment
Search AWS & Meteorological Datasets
Sagar Kanya Cruise Report
Surface Data at Maitri & Gangotri
Synoptic Data From Bharti Station (2016-21)
Submit Your Data »
New Datasets
Last Submitted Datasets
Other Data Links
Important links »
Polar View
NCMRWF - Southern Ocean
NCMRWF - Sea-ice Arctic
NCMRWF - Sea-ice Antarctic
Polar Directory
Search by Data Types
Free Text
Sign
					In
User Manual
Brief Record
Full Record
View XML
Export PDF
Data pending
Title
Cryosphere Processes and Climate Change (CryoPACC): An integrated study on glaciology, biogeochemical processes and ice core records
Abstract
Seasonal snow is an important part of Earth's climate system. Short (~1 m) cores of snow provides snow accumulated for more than a year, facilitating the study of annual flux of annual flux of material and chemical flux accumulated in the supra-glacial environments.  Snow cores were collected from coastal to inland transect of Amery shelf, Ingrid Christensen Coast (Larsemann Hills) and of coastal Dronning Maud Land (Maitri) during 29 Indian scientific expeditions to Antarctica. Data include annual accumulation rate, glacio chemical concentrations (tracemetals and major ions), dust and micro-biological components.
Purpose
The aim of the ice core database is to improve the accessibility of the data to researchers, scientific administration and policy makers.
Basic Information
Release Date
:    24/01/2020
Originating Center
:
Data Set Progress
:    Complete
Data Set Language
:
ISO Topic Categories
Category
:   Cryosphere
Topic
:   Cryosphere
ISO Topic
:   Major ions
Personnel
Role
:   Co Principal Investigator
Name
:   Dr. Laluraj  C C M
e-mail
:   lalucm@gmail.com
Organisation
:   National Centre for Polar and Ocean Research (NCPOR)
Title
Cryosphere Processes and Climate Change (CryoPACC): An integrated study on glaciology, biogeochemical processes and ice core records
Science Keywords
Category
Cryosphere
Topic
Cryosphere
ISO Topic
Major ions
Expedition Year
2010-2011
Project Details
Project Number
EGG-11
Project Name
CRYOSPHERE & CLIMATE
Summary
Abstract
Seasonal snow is an important part of Earth's climate system. Short (~1 m) cores of snow provides snow accumulated for more than a year, facilitating the study of annual flux of annual flux of material and chemical flux accumulated in the supra-glacial environments.  Snow cores were collected from coastal to inland transect of Amery shelf, Ingrid Christensen Coast (Larsemann Hills) and of coastal Dronning Maud Land (Maitri) during 29 Indian scientific expeditions to Antarctica. Data include annual accumulation rate, glacio chemical concentrations (tracemetals and major ions), dust and micro-biological components.
Purpose
The aim of the ice core database is to improve the accessibility of the data to researchers, scientific administration and policy makers.
Dataset Citation
Creator
National Centre for Polar  Ocean Research
Editor
Thamban Meloth
Dataset Title
Dr
Series Name
Snow cores from cDML
Release Date
24/01/2020
Release Place
Goa
Version
Online Resource
Scientist Details
Role
Co Principal Investigator
Name
Dr. Laluraj  C C M
e-mail
lalucm@gmail.com
Phone
07020962241
Mobile Number
07020962241
Institute /
Organization
National Centre for Polar and Ocean Research (NCPOR)
Address
HEADLAND SADA
City
VASCO DA GAMA
State
Goa
Postal Code
403804
Country
India
Data Center
Short Name
NPDC
Long Name
National Polar Data Center, India
Mail Id
npdc@ncpor.res.in
Phone No
+91 - 832-2525515
Address
Headland Sada
City
Vasco-Da-Gama
State
Goa
Pin Code
403804
Country
India
Instrument Details
Short name
MARK V
Long name
KOVACS MARK V Snow coring system
Location
Category
Region
Type
Antarctic
Subregion
Maitri
Platform
Short name
SNOW CORE DATA
Long name
&#61540;18O and &#61540;D, Major ions (Cl-, Br-, MSA, NO3-,SO42-,Na+,K+,Ca2+, Mg2+,NH4+), Dust concentration
Data
					Set Progress
Complete
close
save as pdf
If XML not opening,
Click Here!
If download not started,
Click Here!
Search
Quick Links
Contact Us
Data Policy & Guidelines
User Manual
Polar Directory
Data Submission
Common Project Proposal Form
Submit a New Data
For scholars
Dataset by Science Keywords
Dataset by Location
Observation Dataset
Quantarctica
Data Portal
Synoptic Data
Useful Links
Python
Ferret visualization
and analysis Tool
The R Project
© National Centre for Polar and Ocean Research
						(NCPOR), Ministry of Earth Sciences (MoES), Government of India"
Land Surface,Cryosphere,A Confirmation of Polar Glacial Recession by Monitoring the Snout of Dakshin Gangotri Glacier in Schirmacher Range.,https://npdc.ncpor.res.in/npdc/search_mf_data.action?search=title&expedition_type=Antarctic&parameter=MF1228079872&userType=user&parameter1=Cryosphere,"META DATA SEARCH
Home
About
Data
Search For Datasets »
Browse by Keyword
Browse by Location
Data Availability
SOE : Scientific Voyage Details
Other Datasets »
Weather and Environment
Search AWS & Meteorological Datasets
Sagar Kanya Cruise Report
Surface Data at Maitri & Gangotri
Synoptic Data From Bharti Station (2016-21)
Submit Your Data »
New Datasets
Last Submitted Datasets
Other Data Links
Important links »
Polar View
NCMRWF - Southern Ocean
NCMRWF - Sea-ice Arctic
NCMRWF - Sea-ice Antarctic
Polar Directory
Search by Data Types
Free Text
Sign
					In
User Manual
Brief Record
Full Record
View XML
Export PDF
Get Data
Title
A Confirmation of Polar Glacial Recession by Monitoring the Snout of Dakshin Gangotri Glacier in Schirmacher Range.
Abstract
Dakshin Gangotri glacier in Schirmacher range is being monitored by the GSI since 1983. It was being monitored on an yearly basis from two survey stations. In the 15th expedition, 19 reference points were marked all along the periphery of the glacier and observations were taken on a monthly basis, for one full year. The cycle of advancing, bulging, calving and retreating of the glacial front were recorded. It is conclusively proved that the polar glaciers are also markedly retreating.
Purpose
The movement of a polar glacier tongue, named Dakshin Gangotri (70? 45'20"" S lat. and 10? 35' 05"" E long.) in Schirmacher range, is being constantly monitored since 1983 (Kaul et al., 1985), to understand the dynamic changes in the continental ice front of Antarctica. This polar tongue (Fig.1) is a remnant of an earlier glacier, which was overriding the Schirmacher range and crossing it at this point towards north. Glacial striations on the rock surfaces display the palaeo- movement directions of the glacier. Two permanent survey stations 'G' and 'H' had been established earlier and the observations of the snout were taken from these points. The snout was monitored every year in the months of polar summer, (Jan or Feb). The resultant comparative profiles were drawn to record the advance/retreat during the year. One such profile, comparing the outlines of 1995 and 1996.
Basic Information
Release Date
:    17/09/2020
Originating Center
:
Data Set Progress
:    Complete
Data Set Language
:
ISO Topic Categories
Category
:   Land Surface
Topic
:   Cryosphere
ISO Topic
:   Geodesy
Personnel
Role
:   Principal Investigator
Name
:   Dr. Arun   Chaturvedi
e-mail
:   amit.dharwadkar@gsi.gov.in
Organisation
:   Geological Survey of India (GSI)
Title
A Confirmation of Polar Glacial Recession by Monitoring the Snout of Dakshin Gangotri Glacier in Schirmacher Range.
Science Keywords
Category
Land Surface
Topic
Cryosphere
ISO Topic
Geodesy
Expedition Year
1995-1996
Project Details
Project Number
8
Project Name
A Confirmation of Polar Glacial Recession by Monitoring the Snout of Dakshin Gangotri Glacier in Schirmacher Range.
Summary
Abstract
Dakshin Gangotri glacier in Schirmacher range is being monitored by the GSI since 1983. It was being monitored on an yearly basis from two survey stations. In the 15th expedition, 19 reference points were marked all along the periphery of the glacier and observations were taken on a monthly basis, for one full year. The cycle of advancing, bulging, calving and retreating of the glacial front were recorded. It is conclusively proved that the polar glaciers are also markedly retreating.
Purpose
The movement of a polar glacier tongue, named Dakshin Gangotri (70? 45'20"" S lat. and 10? 35' 05"" E long.) in Schirmacher range, is being constantly monitored since 1983 (Kaul et al., 1985), to understand the dynamic changes in the continental ice front of Antarctica. This polar tongue (Fig.1) is a remnant of an earlier glacier, which was overriding the Schirmacher range and crossing it at this point towards north. Glacial striations on the rock surfaces display the palaeo- movement directions of the glacier. Two permanent survey stations 'G' and 'H' had been established earlier and the observations of the snout were taken from these points. The snout was monitored every year in the months of polar summer, (Jan or Feb). The resultant comparative profiles were drawn to record the advance/retreat during the year. One such profile, comparing the outlines of 1995 and 1996.
Dataset Citation
Creator
Arun Chaturvedi
Editor
Arun Chaturvedi
Dataset Title
A Confirmation of Polar Glacial Recession by Monitoring the Snout of Dakshin Gangotri Glacier in Schirmacher Range.
Series Name
1
Release Date
17/09/2020
Release Place
Goa
Version
1
Online Resource
http://14.139.119.23:8080/dspace/bitstream/123456789/468/3/ARTICLE+24.pdf
Scientist Details
Role
Principal Investigator
Name
Dr. Arun   Chaturvedi
e-mail
amit.dharwadkar@gsi.gov.in
Phone
8322525515
Mobile Number
8322525515
Institute /
Organization
Geological Survey of India (GSI)
Address
Bhu-Bijnan Bhavan (9th Floor), Block: DK-6, Sector-II, Saltlake, Kolkata-700091.
City
Kolkata
State
West Bengal
Postal Code
700091
Country
India
Data Center
Short Name
NPDC
Long Name
National Polar Data Center, India
Mail Id
npdc@ncpor.res.in
Phone No
+91 - 832-2525515
Address
Headland Sada
City
Vasco-Da-Gama
State
Goa
Pin Code
403804
Country
India
Instrument Details
Short name
-
Long name
-
Location
Category
Region
Type
Antarctic
Subregion
Maitri
Platform
Short name
-
Long name
-
Data
					Set Progress
Complete
close
save as pdf
If XML not opening,
Click Here!
If download not started,
Click Here!
Search
Quick Links
Contact Us
Data Policy & Guidelines
User Manual
Polar Directory
Data Submission
Common Project Proposal Form
Submit a New Data
For scholars
Dataset by Science Keywords
Dataset by Location
Observation Dataset
Quantarctica
Data Portal
Synoptic Data
Useful Links
Python
Ferret visualization
and analysis Tool
The R Project
© National Centre for Polar and Ocean Research
						(NCPOR), Ministry of Earth Sciences (MoES), Government of India"
Land Surface,Cryosphere,"Monitoring of Dakshin Gangotri glacier snout and snow accumulation / ablation on parts of ice sheet and ice shelf in central Dronning Maud Land, East Antarctica",https://npdc.ncpor.res.in/npdc/search_mf_data.action?search=title&expedition_type=Antarctic&parameter=MF-1287742935&userType=user&parameter1=Cryosphere,"META DATA SEARCH
Home
About
Data
Search For Datasets »
Browse by Keyword
Browse by Location
Data Availability
SOE : Scientific Voyage Details
Other Datasets »
Weather and Environment
Search AWS & Meteorological Datasets
Sagar Kanya Cruise Report
Surface Data at Maitri & Gangotri
Synoptic Data From Bharti Station (2016-21)
Submit Your Data »
New Datasets
Last Submitted Datasets
Other Data Links
Important links »
Polar View
NCMRWF - Southern Ocean
NCMRWF - Sea-ice Arctic
NCMRWF - Sea-ice Antarctic
Polar Directory
Search by Data Types
Free Text
Sign
					In
User Manual
Brief Record
Full Record
View XML
Export PDF
Data pending
Title
Monitoring of Dakshin Gangotri glacier snout and snow accumulation / ablation on parts of ice sheet and ice shelf in central Dronning Maud Land, East Antarctica
Abstract
The Dakshin Gangotri (DG) Glacier snout has shown continuous annual average recession of 0.57 m during the period 1983 to 1995, which accelerated to 1.59 m between 1996 and 2013. Since 1996 the glacier snout has receded by nearly 27 m and a cyclic pattern with high average annual recession after every 5 years has been recorded. During the period 2013-14, DG glacier snout has receded by 0.3 m with respect to its position from previous year.When compared with the average annual surface air temperature and average annual wind speed of Schirmacher region, snow accumulation over ice shelf shows correlation in the year 2002, 2004, 2008, 2009, 2010 and in 2011, but still perfect correlation cannot be established among these parameters. Present work will provide further data on snout recession and snow accumulation which can be correlated with meteorological parameters.
Purpose
Glaciological studies in parts of the central Dronning Maud Land (CDML), East Antarctica for providing inputs towards a better understanding of climate change.
Basic Information
Release Date
:    24/02/2021
Originating Center
:
Data Set Progress
:    Complete
Data Set Language
:
ISO Topic Categories
Category
:   Land Surface
Topic
:   Cryosphere
ISO Topic
:   Geodesy
Personnel
Role
:   Principal Investigator
Name
:   Dr. P K    Shrivastava
e-mail
:   prakash.shrivastava@gsi.gov.in
Organisation
:   Geological Survey of India (GSI)
Title
Monitoring of Dakshin Gangotri glacier snout and snow accumulation / ablation on parts of ice sheet and ice shelf in central Dronning Maud Land, East Antarctica
Science Keywords
Category
Land Surface
Topic
Cryosphere
ISO Topic
Geodesy
Expedition Year
2015-2016
Project Details
Project Number
EG-3
Project Name
Monitoring of Dakshin Gangotri glacier snout and snow accumulation / ablation on parts of ice sheet and ice shelf in central Dronning Maud Land, East Antarctica
Summary
Abstract
The Dakshin Gangotri (DG) Glacier snout has shown continuous annual average recession of 0.57 m during the period 1983 to 1995, which accelerated to 1.59 m between 1996 and 2013. Since 1996 the glacier snout has receded by nearly 27 m and a cyclic pattern with high average annual recession after every 5 years has been recorded. During the period 2013-14, DG glacier snout has receded by 0.3 m with respect to its position from previous year.When compared with the average annual surface air temperature and average annual wind speed of Schirmacher region, snow accumulation over ice shelf shows correlation in the year 2002, 2004, 2008, 2009, 2010 and in 2011, but still perfect correlation cannot be established among these parameters. Present work will provide further data on snout recession and snow accumulation which can be correlated with meteorological parameters.
Purpose
Glaciological studies in parts of the central Dronning Maud Land (CDML), East Antarctica for providing inputs towards a better understanding of climate change.
Dataset Citation
Creator
P K Shrivastava
Editor
P K Shrivastava
Dataset Title
Monitoring of Dakshin Gangotri glacier snout and snow accumulation / ablation on parts of ice sheet and ice shelf in central Dronning Maud Land, East Antarctica
Series Name
1
Release Date
24/02/2021
Release Place
Goa
Version
1
Online Resource
Scientist Details
Role
Principal Investigator
Name
Dr. P K    Shrivastava
e-mail
prakash.shrivastava@gsi.gov.in
Phone
098968273641
Mobile Number
098968273641
Institute /
Organization
Geological Survey of India (GSI)
Address
Geological Survey of India,Polar Studies Division (Antarctica Division),NH-5P, NIT, Faridabad  121001.
City
Faridabad
State
Uttar Pradesh
Postal Code
121001
Country
India
Data Center
Short Name
NPDC
Long Name
National Polar Data Center, India
Mail Id
npdc@ncpor.res.in
Phone No
+91 - 832-2525515
Address
Headland Sada
City
Vasco-Da-Gama
State
Goa
Pin Code
403804
Country
India
Instrument Details
Short name
-
Long name
-
Location
Category
Region
Type
Antarctic
Subregion
Maitri
Platform
Short name
-
Long name
-
Data
					Set Progress
Complete
close
save as pdf
If XML not opening,
Click Here!
If download not started,
Click Here!
Search
Quick Links
Contact Us
Data Policy & Guidelines
User Manual
Polar Directory
Data Submission
Common Project Proposal Form
Submit a New Data
For scholars
Dataset by Science Keywords
Dataset by Location
Observation Dataset
Quantarctica
Data Portal
Synoptic Data
Useful Links
Python
Ferret visualization
and analysis Tool
The R Project
© National Centre for Polar and Ocean Research
						(NCPOR), Ministry of Earth Sciences (MoES), Government of India"
Land Surface,Cryosphere,"Seasonal Variation in Particulate Organic Matter and its Constituent Fractions under the Ice covered sea near the Shelf, Antarctica.",https://npdc.ncpor.res.in/npdc/search_mf_data.action?search=title&expedition_type=Antarctic&parameter=MF1368510328&userType=user&parameter1=Cryosphere,"META DATA SEARCH
Home
About
Data
Search For Datasets »
Browse by Keyword
Browse by Location
Data Availability
SOE : Scientific Voyage Details
Other Datasets »
Weather and Environment
Search AWS & Meteorological Datasets
Sagar Kanya Cruise Report
Surface Data at Maitri & Gangotri
Synoptic Data From Bharti Station (2016-21)
Submit Your Data »
New Datasets
Last Submitted Datasets
Other Data Links
Important links »
Polar View
NCMRWF - Southern Ocean
NCMRWF - Sea-ice Arctic
NCMRWF - Sea-ice Antarctic
Polar Directory
Search by Data Types
Free Text
Sign
					In
User Manual
Brief Record
Full Record
View XML
Export PDF
Get Data
Title
Seasonal Variation in Particulate Organic Matter and its Constituent Fractions under the Ice covered sea near the Shelf, Antarctica.
Abstract
Particulate organic matter (POM) collected at a single station in the shelf waters of Princess Astrid coast (70?S : 11?E), Antarctica from May to December 1986 was analyzed for chl a, POC and other constituent fractions at three discrete depths. Chl a concentration at all the 3 depths varied from 0.026 to 0.253 &#956;gl 1 showing minimum values during August September. POC values varied from 280 to 1058 &#956;gl1 while its constituent fractions such as particulate carbohydrates (PCHO), particulate proteins (PP) and particulate lipids (PL) varied from 14 to 193, 6 to 200 and 8 to 174 &#956;gl 1 , respectively. Significant correlation existed between POC and chl a, PP and PL at 10m depth. This was in contrast to PCHO and chl a. The components studied showed seasonal variation suggesting that the sea ice microalgae and planktonic organisms contribute substantially to particulate organic carbon.
Purpose
Very little information is available on the biology of ice covered sea around the Antarctic continent (Bunt, i960; Littlepage, 1965; Wakatsuchi, 1982). In spite of this the Antarctic Ocean is considered most productive oceans in the world (Nienhuis, 1981) not only from the chlorophyll data but also from the compounds present in the water column (Bolter and Dawson, 1982). These compounds are of primary importance to maintain chemical and biological processes in the oceans (Leventer and Dunbar, 1985).
Basic Information
Release Date
:    7/09/2020
Originating Center
:
Data Set Progress
:    Complete
Data Set Language
:
ISO Topic Categories
Category
:   Land Surface
Topic
:   Cryosphere
ISO Topic
:   Trace metals
Personnel
Role
:   Principal Investigator
Name
:   Dr. VK    Dhargalkar
e-mail
:   ictd@ncpor.res.in
Organisation
:   National Institute Of Oceanography (NIO)
Title
Seasonal Variation in Particulate Organic Matter and its Constituent Fractions under the Ice covered sea near the Shelf, Antarctica.
Science Keywords
Category
Land Surface
Topic
Cryosphere
ISO Topic
Trace metals
Expedition Year
1985-1986
Project Details
Project Number
16
Project Name
Seasonal Variation in Particulate Organic Matter and its Constituent Fractions under the Ice covered sea near the Shelf, Antarctica.
Summary
Abstract
Particulate organic matter (POM) collected at a single station in the shelf waters of Princess Astrid coast (70?S : 11?E), Antarctica from May to December 1986 was analyzed for chl a, POC and other constituent fractions at three discrete depths. Chl a concentration at all the 3 depths varied from 0.026 to 0.253 &#956;gl 1 showing minimum values during August September. POC values varied from 280 to 1058 &#956;gl1 while its constituent fractions such as particulate carbohydrates (PCHO), particulate proteins (PP) and particulate lipids (PL) varied from 14 to 193, 6 to 200 and 8 to 174 &#956;gl 1 , respectively. Significant correlation existed between POC and chl a, PP and PL at 10m depth. This was in contrast to PCHO and chl a. The components studied showed seasonal variation suggesting that the sea ice microalgae and planktonic organisms contribute substantially to particulate organic carbon.
Purpose
Very little information is available on the biology of ice covered sea around the Antarctic continent (Bunt, i960; Littlepage, 1965; Wakatsuchi, 1982). In spite of this the Antarctic Ocean is considered most productive oceans in the world (Nienhuis, 1981) not only from the chlorophyll data but also from the compounds present in the water column (Bolter and Dawson, 1982). These compounds are of primary importance to maintain chemical and biological processes in the oceans (Leventer and Dunbar, 1985).
Dataset Citation
Creator
VK DHARGALKAR
Editor
VK DHARGALKAR
Dataset Title
Seasonal Variation in Particulate Organic Matter and its Constituent Fractions under the Ice covered sea near the Shelf, Antarctica.
Series Name
1
Release Date
7/09/2020
Release Place
Goa
Version
1
Online Resource
http://14.139.119.23:8080/dspace/bitstream/123456789/285/3/article25.pdf
Scientist Details
Role
Principal Investigator
Name
Dr. VK    Dhargalkar
e-mail
ictd@ncpor.res.in
Phone
8322525515
Mobile Number
8322525515
Institute /
Organization
National Institute Of Oceanography (NIO)
Address
National Institute of Oceanography Dona Paula, Goa 403 004
City
Dona Paula
State
Goa
Postal Code
403004
Country
India
Data Center
Short Name
NPDC
Long Name
National Polar Data Center, India
Mail Id
npdc@ncpor.res.in
Phone No
+91 - 832-2525515
Address
Headland Sada
City
Vasco-Da-Gama
State
Goa
Pin Code
403804
Country
India
Instrument Details
Short name
-
Long name
-
Location
Category
Region
Type
Antarctic
Subregion
Dakshin Gangotri
Platform
Short name
-
Long name
-
Data
					Set Progress
Complete
close
save as pdf
If XML not opening,
Click Here!
If download not started,
Click Here!
Search
Quick Links
Contact Us
Data Policy & Guidelines
User Manual
Polar Directory
Data Submission
Common Project Proposal Form
Submit a New Data
For scholars
Dataset by Science Keywords
Dataset by Location
Observation Dataset
Quantarctica
Data Portal
Synoptic Data
Useful Links
Python
Ferret visualization
and analysis Tool
The R Project
© National Centre for Polar and Ocean Research
						(NCPOR), Ministry of Earth Sciences (MoES), Government of India"
Land Surface,Cryosphere,Meteorite search in Antarctica,https://npdc.ncpor.res.in/npdc/search_mf_data.action?search=title&expedition_type=Antarctic&parameter=MF-1484746657&userType=user&parameter1=Cryosphere,"META DATA SEARCH
Home
About
Data
Search For Datasets »
Browse by Keyword
Browse by Location
Data Availability
SOE : Scientific Voyage Details
Other Datasets »
Weather and Environment
Search AWS & Meteorological Datasets
Sagar Kanya Cruise Report
Surface Data at Maitri & Gangotri
Synoptic Data From Bharti Station (2016-21)
Submit Your Data »
New Datasets
Last Submitted Datasets
Other Data Links
Important links »
Polar View
NCMRWF - Southern Ocean
NCMRWF - Sea-ice Arctic
NCMRWF - Sea-ice Antarctic
Polar Directory
Search by Data Types
Free Text
Sign
					In
User Manual
Brief Record
Full Record
View XML
Export PDF
Data pending
Title
Meteorite search in Antarctica
Abstract
The preliminary study of aerial photographs and the traverses taken in earlier expeditions revealed that the Somovken glacier situated between Humboldt and Orvin mountains could be a possible locus for meteorite concentration. Further study of aerial photographs would be done in the Field Season 2013-14, on the basis of the field experience in search during the 32nd expedition (November 2012- March 2013) to bring out the probable loci of meteorite concentrations, exact configurations of lateral moraines to understand the flow trajectory of the glaciers and to focus on obstruction in the form of a mountain barrier or nunataks. In addition, to these probable loci of meteorites, the vast ice-fields and isolated stone like bodies standing out conspicuously will also be earmarked from satellite imageries.
Purpose
To search for meteorites in part of Somovken glacier, central Dronning Maud Land (CDML), East Antarctica.
Basic Information
Release Date
:    19/02/2021
Originating Center
:
Data Set Progress
:    Complete
Data Set Language
:
ISO Topic Categories
Category
:   Land Surface
Topic
:   Cryosphere
ISO Topic
:   Meteorology
Personnel
Role
:   Principal Investigator
Name
:   Dr. Sandip Kumar    Roy
e-mail
:   sroy845@gmail.com
Organisation
:   Geological Survey of India (GSI)
Title
Meteorite search in Antarctica
Science Keywords
Category
Land Surface
Topic
Cryosphere
ISO Topic
Meteorology
Expedition Year
2013-2014
Project Details
Project Number
EGG-10
Project Name
Meteorite search in Antarctica
Summary
Abstract
The preliminary study of aerial photographs and the traverses taken in earlier expeditions revealed that the Somovken glacier situated between Humboldt and Orvin mountains could be a possible locus for meteorite concentration. Further study of aerial photographs would be done in the Field Season 2013-14, on the basis of the field experience in search during the 32nd expedition (November 2012- March 2013) to bring out the probable loci of meteorite concentrations, exact configurations of lateral moraines to understand the flow trajectory of the glaciers and to focus on obstruction in the form of a mountain barrier or nunataks. In addition, to these probable loci of meteorites, the vast ice-fields and isolated stone like bodies standing out conspicuously will also be earmarked from satellite imageries.
Purpose
To search for meteorites in part of Somovken glacier, central Dronning Maud Land (CDML), East Antarctica.
Dataset Citation
Creator
Sandip Kumar Roy
Editor
Sandip Kumar Roy
Dataset Title
Meteorite search in Antarctica
Series Name
1
Release Date
19/02/2021
Release Place
Goa
Version
1
Online Resource
Scientist Details
Role
Principal Investigator
Name
Dr. Sandip Kumar    Roy
e-mail
sroy845@gmail.com
Phone
00911292417335
Mobile Number
00911292417335
Institute /
Organization
Geological Survey of India (GSI)
Address
Geological Survey of India,Polar Studies Division NH 5P, NIT, Faridabad ?121001.
City
Faridabad
State
Haryana
Postal Code
121001
Country
India
Data Center
Short Name
NPDC
Long Name
National Polar Data Center, India
Mail Id
npdc@ncpor.res.in
Phone No
+91 - 832-2525515
Address
Headland Sada
City
Vasco-Da-Gama
State
Goa
Pin Code
403804
Country
India
Instrument Details
Short name
-
Long name
-
Location
Category
Region
Type
Antarctic
Subregion
Maitri
Platform
Short name
-
Long name
-
Data
					Set Progress
Complete
close
save as pdf
If XML not opening,
Click Here!
If download not started,
Click Here!
Search
Quick Links
Contact Us
Data Policy & Guidelines
User Manual
Polar Directory
Data Submission
Common Project Proposal Form
Submit a New Data
For scholars
Dataset by Science Keywords
Dataset by Location
Observation Dataset
Quantarctica
Data Portal
Synoptic Data
Useful Links
Python
Ferret visualization
and analysis Tool
The R Project
© National Centre for Polar and Ocean Research
						(NCPOR), Ministry of Earth Sciences (MoES), Government of India"
Land Surface,Cryosphere,Trend of Depositional Patterns on Ice Shelf Near Dakshin Gangotri Station.,https://npdc.ncpor.res.in/npdc/search_mf_data.action?search=title&expedition_type=Antarctic&parameter=MF-156130350&userType=user&parameter1=Cryosphere,"META DATA SEARCH
Home
About
Data
Search For Datasets »
Browse by Keyword
Browse by Location
Data Availability
SOE : Scientific Voyage Details
Other Datasets »
Weather and Environment
Search AWS & Meteorological Datasets
Sagar Kanya Cruise Report
Surface Data at Maitri & Gangotri
Synoptic Data From Bharti Station (2016-21)
Submit Your Data »
New Datasets
Last Submitted Datasets
Other Data Links
Important links »
Polar View
NCMRWF - Southern Ocean
NCMRWF - Sea-ice Arctic
NCMRWF - Sea-ice Antarctic
Polar Directory
Search by Data Types
Free Text
Sign
					In
User Manual
Brief Record
Full Record
View XML
Export PDF
Get Data
Title
Trend of Depositional Patterns on Ice Shelf Near Dakshin Gangotri Station.
Abstract
Snow accumulation/ablation on the ice shelf is being monitored through a network of stakes near Dakshin Gangotri Station, since 1986. This study is aimed at finding the changes at the surface of the shelf ice. During the 15th expedition, it was found that all the old stakes were uprooted, possibly due to blizzards. Because of this, the continuity of the observation was broken and it was necessary to set up a new set of stakes for monitoring of ice shelf. A systematic network of 25 stakes has been installed in Feb 96 and ten sets of observations were taken by the wintering team of GSI, to study pre-winter and post-winter patterns of deposition.
Purpose
In the 5th expedition, Kaul et al. (1986) had fixed a network of 9 stakes on ice-shelf, about a km away from Dakshin Gangotri station. This network was upgraded during subsequent expeditions, as and when required, and a continuity of observations was maintained on the ice shelf, studying the various patterns of accumulation and ablation. In the summer of the 15th expedition, the GSI team found that each and every one of the old stakes was uprooted. This could be either due to human interference, or due an extraordinarily severe blizzard. Whatever the reason may be, it has broken the continuity of scientific observations on the shelf during the summer of 1996. During February 96, GSI team has fixed up a new set of 25 stakes, each separated by a distance of 50 m. Thus, a representative area of 200 m x200 m has been marked out on the shelf. The pattern of stakes' fixation.
Basic Information
Release Date
:    17/09/2020
Originating Center
:
Data Set Progress
:    Complete
Data Set Language
:
ISO Topic Categories
Category
:   Land Surface
Topic
:   Cryosphere
ISO Topic
:   Geodesy
Personnel
Role
:   Principal Investigator
Name
:   Dr. Arun   Chaturvedi
e-mail
:   amit.dharwadkar@gsi.gov.in
Organisation
:   Geological Survey of India (GSI)
Title
Trend of Depositional Patterns on Ice Shelf Near Dakshin Gangotri Station.
Science Keywords
Category
Land Surface
Topic
Cryosphere
ISO Topic
Geodesy
Expedition Year
1995-1996
Project Details
Project Number
9
Project Name
Trend of Depositional Patterns on Ice Shelf Near Dakshin Gangotri Station.
Summary
Abstract
Snow accumulation/ablation on the ice shelf is being monitored through a network of stakes near Dakshin Gangotri Station, since 1986. This study is aimed at finding the changes at the surface of the shelf ice. During the 15th expedition, it was found that all the old stakes were uprooted, possibly due to blizzards. Because of this, the continuity of the observation was broken and it was necessary to set up a new set of stakes for monitoring of ice shelf. A systematic network of 25 stakes has been installed in Feb 96 and ten sets of observations were taken by the wintering team of GSI, to study pre-winter and post-winter patterns of deposition.
Purpose
In the 5th expedition, Kaul et al. (1986) had fixed a network of 9 stakes on ice-shelf, about a km away from Dakshin Gangotri station. This network was upgraded during subsequent expeditions, as and when required, and a continuity of observations was maintained on the ice shelf, studying the various patterns of accumulation and ablation. In the summer of the 15th expedition, the GSI team found that each and every one of the old stakes was uprooted. This could be either due to human interference, or due an extraordinarily severe blizzard. Whatever the reason may be, it has broken the continuity of scientific observations on the shelf during the summer of 1996. During February 96, GSI team has fixed up a new set of 25 stakes, each separated by a distance of 50 m. Thus, a representative area of 200 m x200 m has been marked out on the shelf. The pattern of stakes' fixation.
Dataset Citation
Creator
Arun Chaturvedi
Editor
Arun Chaturvedi
Dataset Title
Trend of Depositional Patterns on Ice Shelf Near Dakshin Gangotri Station.
Series Name
1
Release Date
17/09/2020
Release Place
Goa
Version
1
Online Resource
http://14.139.119.23:8080/dspace/bitstream/123456789/467/3/ARTICLE+23.pdf
Scientist Details
Role
Principal Investigator
Name
Dr. Arun   Chaturvedi
e-mail
amit.dharwadkar@gsi.gov.in
Phone
8322525515
Mobile Number
8322525515
Institute /
Organization
Geological Survey of India (GSI)
Address
5R60, Block 1, New Industrial Twp 5, New Industrial Town, Faridabad, Haryana 121001
City
Faridabad
State
Haryana
Postal Code
121001
Country
India
Data Center
Short Name
NPDC
Long Name
National Polar Data Center, India
Mail Id
npdc@ncpor.res.in
Phone No
+91 - 832-2525515
Address
Headland Sada
City
Vasco-Da-Gama
State
Goa
Pin Code
403804
Country
India
Instrument Details
Short name
-
Long name
-
Location
Category
Region
Type
Antarctic
Subregion
Maitri
Platform
Short name
-
Long name
-
Data
					Set Progress
Complete
close
save as pdf
If XML not opening,
Click Here!
If download not started,
Click Here!
Search
Quick Links
Contact Us
Data Policy & Guidelines
User Manual
Polar Directory
Data Submission
Common Project Proposal Form
Submit a New Data
For scholars
Dataset by Science Keywords
Dataset by Location
Observation Dataset
Quantarctica
Data Portal
Synoptic Data
Useful Links
Python
Ferret visualization
and analysis Tool
The R Project
© National Centre for Polar and Ocean Research
						(NCPOR), Ministry of Earth Sciences (MoES), Government of India"
Land Surface,Cryosphere,Meteorite search in Antarctica,https://npdc.ncpor.res.in/npdc/search_mf_data.action?search=title&expedition_type=Antarctic&parameter=MF-1599484115&userType=user&parameter1=Cryosphere,"META DATA SEARCH
Home
About
Data
Search For Datasets »
Browse by Keyword
Browse by Location
Data Availability
SOE : Scientific Voyage Details
Other Datasets »
Weather and Environment
Search AWS & Meteorological Datasets
Sagar Kanya Cruise Report
Surface Data at Maitri & Gangotri
Synoptic Data From Bharti Station (2016-21)
Submit Your Data »
New Datasets
Last Submitted Datasets
Other Data Links
Important links »
Polar View
NCMRWF - Southern Ocean
NCMRWF - Sea-ice Arctic
NCMRWF - Sea-ice Antarctic
Polar Directory
Search by Data Types
Free Text
Sign
					In
User Manual
Brief Record
Full Record
View XML
Export PDF
Data pending
Title
Meteorite search in Antarctica
Abstract
Meteorites are a major source of information about the early history of our solar system. The East Antarctic ice sheet provides an ideal background for meteorite recovery. Vast ice fields of central Dronning Maud Land and adjacent areas need careful and painstaking exploration for search of meteorites. East Antarctic icesheet flows towards the margins of the continent; its progress is occasionally blocked by mountains, nunataks or obstructions below the surface of the ice. Presence of lateral moraines on both sides of the Somovken glacier along the contact with Humboldt and Orvin mountains would be studied in the ensuing field season. Traverses covering the Somovken glacier and other demarcated areas would be undertaken. Preliminary study of aerial photographs and the traverses taken in earlier expeditions have revealed that the Somovken glacier situated between Humboldt and Orvin mountains could be a possible locus for meteorite concentration.
Purpose
To search for meteorites in central Dronning Maud Land, East Antarctica.
Basic Information
Release Date
:    18/02/2021
Originating Center
:
Data Set Progress
:    Complete
Data Set Language
:
ISO Topic Categories
Category
:   Land Surface
Topic
:   Cryosphere
ISO Topic
:   Meteorology
Personnel
Role
:   Principal Investigator
Name
:   Dr. Ashit Kumar    Nath
e-mail
:   ashish.knath@gmail.com
Organisation
:   Geological Survey of India (GSI)
Title
Meteorite search in Antarctica
Science Keywords
Category
Land Surface
Topic
Cryosphere
ISO Topic
Meteorology
Expedition Year
2012-2013
Project Details
Project Number
EGG-10
Project Name
Meteorite search in Antarctica
Summary
Abstract
Meteorites are a major source of information about the early history of our solar system. The East Antarctic ice sheet provides an ideal background for meteorite recovery. Vast ice fields of central Dronning Maud Land and adjacent areas need careful and painstaking exploration for search of meteorites. East Antarctic icesheet flows towards the margins of the continent; its progress is occasionally blocked by mountains, nunataks or obstructions below the surface of the ice. Presence of lateral moraines on both sides of the Somovken glacier along the contact with Humboldt and Orvin mountains would be studied in the ensuing field season. Traverses covering the Somovken glacier and other demarcated areas would be undertaken. Preliminary study of aerial photographs and the traverses taken in earlier expeditions have revealed that the Somovken glacier situated between Humboldt and Orvin mountains could be a possible locus for meteorite concentration.
Purpose
To search for meteorites in central Dronning Maud Land, East Antarctica.
Dataset Citation
Creator
Ashit Kumar Nath
Editor
Ashit Kumar Nath
Dataset Title
Meteorite search in Antarctica
Series Name
1
Release Date
18/02/2021
Release Place
Goa
Version
1
Online Resource
Scientist Details
Role
Principal Investigator
Name
Dr. Ashit Kumar    Nath
e-mail
ashish.knath@gmail.com
Phone
01292417335
Mobile Number
01292417335
Institute /
Organization
Geological Survey of India (GSI)
Address
Antarctica Division, Geological Survey of, India,NH-5P, NIT, Faridabad Res. 305India,Prateek Kunj, Sector ? 21C, Faridabad ? 121001
City
Faridabad
State
Haryana
Postal Code
121001
Country
India
Data Center
Short Name
NPDC
Long Name
National Polar Data Center, India
Mail Id
npdc@ncpor.res.in
Phone No
+91 - 832-2525515
Address
Headland Sada
City
Vasco-Da-Gama
State
Goa
Pin Code
403804
Country
India
Instrument Details
Short name
-
Long name
-
Location
Category
Region
Type
Antarctic
Subregion
Maitri
Platform
Short name
-
Long name
-
Data
					Set Progress
Complete
close
save as pdf
If XML not opening,
Click Here!
If download not started,
Click Here!
Search
Quick Links
Contact Us
Data Policy & Guidelines
User Manual
Polar Directory
Data Submission
Common Project Proposal Form
Submit a New Data
For scholars
Dataset by Science Keywords
Dataset by Location
Observation Dataset
Quantarctica
Data Portal
Synoptic Data
Useful Links
Python
Ferret visualization
and analysis Tool
The R Project
© National Centre for Polar and Ocean Research
						(NCPOR), Ministry of Earth Sciences (MoES), Government of India"
Land Surface,Cryosphere,"Quest for the Meteorites in Grove Mountains area, Prydz Bay, East Antarctica",https://npdc.ncpor.res.in/npdc/search_mf_data.action?search=title&expedition_type=Antarctic&parameter=MF1776830700&userType=user&parameter1=Cryosphere,"META DATA SEARCH
Home
About
Data
Search For Datasets »
Browse by Keyword
Browse by Location
Data Availability
SOE : Scientific Voyage Details
Other Datasets »
Weather and Environment
Search AWS & Meteorological Datasets
Sagar Kanya Cruise Report
Surface Data at Maitri & Gangotri
Synoptic Data From Bharti Station (2016-21)
Submit Your Data »
New Datasets
Last Submitted Datasets
Other Data Links
Important links »
Polar View
NCMRWF - Southern Ocean
NCMRWF - Sea-ice Arctic
NCMRWF - Sea-ice Antarctic
Polar Directory
Search by Data Types
Free Text
Sign
					In
User Manual
Brief Record
Full Record
View XML
Export PDF
Data pending
Title
Quest for the Meteorites in Grove Mountains area, Prydz Bay, East Antarctica
Abstract
Thousands of meteorites have been collected from Antarctica since the commencement of organized meteorite search programmes by the Japanese in 1974 and the Americans in 1976. The ANSMET (Antarctic Search for Meteorites) programme has been successful in collecting more than 15000 meteorites from the Trans-Antarctic Mountains. There are two important factors prevailing in Antarctica are responsible for the abundance of meteorites than any other part of the world. First is the extreme low temperature and absence of humidity that allows preservation of meteorites in a nearly unweathered state. Second is the concentration of glacial load along stranding surfaces that takes place when the flow of ice is obstructed by mountain barriers. At such surfaces katabatic winds sublimate the ice cover exposing the load containing meteorites.
Purpose
Systematic search and study for meteorites in the Grove Mountains area, Prydz Bay.
Basic Information
Release Date
:    8/11/2021
Originating Center
:
Data Set Progress
:    Complete
Data Set Language
:
ISO Topic Categories
Category
:   Land Surface
Topic
:   Cryosphere
ISO Topic
:   Meteorology
Personnel
Role
:   principal Investigator
Name
:   Dr. Mohd    sadiq
e-mail
:   sadiqamu@gmail.com
Organisation
:   Geological Survey of India (GSI)
Title
Quest for the Meteorites in Grove Mountains area, Prydz Bay, East Antarctica
Science Keywords
Category
Land Surface
Topic
Cryosphere
ISO Topic
Meteorology
Expedition Year
2021-2022
Project Details
Project Number
41-GeoEAIS-04(02)
Project Name
Quest for the Meteorites in Grove Mountains area, Prydz Bay, East Antarctica
Summary
Abstract
Thousands of meteorites have been collected from Antarctica since the commencement of organized meteorite search programmes by the Japanese in 1974 and the Americans in 1976. The ANSMET (Antarctic Search for Meteorites) programme has been successful in collecting more than 15000 meteorites from the Trans-Antarctic Mountains. There are two important factors prevailing in Antarctica are responsible for the abundance of meteorites than any other part of the world. First is the extreme low temperature and absence of humidity that allows preservation of meteorites in a nearly unweathered state. Second is the concentration of glacial load along stranding surfaces that takes place when the flow of ice is obstructed by mountain barriers. At such surfaces katabatic winds sublimate the ice cover exposing the load containing meteorites.
Purpose
Systematic search and study for meteorites in the Grove Mountains area, Prydz Bay.
Dataset Citation
Creator
Mohd Sadiq
Editor
Mohd Sadiq
Dataset Title
Quest for the Meteorites in Grove Mountains area, Prydz Bay, East Antarctica
Series Name
1
Release Date
8/11/2021
Release Place
Goa
Version
1
Online Resource
Scientist Details
Role
principal Investigator
Name
Dr. Mohd    sadiq
e-mail
sadiqamu@gmail.com
Phone
9358459469
Mobile Number
9358459469
Institute /
Organization
Geological Survey of India (GSI)
Address
Geological Survey of India, Polar Studies Division, NH- 5P, NIT Faridabad-121001
City
Faridabad
State
Haryana
Postal Code
121001
Country
India
Data Center
Short Name
NPDC
Long Name
National Polar Data Center, India
Mail Id
npdc@ncpor.res.in
Phone No
+91 - 832-2525515
Address
Headland Sada
City
Vasco-Da-Gama
State
Goa
Pin Code
403804
Country
India
Instrument Details
Short name
-
Long name
-
Location
Category
Region
Type
Antarctic
Subregion
Bharati
Platform
Short name
-
Long name
-
Data
					Set Progress
Complete
close
save as pdf
If XML not opening,
Click Here!
If download not started,
Click Here!
Search
Quick Links
Contact Us
Data Policy & Guidelines
User Manual
Polar Directory
Data Submission
Common Project Proposal Form
Submit a New Data
For scholars
Dataset by Science Keywords
Dataset by Location
Observation Dataset
Quantarctica
Data Portal
Synoptic Data
Useful Links
Python
Ferret visualization
and analysis Tool
The R Project
© National Centre for Polar and Ocean Research
						(NCPOR), Ministry of Earth Sciences (MoES), Government of India"
Land Surface,Cryosphere,Thermal Variations Within a Glacier From the Surface to the Bed-rock.,https://npdc.ncpor.res.in/npdc/search_mf_data.action?search=title&expedition_type=Antarctic&parameter=MF1934963896&userType=user&parameter1=Cryosphere,"META DATA SEARCH
Home
About
Data
Search For Datasets »
Browse by Keyword
Browse by Location
Data Availability
SOE : Scientific Voyage Details
Other Datasets »
Weather and Environment
Search AWS & Meteorological Datasets
Sagar Kanya Cruise Report
Surface Data at Maitri & Gangotri
Synoptic Data From Bharti Station (2016-21)
Submit Your Data »
New Datasets
Last Submitted Datasets
Other Data Links
Important links »
Polar View
NCMRWF - Southern Ocean
NCMRWF - Sea-ice Arctic
NCMRWF - Sea-ice Antarctic
Polar Directory
Search by Data Types
Free Text
Sign
					In
User Manual
Brief Record
Full Record
View XML
Export PDF
Get Data
Title
Thermal Variations Within a Glacier From the Surface to the Bed-rock.
Abstract
In 1996, two boreholes were drilled by the GSI-team in polar continental ice. The first of these boreholes was sunk about 3 km south of Maitri station and its location was 70? 46' 51.9"" south latitude and 11? 43' 05.3"" east longitude. This work was carried out between March and May, 96. The total depth of this borehole was 76.23 m and the bedrock was encountered at the bottom. This borehole was subsequently utilised for studying the thermal variations within this part of the glacier
Purpose
Fourteen thermistors (PT-100) were calibrated and installed at depths of 1, 2,3,4, 5, 10, 15, 20,25,35,45, 55,65 and 76 metres depths, respectively. Then the borehole was filled up with water to replace the original medium, i.e. ice. A few days were given to the borehole-column to cool down to the level of the surrounding depths. After that, the readings of the thermistors were recorded with a multimeter. Additionally, one reading was taken for the surface temperature also.
Basic Information
Release Date
:    17/08/2020
Originating Center
:
Data Set Progress
:    Complete
Data Set Language
:
ISO Topic Categories
Category
:   Land Surface
Topic
:   Cryosphere
ISO Topic
:   Geodesy
Personnel
Role
:   Principal Investigator
Name
:   Dr. Arun   Chaturvedi
e-mail
:   amit.dharwadkar@gsi.gov.in
Organisation
:   Geological Survey of India (GSI)
Title
Thermal Variations Within a Glacier From the Surface to the Bed-rock.
Science Keywords
Category
Land Surface
Topic
Cryosphere
ISO Topic
Geodesy
Expedition Year
1995-1996
Project Details
Project Number
10
Project Name
Thermal Variations Within a Glacier From the Surface to the Bed-rock.
Summary
Abstract
In 1996, two boreholes were drilled by the GSI-team in polar continental ice. The first of these boreholes was sunk about 3 km south of Maitri station and its location was 70? 46' 51.9"" south latitude and 11? 43' 05.3"" east longitude. This work was carried out between March and May, 96. The total depth of this borehole was 76.23 m and the bedrock was encountered at the bottom. This borehole was subsequently utilised for studying the thermal variations within this part of the glacier
Purpose
Fourteen thermistors (PT-100) were calibrated and installed at depths of 1, 2,3,4, 5, 10, 15, 20,25,35,45, 55,65 and 76 metres depths, respectively. Then the borehole was filled up with water to replace the original medium, i.e. ice. A few days were given to the borehole-column to cool down to the level of the surrounding depths. After that, the readings of the thermistors were recorded with a multimeter. Additionally, one reading was taken for the surface temperature also.
Dataset Citation
Creator
Arun Chaturvedi
Editor
Arun Chaturvedi
Dataset Title
Thermal Variations Within a Glacier From the Surface to the Bed-rock.
Series Name
1
Release Date
17/08/2020
Release Place
Goa
Version
1
Online Resource
https://npdc.ncpor.res.in/exp_rep/MF1934963896.pdf
Scientist Details
Role
Principal Investigator
Name
Dr. Arun   Chaturvedi
e-mail
amit.dharwadkar@gsi.gov.in
Phone
8322525515
Mobile Number
8322525515
Institute /
Organization
Geological Survey of India (GSI)
Address
5R60, Block 1, New Industrial Twp 5, New Industrial Town, Faridabad, Haryana 121001
City
Faridabad
State
Haryana
Postal Code
121001
Country
India
Data Center
Short Name
NPDC
Long Name
National Polar Data Center, India
Mail Id
npdc@ncpor.res.in
Phone No
+91 - 832-2525515
Address
Headland Sada
City
Vasco-Da-Gama
State
Goa
Pin Code
403804
Country
India
Instrument Details
Short name
-
Long name
-
Location
Category
Region
Type
Antarctic
Subregion
Maitri
Platform
Short name
-
Long name
-
Data
					Set Progress
Complete
close
save as pdf
If XML not opening,
Click Here!
If download not started,
Click Here!
Search
Quick Links
Contact Us
Data Policy & Guidelines
User Manual
Polar Directory
Data Submission
Common Project Proposal Form
Submit a New Data
For scholars
Dataset by Science Keywords
Dataset by Location
Observation Dataset
Quantarctica
Data Portal
Synoptic Data
Useful Links
Python
Ferret visualization
and analysis Tool
The R Project
© National Centre for Polar and Ocean Research
						(NCPOR), Ministry of Earth Sciences (MoES), Government of India"
Land Surface,Erosion/Sedimentation,"Detailed Sedimentological Studies of the Glacigenic Sediments of Schirmacher Oasis, Antarctica.",https://npdc.ncpor.res.in/npdc/search_mf_data.action?search=title&expedition_type=Antarctic&parameter=MF1405531432&userType=user&parameter1=Erosion%2FSedimentation,"META DATA SEARCH
Home
About
Data
Search For Datasets »
Browse by Keyword
Browse by Location
Data Availability
SOE : Scientific Voyage Details
Other Datasets »
Weather and Environment
Search AWS & Meteorological Datasets
Sagar Kanya Cruise Report
Surface Data at Maitri & Gangotri
Synoptic Data From Bharti Station (2016-21)
Submit Your Data »
New Datasets
Last Submitted Datasets
Other Data Links
Important links »
Polar View
NCMRWF - Southern Ocean
NCMRWF - Sea-ice Arctic
NCMRWF - Sea-ice Antarctic
Polar Directory
Search by Data Types
Free Text
Sign
					In
User Manual
Brief Record
Full Record
View XML
Export PDF
Get Data
Title
Detailed Sedimentological Studies of the Glacigenic Sediments of Schirmacher Oasis, Antarctica.
Abstract
The present work emphasizes on the study of ongoing sedimentological processes in Schirmacher area as well as the detailed study of product of the same i.e., glacial debris and sediments. Physiographically, the Schirmacher area is divisible into continental ice, main Schirmacher land and shelf area. A clear distinction of the dominating physical agencies and their work in above mentioned three areas can easily be noticed. However, in a limited period of time, the present emphasis is given on various statistical analysis of the sediment samples collected from various sub-environments of the glacial environment. The common parameters like graphic mean, graphic skewness, graphic kurtosis, graphic standard deviation etc. have been calculated and interpreted for environmental reconstruction. In addition, a preliminary report of heavy minerals identified is also presented.
Purpose
In the present study, an emphasis has been given on detailed granulometric analysis of the extensive sediment samples collected from different locations of Polar ice-sheet, Schirmacher main land including lakes and shelf area. Various statistical parameters have been calculated and interpreted for their significance in reconstruction of depositional environment. The heavy minerals from the same samples have also been separated and are under study, therefore, a preliminary report is being made.
Basic Information
Release Date
:    30/09/2020
Originating Center
:
Data Set Progress
:    Complete
Data Set Language
:
ISO Topic Categories
Category
:   Land Surface
Topic
:   Erosion/Sedimentation
ISO Topic
:   Meteorology
Personnel
Role
:   Principal Investigator
Name
:   Dr. Ashok  K Srivastava
e-mail
:   ictd@ncpor.res.in
Organisation
:   S G B Amravati University
Title
Detailed Sedimentological Studies of the Glacigenic Sediments of Schirmacher Oasis, Antarctica.
Science Keywords
Category
Land Surface
Topic
Erosion/Sedimentation
ISO Topic
Meteorology
Expedition Year
2001-2002
Project Details
Project Number
9
Project Name
Detailed Sedimentological Studies of the Glacigenic Sediments of Schirmacher Oasis, Antarctica.
Summary
Abstract
The present work emphasizes on the study of ongoing sedimentological processes in Schirmacher area as well as the detailed study of product of the same i.e., glacial debris and sediments. Physiographically, the Schirmacher area is divisible into continental ice, main Schirmacher land and shelf area. A clear distinction of the dominating physical agencies and their work in above mentioned three areas can easily be noticed. However, in a limited period of time, the present emphasis is given on various statistical analysis of the sediment samples collected from various sub-environments of the glacial environment. The common parameters like graphic mean, graphic skewness, graphic kurtosis, graphic standard deviation etc. have been calculated and interpreted for environmental reconstruction. In addition, a preliminary report of heavy minerals identified is also presented.
Purpose
In the present study, an emphasis has been given on detailed granulometric analysis of the extensive sediment samples collected from different locations of Polar ice-sheet, Schirmacher main land including lakes and shelf area. Various statistical parameters have been calculated and interpreted for their significance in reconstruction of depositional environment. The heavy minerals from the same samples have also been separated and are under study, therefore, a preliminary report is being made.
Dataset Citation
Creator
Ashok K Srivastava
Editor
Ashok K Srivastava
Dataset Title
Detailed Sedimentological Studies of the Glacigenic Sediments of Schirmacher Oasis, Antarctica.
Series Name
1
Release Date
30/09/2020
Release Place
Goa
Version
1
Online Resource
http://14.139.119.23:8080/dspace/bitstream/123456789/885/1/Technical+Publication+No.+19%2C+pp+239-261.pdf
Scientist Details
Role
Principal Investigator
Name
Dr. Ashok  K Srivastava
e-mail
ictd@ncpor.res.in
Phone
8322525515
Mobile Number
8322525515
Institute /
Organization
S G B Amravati University
Address
S G B Amravati University, Amravati, Maharashtra-444602.
City
Amravati
State
Maharashtra
Postal Code
444602
Country
India
Data Center
Short Name
NPDC
Long Name
National Polar Data Center, India
Mail Id
npdc@ncpor.res.in
Phone No
+91 - 832-2525515
Address
Headland Sada
City
Vasco-Da-Gama
State
Goa
Pin Code
403804
Country
India
Instrument Details
Short name
-
Long name
-
Location
Category
Region
Type
Antarctic
Subregion
Schirmacher Oasis
Platform
Short name
-
Long name
-
Data
					Set Progress
Complete
close
save as pdf
If XML not opening,
Click Here!
If download not started,
Click Here!
Search
Quick Links
Contact Us
Data Policy & Guidelines
User Manual
Polar Directory
Data Submission
Common Project Proposal Form
Submit a New Data
For scholars
Dataset by Science Keywords
Dataset by Location
Observation Dataset
Quantarctica
Data Portal
Synoptic Data
Useful Links
Python
Ferret visualization
and analysis Tool
The R Project
© National Centre for Polar and Ocean Research
						(NCPOR), Ministry of Earth Sciences (MoES), Government of India"
Land Surface,Erosion/Sedimentation,Dissolved trace elemental data for Ny Alesund and nearby coastal regions,https://npdc.ncpor.res.in/npdc/search_mf_data.action?search=title&expedition_type=Antarctic&parameter=MF1441320652&userType=user&parameter1=Erosion%2FSedimentation,"META DATA SEARCH
Home
About
Data
Search For Datasets »
Browse by Keyword
Browse by Location
Data Availability
SOE : Scientific Voyage Details
Other Datasets »
Weather and Environment
Search AWS & Meteorological Datasets
Sagar Kanya Cruise Report
Surface Data at Maitri & Gangotri
Synoptic Data From Bharti Station (2016-21)
Submit Your Data »
New Datasets
Last Submitted Datasets
Other Data Links
Important links »
Polar View
NCMRWF - Southern Ocean
NCMRWF - Sea-ice Arctic
NCMRWF - Sea-ice Antarctic
Polar Directory
Search by Data Types
Free Text
Sign
					In
User Manual
Brief Record
Full Record
View XML
Export PDF
Get Data
Title
Dissolved trace elemental (Sr, Mo and U) data for Ny-Alesund region and adjoining coastal waters (August, 2023)
Abstract
This dataset includes dissolved concentrations of selected trace elements (strontium, Molybdenum and uranium) in the freshwater and nearby fjord in the Ny Alesund region. These data have been generated in acidified aliquots of filtered water samples. These measurements were conducted using Q-ICPMS and a standard calibration approach has been adopted for these analyses. The replicate and accuracy of these measurements were always better than 5 %.
Purpose
This water chemistry data will be useful in constraining the chemical weathering rate of these glaciated terrains. Abundance and distribution of elemental concentrations will be used to constrain the rock dissolution and relative contributions from different end-members. Whereas, the salinity gradient of these concentrations, in comparison to river and open ocean values, will provide clues on additional source/sink of elements in these coastal settings.
Basic Information
Release Date
:    22/11/2024
Originating Center
:
Data Set Progress
:    In Work
Data Set Language
:
ISO Topic Categories
Category
:   Land Surface
Topic
:   Erosion/Sedimentation
ISO Topic
:   Environment
Personnel
Role
:   Project Investigator
Name
:   Dr. Gyana   Tripathy
e-mail
:   grtripathy@iiserpune.ac.in
Organisation
:   Indian Institute of Science Education and Research Pune
Title
Dissolved trace elemental (Sr, Mo and U) data for Ny-Alesund region and adjoining coastal waters (August, 2023)
Science Keywords
Category
Land Surface
Topic
Erosion/Sedimentation
ISO Topic
Environment
Expedition Year
2023-2024
Project Details
Project Number
RiS ID 11981
Project Name
Chemical weathering and glacial oxidation in Arctic environments
Summary
Abstract
This dataset includes dissolved concentrations of selected trace elements (strontium, Molybdenum and uranium) in the freshwater and nearby fjord in the Ny Alesund region. These data have been generated in acidified aliquots of filtered water samples. These measurements were conducted using Q-ICPMS and a standard calibration approach has been adopted for these analyses. The replicate and accuracy of these measurements were always better than 5 %.
Purpose
This water chemistry data will be useful in constraining the chemical weathering rate of these glaciated terrains. Abundance and distribution of elemental concentrations will be used to constrain the rock dissolution and relative contributions from different end-members. Whereas, the salinity gradient of these concentrations, in comparison to river and open ocean values, will provide clues on additional source/sink of elements in these coastal settings.
Dataset Citation
Creator
Kruttika Mohapatra
Editor
Gyana Tripathy
Dataset Title
Dissolved trace elemental data for Ny Alesund and nearby coastal regions
Series Name
RiS ID 11981
Release Date
22/11/2024
Release Place
Pune
Version
Online Resource
https://data.ncpor.res.in/static/datasets/MF1441320652_arctic_23_data_upload.xlsx
Scientist Details
Role
Project Investigator
Name
Dr. Gyana   Tripathy
e-mail
grtripathy@iiserpune.ac.in
Phone
912025908275
Mobile Number
7798885981
Institute /
Organization
Indian Institute of Science Education and Research Pune
Address
Earth and Climate Science, IISER Pune, Pune-411008, India
City
Pune
State
Maharashtra
Postal Code
411008
Country
India
Data Center
Short Name
NPDC
Long Name
National Polar Data Center, India
Mail Id
npdc@ncpor.res.in
Phone No
+91 - 832-2525515
Address
Headland Sada
City
Vasco-Da-Gama
State
Goa
Pin Code
403804
Country
India
Instrument Details
Short name
ICPMS
Long name
Quadrupole Inductively coupled plasma mass spectrometer
Location
Category
Region
Type
Arctic
Subregion
Krossfjorden, Kongs Fjorden Ny Alesund
Platform
Short name
MF1441320652
Long name
Dissolved Trace elements in Arctic region
Data
					Set Progress
In Work
close
save as pdf
If XML not opening,
Click Here!
If download not started,
Click Here!
Search
Quick Links
Contact Us
Data Policy & Guidelines
User Manual
Polar Directory
Data Submission
Common Project Proposal Form
Submit a New Data
For scholars
Dataset by Science Keywords
Dataset by Location
Observation Dataset
Quantarctica
Data Portal
Synoptic Data
Useful Links
Python
Ferret visualization
and analysis Tool
The R Project
© National Centre for Polar and Ocean Research
						(NCPOR), Ministry of Earth Sciences (MoES), Government of India"
Solid Earth,Microwave,Study of microwave remote sensing signatures for Antarctic ice processes in relation to climate change,https://npdc.ncpor.res.in/npdc/search_mf_data.action?search=title&expedition_type=Antarctic&parameter=MF-1321522102&userType=user&parameter1=Microwave,"META DATA SEARCH
Home
About
Data
Search For Datasets »
Browse by Keyword
Browse by Location
Data Availability
SOE : Scientific Voyage Details
Other Datasets »
Weather and Environment
Search AWS & Meteorological Datasets
Sagar Kanya Cruise Report
Surface Data at Maitri & Gangotri
Synoptic Data From Bharti Station (2016-21)
Submit Your Data »
New Datasets
Last Submitted Datasets
Other Data Links
Important links »
Polar View
NCMRWF - Southern Ocean
NCMRWF - Sea-ice Arctic
NCMRWF - Sea-ice Antarctic
Polar Directory
Search by Data Types
Free Text
Sign
					In
User Manual
Brief Record
Full Record
View XML
Export PDF
Data pending
Title
Study of microwave remote sensing signatures for Antarctic ice processes in relation to climate change
Abstract
The microwave signatures from different types of ice differ with the age of the ice. While volume scattering dominates in multi year ice (MYI), surface scattering is the evident feature in the first year ice (FYI). The growth and melting of polar ice changes the physical structure, visual appearance and electrical properties of the surface. These change the microwave and optical remote sensing signatures of the targets.
Some of the main physical parameters of sea ice that are important from the remote sensing point of view are surface temperature, salinity, surface roughness, snow cover and the presence of liquid water due to melting on top of the ice surface.
Purpose
Validation of microwave remote sensing data of Antarctic ice for Scatterometer and SAR 
Site selection for the validation of ALTIKA /SARAL data. 
Classification of ice types and detection of climate change prone areas 
Study of the melting process during spring-summer season 
Analysis of snow distribution pattern over the Antarctic ice sheet
Measurements of air temperature, wind speed, SST and surface salinity measurements in high latitude oceans
Basic Information
Release Date
:    22/01/2021
Originating Center
:
Data Set Progress
:    Complete
Data Set Language
:
ISO Topic Categories
Category
:   Solid Earth
Topic
:   Microwave
ISO Topic
:   Meteorology
Personnel
Role
:   Principal Investigator
Name
:   Dr. Sandip R Oza  R  Oza
e-mail
:   ictd@ncpor.res.in
Organisation
:   Space Application Centre (SAC)
Title
Study of microwave remote sensing signatures for Antarctic ice processes in relation to climate change
Science Keywords
Category
Solid Earth
Topic
Microwave
ISO Topic
Meteorology
Expedition Year
2009-2010
Project Details
Project Number
AMC -10
Project Name
Study of microwave remote sensing signatures for Antarctic ice processes in relation to climate change
Summary
Abstract
The microwave signatures from different types of ice differ with the age of the ice. While volume scattering dominates in multi year ice (MYI), surface scattering is the evident feature in the first year ice (FYI). The growth and melting of polar ice changes the physical structure, visual appearance and electrical properties of the surface. These change the microwave and optical remote sensing signatures of the targets.
Some of the main physical parameters of sea ice that are important from the remote sensing point of view are surface temperature, salinity, surface roughness, snow cover and the presence of liquid water due to melting on top of the ice surface.
Purpose
Validation of microwave remote sensing data of Antarctic ice for Scatterometer and SAR 
Site selection for the validation of ALTIKA /SARAL data. 
Classification of ice types and detection of climate change prone areas 
Study of the melting process during spring-summer season 
Analysis of snow distribution pattern over the Antarctic ice sheet
Measurements of air temperature, wind speed, SST and surface salinity measurements in high latitude oceans
Dataset Citation
Creator
Sandip R Oza
Editor
Sandip R Oza
Dataset Title
Study of microwave remote sensing signatures for Antarctic ice processes in relation to climate change
Series Name
1
Release Date
22/01/2021
Release Place
Goa
Version
1
Online Resource
Scientist Details
Role
Principal Investigator
Name
Dr. Sandip R Oza  R  Oza
e-mail
ictd@ncpor.res.in
Phone
079-26916041
Mobile Number
9427011251
Institute /
Organization
Space Application Centre (SAC)
Address
Meteorology and Oceanography Group, MOG, Space Applications Centre (ISRO), Ahmedabad -380 015
Tel: 079-26916041
City
Ahmedabad
State
Gujarat
Postal Code
380015
Country
India
Data Center
Short Name
NPDC
Long Name
National Polar Data Center, India
Mail Id
npdc@ncpor.res.in
Phone No
+91 - 832-2525515
Address
Headland Sada
City
Vasco-Da-Gama
State
Goa
Pin Code
403804
Country
India
Instrument Details
Short name
-
Long name
-
Location
Category
Region
Type
Antarctic
Subregion
Maitri
Platform
Short name
-
Long name
-
Data
					Set Progress
Complete
close
save as pdf
If XML not opening,
Click Here!
If download not started,
Click Here!
Search
Quick Links
Contact Us
Data Policy & Guidelines
User Manual
Polar Directory
Data Submission
Common Project Proposal Form
Submit a New Data
For scholars
Dataset by Science Keywords
Dataset by Location
Observation Dataset
Quantarctica
Data Portal
Synoptic Data
Useful Links
Python
Ferret visualization
and analysis Tool
The R Project
© National Centre for Polar and Ocean Research
						(NCPOR), Ministry of Earth Sciences (MoES), Government of India"
Solid Earth,Platform Characteristics,"ELF - VLF emissions observed on the Ground at Maitri, Antarctica.",https://npdc.ncpor.res.in/npdc/search_mf_data.action?search=title&expedition_type=Antarctic&parameter=MF-1120626965&userType=user&parameter1=Platform+Characteristics,"META DATA SEARCH
Home
About
Data
Search For Datasets »
Browse by Keyword
Browse by Location
Data Availability
SOE : Scientific Voyage Details
Other Datasets »
Weather and Environment
Search AWS & Meteorological Datasets
Sagar Kanya Cruise Report
Surface Data at Maitri & Gangotri
Synoptic Data From Bharti Station (2016-21)
Submit Your Data »
New Datasets
Last Submitted Datasets
Other Data Links
Important links »
Polar View
NCMRWF - Southern Ocean
NCMRWF - Sea-ice Arctic
NCMRWF - Sea-ice Antarctic
Polar Directory
Search by Data Types
Free Text
Sign
					In
User Manual
Brief Record
Full Record
View XML
Export PDF
Get Data
Title
ELF - VLF emissions observed on the Ground at Maitri, Antarctica.
Abstract
Ground based observations of extremely low frequency ( E L F ) and very low frequency ( V L F ) emissions, at the Indian station Maitri in Antarctica have been reported here. T h e E L F - V L F recording experiment was successfully installed during the 1 8th Indian Scientific Expedition to Antarctica (ISEA) and observations were carried out during the Jan-Feb., 1999 using the T-type antenna installed during the 17th ISEA. The spectrograms of analyzed data have revealed the occurrence of various events like, discrete chorus emissions, emissions of rising type, falling emissions of hook type, multiple emissions, periodic and quasi-periodic emissions.
Purpose
Some events of E L F - V L F emissions observed at lndianAntarcticgroundwavestation Maitri (70?46'S, 11? 44'E)duhngJan-Feb. 1999 asa summer part of the 18th Indian Scientific Expedition to Antarctica.
Basic Information
Release Date
:    25/09/2020
Originating Center
:
Data Set Progress
:    Complete
Data Set Language
:
ISO Topic Categories
Category
:   Solid Earth
Topic
:   Platform Characteristics
ISO Topic
:   Meteorology
Personnel
Role
:   Principal Investigator
Name
:   Dr. Sushil   Kumar
e-mail
:   ictd@ncpor.res.in
Organisation
:   Agra College
Title
ELF - VLF emissions observed on the Ground at Maitri, Antarctica.
Science Keywords
Category
Solid Earth
Topic
Platform Characteristics
ISO Topic
Meteorology
Expedition Year
1998-1999
1998-1999
Project Details
Project Number
24
Project Name
ELF - VLF emissions observed on the Ground at Maitri, Antarctica.
Summary
Abstract
Ground based observations of extremely low frequency ( E L F ) and very low frequency ( V L F ) emissions, at the Indian station Maitri in Antarctica have been reported here. T h e E L F - V L F recording experiment was successfully installed during the 1 8th Indian Scientific Expedition to Antarctica (ISEA) and observations were carried out during the Jan-Feb., 1999 using the T-type antenna installed during the 17th ISEA. The spectrograms of analyzed data have revealed the occurrence of various events like, discrete chorus emissions, emissions of rising type, falling emissions of hook type, multiple emissions, periodic and quasi-periodic emissions.
Purpose
Some events of E L F - V L F emissions observed at lndianAntarcticgroundwavestation Maitri (70?46'S, 11? 44'E)duhngJan-Feb. 1999 asa summer part of the 18th Indian Scientific Expedition to Antarctica.
Dataset Citation
Creator
Sushil Kumar
Editor
Sushil Kumar
Dataset Title
ELF - VLF emissions observed on the Ground at Maitri, Antarctica.
Series Name
1
Release Date
25/09/2020
Release Place
Goa
Version
1
Online Resource
http://14.139.119.23:8080/dspace/bitstream/123456789/542/3/ARTICLE+3_1.pdf
Scientist Details
Role
Principal Investigator
Name
Dr. Sushil   Kumar
e-mail
ictd@ncpor.res.in
Phone
8322525515
Mobile Number
8322525515
Institute /
Organization
Agra College
Address
Department of Physics, Faculty of Science, Agra College, Agra-282 002
City
Agra
State
Uttar Pradesh
Postal Code
282002
Country
India
Data Center
Short Name
NPDC
Long Name
National Polar Data Center, India
Mail Id
npdc@ncpor.res.in
Phone No
+91 - 832-2525515
Address
Headland Sada
City
Vasco-Da-Gama
State
Goa
Pin Code
403804
Country
India
Instrument Details
Short name
-
Long name
-
Location
Category
Region
Type
Antarctic
Subregion
Maitri
Platform
Short name
-
Long name
-
Data
					Set Progress
Complete
close
save as pdf
If XML not opening,
Click Here!
If download not started,
Click Here!
Search
Quick Links
Contact Us
Data Policy & Guidelines
User Manual
Polar Directory
Data Submission
Common Project Proposal Form
Submit a New Data
For scholars
Dataset by Science Keywords
Dataset by Location
Observation Dataset
Quantarctica
Data Portal
Synoptic Data
Useful Links
Python
Ferret visualization
and analysis Tool
The R Project
© National Centre for Polar and Ocean Research
						(NCPOR), Ministry of Earth Sciences (MoES), Government of India"
Solid Earth,Platform Characteristics,Fracture and Fatigue Studies on Mild and Structural Steels For Use in Antarctica.,https://npdc.ncpor.res.in/npdc/search_mf_data.action?search=title&expedition_type=Antarctic&parameter=MF-1509707315&userType=user&parameter1=Platform+Characteristics,"META DATA SEARCH
Home
About
Data
Search For Datasets »
Browse by Keyword
Browse by Location
Data Availability
SOE : Scientific Voyage Details
Other Datasets »
Weather and Environment
Search AWS & Meteorological Datasets
Sagar Kanya Cruise Report
Surface Data at Maitri & Gangotri
Synoptic Data From Bharti Station (2016-21)
Submit Your Data »
New Datasets
Last Submitted Datasets
Other Data Links
Important links »
Polar View
NCMRWF - Southern Ocean
NCMRWF - Sea-ice Arctic
NCMRWF - Sea-ice Antarctic
Polar Directory
Search by Data Types
Free Text
Sign
					In
User Manual
Brief Record
Full Record
View XML
Export PDF
Get Data
Title
Fracture and Fatigue Studies on Mild and Structural Steels for use in Antarctica.
Abstract
This study was intended to determine the usability of ordinary mild and structural steels in the Antarctic climatic conditions. An attempt was made to improve the fatigue and fracture toughness characteristics of such metals for the above use. The effect of hydrogen removal on the Kpop-in value and the resulting fatigue crack growth rate and fatigue life of the metal specimen has been studied. An improvement in pop-in characteristics has been indicated.
Purpose
Many special alloys have been prescribed for and used in such low temperatures as are prevalent in the Antarctic. However, the high cost of these alloys inhibits their extensive use. Actual conditions in the place of use may permit the use of ordinary mild steels and structural steels. This makes it important to judge their suitability for such environs. This study assesses the fracture toughness and fatigue crack growth rate of mild and structural steels exposed to the Antarctic climatic cycle. Hydrogen in steel causes flaking and embrittlement. The effect of hydrogen removal is studied.
Basic Information
Release Date
:    7/09/2020
Originating Center
:
Data Set Progress
:    Complete
Data Set Language
:
ISO Topic Categories
Category
:   Solid Earth
Topic
:   Platform Characteristics
ISO Topic
:   Meteorology
Personnel
Role
:   Principal Investigator
Name
:   Dr. Sameer   Vijayakar
e-mail
:   ictd@ncpor.res.in
Organisation
:   Indian Institute of Technology Bombay
Title
Fracture and Fatigue Studies on Mild and Structural Steels for use in Antarctica.
Science Keywords
Category
Solid Earth
Topic
Platform Characteristics
ISO Topic
Meteorology
Expedition Year
1985-1986
Project Details
Project Number
23
Project Name
Fracture and Fatigue Studies on Mild and Structural Steels For Use in Antarctica.
Summary
Abstract
This study was intended to determine the usability of ordinary mild and structural steels in the Antarctic climatic conditions. An attempt was made to improve the fatigue and fracture toughness characteristics of such metals for the above use. The effect of hydrogen removal on the Kpop-in value and the resulting fatigue crack growth rate and fatigue life of the metal specimen has been studied. An improvement in pop-in characteristics has been indicated.
Purpose
Many special alloys have been prescribed for and used in such low temperatures as are prevalent in the Antarctic. However, the high cost of these alloys inhibits their extensive use. Actual conditions in the place of use may permit the use of ordinary mild steels and structural steels. This makes it important to judge their suitability for such environs. This study assesses the fracture toughness and fatigue crack growth rate of mild and structural steels exposed to the Antarctic climatic cycle. Hydrogen in steel causes flaking and embrittlement. The effect of hydrogen removal is studied.
Dataset Citation
Creator
SAMEER VIJAYAKAR
Editor
SAMEER VIJAYAKAR
Dataset Title
Fracture and Fatigue Studies on Mild and Structural Steels For Use in Antarctica.
Series Name
1
Release Date
7/09/2020
Release Place
Goa
Version
1
Online Resource
http://14.139.119.23:8080/dspace/bitstream/123456789/292/3/article32.pdf
Scientist Details
Role
Principal Investigator
Name
Dr. Sameer   Vijayakar
e-mail
ictd@ncpor.res.in
Phone
8322525515
Mobile Number
8322525515
Institute /
Organization
Indian Institute of Technology Bombay
Address
Main Gate Rd, IIT Area, Powai, Mumbai, Maharashtra 400076.
City
Mumbai
State
Maharashtra
Postal Code
400076
Country
India
Data Center
Short Name
NPDC
Long Name
National Polar Data Center, India
Mail Id
npdc@ncpor.res.in
Phone No
+91 - 832-2525515
Address
Headland Sada
City
Vasco-Da-Gama
State
Goa
Pin Code
403804
Country
India
Instrument Details
Short name
-
Long name
-
Location
Category
Region
Type
Antarctic
Subregion
Dakshin Gangotri
Platform
Short name
-
Long name
-
Data
					Set Progress
Complete
close
save as pdf
If XML not opening,
Click Here!
If download not started,
Click Here!
Search
Quick Links
Contact Us
Data Policy & Guidelines
User Manual
Polar Directory
Data Submission
Common Project Proposal Form
Submit a New Data
For scholars
Dataset by Science Keywords
Dataset by Location
Observation Dataset
Quantarctica
Data Portal
Synoptic Data
Useful Links
Python
Ferret visualization
and analysis Tool
The R Project
© National Centre for Polar and Ocean Research
						(NCPOR), Ministry of Earth Sciences (MoES), Government of India"
Solid Earth,Platform Characteristics,Typical Meteorological and Oceanological Situations Encountered during the Fifth Indian Scientific Expedition to Antarctica (1985-86).,https://npdc.ncpor.res.in/npdc/search_mf_data.action?search=title&expedition_type=Antarctic&parameter=MF1780806515&userType=user&parameter1=Platform+Characteristics,"META DATA SEARCH
Home
About
Data
Search For Datasets »
Browse by Keyword
Browse by Location
Data Availability
SOE : Scientific Voyage Details
Other Datasets »
Weather and Environment
Search AWS & Meteorological Datasets
Sagar Kanya Cruise Report
Surface Data at Maitri & Gangotri
Synoptic Data From Bharti Station (2016-21)
Submit Your Data »
New Datasets
Last Submitted Datasets
Other Data Links
Important links »
Polar View
NCMRWF - Southern Ocean
NCMRWF - Sea-ice Arctic
NCMRWF - Sea-ice Antarctic
Polar Directory
Search by Data Types
Free Text
Sign
					In
User Manual
Brief Record
Full Record
View XML
Export PDF
Get Data
Title
Typical Meteorological and Oceanological Situations Encountered during the Fifth Indian Scientific Expedition to Antarctica (1985-86).
Abstract
During the Fifth Indian Scientific Expedition to Antarctica, round the clock marine meteorological data was collected during the passage of the ship to and fro Antarctica, including the stay in polynya near Dakshin Gangotri. The paper highlights some of the prominent meteorological conditions encountered including the two typical storms on the return journey.
Purpose
Fifth Indian Scientific Expedition on board MV Thuleland sailed for Antarctica on 30 Nov. 85 from Marmugoa harbour. During the passage to Antarctica from 30 Nov. to 24 Dec. 85 and return passage from 03 Mar. to 24 Mar. 86, the following typical meteorological and oceanological conditions were experienced:- I. Intense low pressure area on 15 Dec. 85 in Southern Ocean. II. Thick pack ice. III. Thick fog causing reduction in visibility on 07 Mar. and 08 Mar. 86. IV. Tropical storms 'Horoninia' and 'Irimma'. The above mentioned meteorological and oceanological situations are discussed in this report.
Basic Information
Release Date
:    4/09/2020
Originating Center
:
Data Set Progress
:    Complete
Data Set Language
:
ISO Topic Categories
Category
:   Solid Earth
Topic
:   Platform Characteristics
ISO Topic
:   Meteorology
Personnel
Role
:   Principal Investigator
Name
:   Dr. SURINDERJIT    Singh
e-mail
:   ictd@ncpor.res.in
Organisation
:   Indian Coast Guard Headquarters
Title
Typical Meteorological and Oceanological Situations Encountered during the Fifth Indian Scientific Expedition to Antarctica (1985-86).
Science Keywords
Category
Solid Earth
Topic
Platform Characteristics
ISO Topic
Meteorology
Expedition Year
1985-1986
Project Details
Project Number
10
Project Name
Typical Meteorological and Oceanological Situations Encountered during the Fifth Indian Scientific Expedition to Antarctica (1985-86).
Summary
Abstract
During the Fifth Indian Scientific Expedition to Antarctica, round the clock marine meteorological data was collected during the passage of the ship to and fro Antarctica, including the stay in polynya near Dakshin Gangotri. The paper highlights some of the prominent meteorological conditions encountered including the two typical storms on the return journey.
Purpose
Fifth Indian Scientific Expedition on board MV Thuleland sailed for Antarctica on 30 Nov. 85 from Marmugoa harbour. During the passage to Antarctica from 30 Nov. to 24 Dec. 85 and return passage from 03 Mar. to 24 Mar. 86, the following typical meteorological and oceanological conditions were experienced:- I. Intense low pressure area on 15 Dec. 85 in Southern Ocean. II. Thick pack ice. III. Thick fog causing reduction in visibility on 07 Mar. and 08 Mar. 86. IV. Tropical storms 'Horoninia' and 'Irimma'. The above mentioned meteorological and oceanological situations are discussed in this report.
Dataset Citation
Creator
SURINDERJIT SINGH
Editor
SURINDERJIT SINGH
Dataset Title
Typical Meteorological and Oceanological Situations Encountered during the Fifth Indian Scientific Expedition to Antarctica (1985-86).
Series Name
1
Release Date
4/09/2020
Release Place
Goa
Version
1
Online Resource
http://14.139.119.23:8080/dspace/bitstream/123456789/281/3/article22.pdf
Scientist Details
Role
Principal Investigator
Name
Dr. SURINDERJIT    Singh
e-mail
ictd@ncpor.res.in
Phone
8322525515
Mobile Number
8322525515
Institute /
Organization
Indian Coast Guard Headquarters
Address
?Purana Quila Road, Government Officers Colony, India Gate, New Delhi, Delhi 110001
City
New Delhi
State
Delhi
Postal Code
110001
Country
India
Data Center
Short Name
NPDC
Long Name
National Polar Data Center, India
Mail Id
npdc@ncpor.res.in
Phone No
+91 - 832-2525515
Address
Headland Sada
City
Vasco-Da-Gama
State
Goa
Pin Code
403804
Country
India
Instrument Details
Short name
-
Long name
-
Location
Category
Region
Type
Antarctic
Subregion
Dakshin Gangotri
Platform
Short name
-
Long name
-
Data
					Set Progress
Complete
close
save as pdf
If XML not opening,
Click Here!
If download not started,
Click Here!
Search
Quick Links
Contact Us
Data Policy & Guidelines
User Manual
Polar Directory
Data Submission
Common Project Proposal Form
Submit a New Data
For scholars
Dataset by Science Keywords
Dataset by Location
Observation Dataset
Quantarctica
Data Portal
Synoptic Data
Useful Links
Python
Ferret visualization
and analysis Tool
The R Project
© National Centre for Polar and Ocean Research
						(NCPOR), Ministry of Earth Sciences (MoES), Government of India"
Solid Earth,Platform Characteristics,Study of age of rock using their transmitted spectral characters in parts of Antarctica region,https://npdc.ncpor.res.in/npdc/search_mf_data.action?search=title&expedition_type=Antarctic&parameter=MF1945946549&userType=user&parameter1=Platform+Characteristics,"META DATA SEARCH
Home
About
Data
Search For Datasets »
Browse by Keyword
Browse by Location
Data Availability
SOE : Scientific Voyage Details
Other Datasets »
Weather and Environment
Search AWS & Meteorological Datasets
Sagar Kanya Cruise Report
Surface Data at Maitri & Gangotri
Synoptic Data From Bharti Station (2016-21)
Submit Your Data »
New Datasets
Last Submitted Datasets
Other Data Links
Important links »
Polar View
NCMRWF - Southern Ocean
NCMRWF - Sea-ice Arctic
NCMRWF - Sea-ice Antarctic
Polar Directory
Search by Data Types
Free Text
Sign
					In
User Manual
Brief Record
Full Record
View XML
Export PDF
Data pending
Title
Study of age of rock using their transmitted spectral characters in parts of Antarctica region
Abstract
A scientist named Arthur Holmes dated the ages of rocks of the earth in many places using radioactive method. The oldest rock found in India and Australia. The age of these rocks are 4300ma. In Canada?s great slave it is 4030 ma it is 3800ma in west green land, 3800 ma in North America, 3800a in South America and 350ma in  Africa. Now days, recent rocks are found in Antarctica Himalayan mountain and plate boundary their ages 450ma in Antarctica, 500ma in east Antarctica, 150ma in west Antarctica, 80ma in Antarctica peninsula in the Himalayan mountain it is 500ma. In the Andes and Rocky mountain of America it in 450ma. And the age?s plate boundary is about 0-180ma.A.M. Dayal and S.M. Hussain et al studied alkali basaltic. East Antarctica. Rb-Sr and Nd isotopic date on two lamprophyre dykes are resent from the Schirmacher Oasis.
Purpose
To study transmitted spectral signatures on the identification of the age of rocks.
To study the physical, optical and chemical characters of rocks of study area.
To study and validate the transmitted spectral signature of the area.
Basic Information
Release Date
:    22/01/2021
Originating Center
:
Data Set Progress
:    Complete
Data Set Language
:
ISO Topic Categories
Category
:   Solid Earth
Topic
:   Platform Characteristics
ISO Topic
:   Meteorology
Personnel
Role
:   Principal Investigator
Name
:   Dr. S   RAJA
e-mail
:   ictd@ncpor.res.in
Organisation
:   Annamalai University
Title
Study of age of rock using their transmitted spectral characters in parts of Antarctica region
Science Keywords
Category
Solid Earth
Topic
Platform Characteristics
ISO Topic
Meteorology
Expedition Year
2009-2010
Project Details
Project Number
(EGG) SPS-4
Project Name
Study of age of rock using their transmitted spectral characters in parts of Antarctica region
Summary
Abstract
A scientist named Arthur Holmes dated the ages of rocks of the earth in many places using radioactive method. The oldest rock found in India and Australia. The age of these rocks are 4300ma. In Canada?s great slave it is 4030 ma it is 3800ma in west green land, 3800 ma in North America, 3800a in South America and 350ma in  Africa. Now days, recent rocks are found in Antarctica Himalayan mountain and plate boundary their ages 450ma in Antarctica, 500ma in east Antarctica, 150ma in west Antarctica, 80ma in Antarctica peninsula in the Himalayan mountain it is 500ma. In the Andes and Rocky mountain of America it in 450ma. And the age?s plate boundary is about 0-180ma.A.M. Dayal and S.M. Hussain et al studied alkali basaltic. East Antarctica. Rb-Sr and Nd isotopic date on two lamprophyre dykes are resent from the Schirmacher Oasis.
Purpose
To study transmitted spectral signatures on the identification of the age of rocks.
To study the physical, optical and chemical characters of rocks of study area.
To study and validate the transmitted spectral signature of the area.
Dataset Citation
Creator
S Raja
Editor
S Raja
Dataset Title
Study of age of rock using their transmitted spectral characters in parts of Antarctica region
Series Name
1
Release Date
22/01/2021
Release Place
Goa
Version
1
Online Resource
Scientist Details
Role
Principal Investigator
Name
Dr. S   RAJA
e-mail
ictd@ncpor.res.in
Phone
9443665737
Mobile Number
9443665737
Institute /
Organization
Annamalai University
Address
Department of earth sciences
Annamalai University
Annamalai nagar
Chidambaram 608 002
Tamil Nadu, India
Tel: 04143-244186
City
Chidambaram
State
Tamil Nadu
Postal Code
608002
Country
India
Data Center
Short Name
NPDC
Long Name
National Polar Data Center, India
Mail Id
npdc@ncpor.res.in
Phone No
+91 - 832-2525515
Address
Headland Sada
City
Vasco-Da-Gama
State
Goa
Pin Code
403804
Country
India
Instrument Details
Short name
-
Long name
-
Location
Category
Region
Type
Antarctic
Subregion
Maitri
Platform
Short name
-
Long name
-
Data
					Set Progress
Complete
close
save as pdf
If XML not opening,
Click Here!
If download not started,
Click Here!
Search
Quick Links
Contact Us
Data Policy & Guidelines
User Manual
Polar Directory
Data Submission
Common Project Proposal Form
Submit a New Data
For scholars
Dataset by Science Keywords
Dataset by Location
Observation Dataset
Quantarctica
Data Portal
Synoptic Data
Useful Links
Python
Ferret visualization
and analysis Tool
The R Project
© National Centre for Polar and Ocean Research
						(NCPOR), Ministry of Earth Sciences (MoES), Government of India"
Solid Earth,Platform Characteristics,Clothing for Antarctica.,https://npdc.ncpor.res.in/npdc/search_mf_data.action?search=title&expedition_type=Antarctic&parameter=MF320973731&userType=user&parameter1=Platform+Characteristics,"META DATA SEARCH
Home
About
Data
Search For Datasets »
Browse by Keyword
Browse by Location
Data Availability
SOE : Scientific Voyage Details
Other Datasets »
Weather and Environment
Search AWS & Meteorological Datasets
Sagar Kanya Cruise Report
Surface Data at Maitri & Gangotri
Synoptic Data From Bharti Station (2016-21)
Submit Your Data »
New Datasets
Last Submitted Datasets
Other Data Links
Important links »
Polar View
NCMRWF - Southern Ocean
NCMRWF - Sea-ice Arctic
NCMRWF - Sea-ice Antarctic
Polar Directory
Search by Data Types
Free Text
Sign
					In
User Manual
Brief Record
Full Record
View XML
Export PDF
Get Data
Title
Clothing for Antarctica.
Abstract
The experience of the members of the Fifth Indian Scientific Expedition to Antarctica with the Clothing for Antarctica, developed and supplied by Defence Research and Development Organisation (Defence Materials and Stores Research and Development Establishment, Kanpur), have been described. The optimum requirements of clothing in Antarctica (at locations of the Indian activity) have been discussed. The clothing supplied has been found to meet the thermal protection during the Antarctic winter adequately.
Purpose
Protection against the elements is the primary function of clothing. In a cold environment, the thermal insulation, or the thermal resistance of clothing limits heat loss from the body, enabling it to maintain homeothermic regulation of a constant body temperature (ca 37?C for man). However, bulk, weight and, perhaps, reduced insulation beyond an optimum thickness (Winslow and Herrington, 1949) preclude the use of conventional clothing in extreme cold, as in the polar climates; survival and work outdoors in such climates require the use of functional or protective clothing (Newburgh, 1949, Kitchling and Page, 1945) with special attributes.
Basic Information
Release Date
:    8/09/2020
Originating Center
:
Data Set Progress
:    Complete
Data Set Language
:
ISO Topic Categories
Category
:   Solid Earth
Topic
:   Platform Characteristics
ISO Topic
:   Meteorology
Personnel
Role
:   Principal Investigator
Name
:   Dr. G N     Chatterjee
e-mail
:   ictd@ncpor.res.in
Organisation
:   Defence Materials and Stores Research and Development Establishment
Title
Clothing for Antarctica.
Science Keywords
Category
Solid Earth
Topic
Platform Characteristics
ISO Topic
Meteorology
Expedition Year
1985-1986
Project Details
Project Number
24
Project Name
Clothing for Antarctica.
Summary
Abstract
The experience of the members of the Fifth Indian Scientific Expedition to Antarctica with the Clothing for Antarctica, developed and supplied by Defence Research and Development Organisation (Defence Materials and Stores Research and Development Establishment, Kanpur), have been described. The optimum requirements of clothing in Antarctica (at locations of the Indian activity) have been discussed. The clothing supplied has been found to meet the thermal protection during the Antarctic winter adequately.
Purpose
Protection against the elements is the primary function of clothing. In a cold environment, the thermal insulation, or the thermal resistance of clothing limits heat loss from the body, enabling it to maintain homeothermic regulation of a constant body temperature (ca 37?C for man). However, bulk, weight and, perhaps, reduced insulation beyond an optimum thickness (Winslow and Herrington, 1949) preclude the use of conventional clothing in extreme cold, as in the polar climates; survival and work outdoors in such climates require the use of functional or protective clothing (Newburgh, 1949, Kitchling and Page, 1945) with special attributes.
Dataset Citation
Creator
GN CHATTERJEE
Editor
GN CHATTERJEE
Dataset Title
Clothing for Antarctica.
Series Name
1
Release Date
8/09/2020
Release Place
Goa
Version
1
Online Resource
http://14.139.119.23:8080/dspace/bitstream/123456789/291/3/article31.pdf
Scientist Details
Role
Principal Investigator
Name
Dr. G N     Chatterjee
e-mail
ictd@ncpor.res.in
Phone
8322525515
Mobile Number
8322525515
Institute /
Organization
Defence Materials and Stores Research and Development Establishment
Address
GT Road, Kanpur, Uttar Pradesh 208013
City
Kanpur
State
Uttar Pradesh
Postal Code
208013
Country
India
Data Center
Short Name
NPDC
Long Name
National Polar Data Center, India
Mail Id
npdc@ncpor.res.in
Phone No
+91 - 832-2525515
Address
Headland Sada
City
Vasco-Da-Gama
State
Goa
Pin Code
403804
Country
India
Instrument Details
Short name
-
Long name
-
Location
Category
Region
Type
Antarctic
Subregion
Dakshin Gangotri
Platform
Short name
-
Long name
-
Data
					Set Progress
Complete
close
save as pdf
If XML not opening,
Click Here!
If download not started,
Click Here!
Search
Quick Links
Contact Us
Data Policy & Guidelines
User Manual
Polar Directory
Data Submission
Common Project Proposal Form
Submit a New Data
For scholars
Dataset by Science Keywords
Dataset by Location
Observation Dataset
Quantarctica
Data Portal
Synoptic Data
Useful Links
Python
Ferret visualization
and analysis Tool
The R Project
© National Centre for Polar and Ocean Research
						(NCPOR), Ministry of Earth Sciences (MoES), Government of India"
Solid Earth,Platform Characteristics,Experiments on Harnessing Non-Conventional Energy Sources in Antarctica.,https://npdc.ncpor.res.in/npdc/search_mf_data.action?search=title&expedition_type=Antarctic&parameter=MF-528454107&userType=user&parameter1=Platform+Characteristics,"META DATA SEARCH
Home
About
Data
Search For Datasets »
Browse by Keyword
Browse by Location
Data Availability
SOE : Scientific Voyage Details
Other Datasets »
Weather and Environment
Search AWS & Meteorological Datasets
Sagar Kanya Cruise Report
Surface Data at Maitri & Gangotri
Synoptic Data From Bharti Station (2016-21)
Submit Your Data »
New Datasets
Last Submitted Datasets
Other Data Links
Important links »
Polar View
NCMRWF - Southern Ocean
NCMRWF - Sea-ice Arctic
NCMRWF - Sea-ice Antarctic
Polar Directory
Search by Data Types
Free Text
Sign
					In
User Manual
Brief Record
Full Record
View XML
Export PDF
Get Data
Title
Experiments on Harnessing Non-Conventional Energy Sources in Antarctica.
Abstract
During the Fifth Indian Scientific Expedition to Antarctica, an experimental model of Solar Photovoltaic (SPV) system designed and developed by the Bharat Heavy Electricals Limited (BHEL) was tested in Dakshin Gangotri (DG) and Schirmacher hills (SH). This paper discusses the experimental results of this system. Performance of the system was found to be better in Antarctica compared to that in India as expected. Possible reasons for this also have been discussed. The effect of albedo on the SPV system performance has also been discussed. Due to lack of data on the solar radiation components and other few meteorological parameters for the period of testing, the experimental results arc mostly confined to qualitative analysis. A feasibility study for the wind energy conversion system was also done during this Expedition.
Purpose
Besides the huge ice cover and massive floating icebergs around it, the Antarctic continent is known for its typical climatology. While scientists all over the world are trying to study the climatology of Antarctica, energy experts are fascinated by the long sunny days of summer and extremely high wind velocities throughout the year. This aspect of Antarctic climate has triggered an interest to develop suitable energy conversion system and exploit the non-conventional energy resources by several expedition teams. With this in mind, one more dimension was added to the objectives of the Fourth Indian Expedition. Based on the feedback from this Expedition, BHEL started developing a SPV system prototype for testing during Fifth Expedition.
Basic Information
Release Date
:    8/09/2020
Originating Center
:
Data Set Progress
:    Complete
Data Set Language
:
ISO Topic Categories
Category
:   Solid Earth
Topic
:   Platform Characteristics
ISO Topic
:   Meteorology
Personnel
Role
:   Principal Investigator
Name
:   Dr. K C    Ramakrishnan
e-mail
:   ictd@ncpor.res.in
Organisation
:   Bharat Heavy Electricals Ltd (BHEL)
Title
Experiments on Harnessing Non-Conventional Energy Sources in Antarctica.
Science Keywords
Category
Solid Earth
Topic
Platform Characteristics
ISO Topic
Meteorology
Expedition Year
1985-1986
Project Details
Project Number
25
Project Name
Experiments on Harnessing Non-Conventional Energy Sources in Antarctica.
Summary
Abstract
During the Fifth Indian Scientific Expedition to Antarctica, an experimental model of Solar Photovoltaic (SPV) system designed and developed by the Bharat Heavy Electricals Limited (BHEL) was tested in Dakshin Gangotri (DG) and Schirmacher hills (SH). This paper discusses the experimental results of this system. Performance of the system was found to be better in Antarctica compared to that in India as expected. Possible reasons for this also have been discussed. The effect of albedo on the SPV system performance has also been discussed. Due to lack of data on the solar radiation components and other few meteorological parameters for the period of testing, the experimental results arc mostly confined to qualitative analysis. A feasibility study for the wind energy conversion system was also done during this Expedition.
Purpose
Besides the huge ice cover and massive floating icebergs around it, the Antarctic continent is known for its typical climatology. While scientists all over the world are trying to study the climatology of Antarctica, energy experts are fascinated by the long sunny days of summer and extremely high wind velocities throughout the year. This aspect of Antarctic climate has triggered an interest to develop suitable energy conversion system and exploit the non-conventional energy resources by several expedition teams. With this in mind, one more dimension was added to the objectives of the Fourth Indian Expedition. Based on the feedback from this Expedition, BHEL started developing a SPV system prototype for testing during Fifth Expedition.
Dataset Citation
Creator
KC RAMAKRISHNAN
Editor
KC RAMAKRISHNAN
Dataset Title
Experiments on Harnessing Non-Conventional Energy Sources in Antarctica.
Series Name
1
Release Date
8/09/2020
Release Place
Goa
Version
1
Online Resource
http://14.139.119.23:8080/dspace/bitstream/123456789/293/3/article33.pdf
Scientist Details
Role
Principal Investigator
Name
Dr. K C    Ramakrishnan
e-mail
ictd@ncpor.res.in
Phone
8322525515
Mobile Number
8322525515
Institute /
Organization
Bharat Heavy Electricals Ltd (BHEL)
Address
Bharat Heavy Electricals Limited CORPORATE RESEARCH & DEVELOPMENT VIKASNAGAR, HYDERABAD-500593
City
Hyderabad
State
Andhra Pradesh
Postal Code
500593
Country
India
Data Center
Short Name
NPDC
Long Name
National Polar Data Center, India
Mail Id
npdc@ncpor.res.in
Phone No
+91 - 832-2525515
Address
Headland Sada
City
Vasco-Da-Gama
State
Goa
Pin Code
403804
Country
India
Instrument Details
Short name
SPV
Long name
Solar Photovoltaic
Location
Category
Region
Type
Antarctic
Subregion
Schirmacher Oasis
Platform
Short name
-
Long name
-
Data
					Set Progress
Complete
close
save as pdf
If XML not opening,
Click Here!
If download not started,
Click Here!
Search
Quick Links
Contact Us
Data Policy & Guidelines
User Manual
Polar Directory
Data Submission
Common Project Proposal Form
Submit a New Data
For scholars
Dataset by Science Keywords
Dataset by Location
Observation Dataset
Quantarctica
Data Portal
Synoptic Data
Useful Links
Python
Ferret visualization
and analysis Tool
The R Project
© National Centre for Polar and Ocean Research
						(NCPOR), Ministry of Earth Sciences (MoES), Government of India"
Solid Earth,Radar,Ice Thickness and Subglacial Topography Studies by Ground Penetrating Radar During the XX Indian Antarctic Expedition.,https://npdc.ncpor.res.in/npdc/search_mf_data.action?search=title&expedition_type=Antarctic&parameter=MF102084239&userType=user&parameter1=Radar,"META DATA SEARCH
Home
About
Data
Search For Datasets »
Browse by Keyword
Browse by Location
Data Availability
SOE : Scientific Voyage Details
Other Datasets »
Weather and Environment
Search AWS & Meteorological Datasets
Sagar Kanya Cruise Report
Surface Data at Maitri & Gangotri
Synoptic Data From Bharti Station (2016-21)
Submit Your Data »
New Datasets
Last Submitted Datasets
Other Data Links
Important links »
Polar View
NCMRWF - Southern Ocean
NCMRWF - Sea-ice Arctic
NCMRWF - Sea-ice Antarctic
Polar Directory
Search by Data Types
Free Text
Sign
					In
User Manual
Brief Record
Full Record
View XML
Export PDF
Get Data
Title
Ice Thickness and Subglacial Topography Studies by Ground Penetrating Radar During the XX Indian Antarctic Expedition.
Abstract
Ground Penetrating Radar (GPR) has proved to be a versatile tool for mapping of glacial ice thickness and related studies over the years. During the XX Indian Antarctic Expedition pulse EKKO IV GPR operating at center frequency of 12.5 MHz was used to measure the ice thickness of polar ice sheet to the south of Schirmarcher Oasis, Queen Maund Land in Eastern Antarctica. The GPR profiling of 8.3 km was carried out between Vetehiea and Tallaksenvardan nunataks. The general bedrock topography is gently undulating, 1520 m wide depression in the bed rock is marked by a sudden break in slope at 4700 m and 6220 m due south of Vetehiea, where the thickness of ice is more than 440 m, indicating a deep graben structure in the bed rock.
Purpose
The major objectives of this study was to map the subglacial topography beneath the polar ice, and decipher the tectonic setup of the region, which could prove useful in selection of a suitable location for ice core drilling. Results of GPR survey conducted to estimate the shelf thickness and snow depth over the sunken Daskshin Gangotri station established in 1983 are also discussed.
Basic Information
Release Date
:    30/09/2020
Originating Center
:
Data Set Progress
:    Complete
Data Set Language
:
ISO Topic Categories
Category
:   Solid Earth
Topic
:   Radar
ISO Topic
:   Meteorology
Personnel
Role
:   Principal Investigator
Name
:   Dr. J T   Gergan
e-mail
:   ictd@ncpor.res.in
Organisation
:   Wadia Institute of Himalayan Geology.
Title
Ice Thickness and Subglacial Topography Studies by Ground Penetrating Radar During the XX Indian Antarctic Expedition.
Science Keywords
Category
Solid Earth
Topic
Radar
ISO Topic
Meteorology
Expedition Year
2000-2001
Project Details
Project Number
7
Project Name
Ice Thickness and Subglacial Topography Studies by Ground Penetrating Radar During the XX Indian Antarctic Expedition.
Summary
Abstract
Ground Penetrating Radar (GPR) has proved to be a versatile tool for mapping of glacial ice thickness and related studies over the years. During the XX Indian Antarctic Expedition pulse EKKO IV GPR operating at center frequency of 12.5 MHz was used to measure the ice thickness of polar ice sheet to the south of Schirmarcher Oasis, Queen Maund Land in Eastern Antarctica. The GPR profiling of 8.3 km was carried out between Vetehiea and Tallaksenvardan nunataks. The general bedrock topography is gently undulating, 1520 m wide depression in the bed rock is marked by a sudden break in slope at 4700 m and 6220 m due south of Vetehiea, where the thickness of ice is more than 440 m, indicating a deep graben structure in the bed rock.
Purpose
The major objectives of this study was to map the subglacial topography beneath the polar ice, and decipher the tectonic setup of the region, which could prove useful in selection of a suitable location for ice core drilling. Results of GPR survey conducted to estimate the shelf thickness and snow depth over the sunken Daskshin Gangotri station established in 1983 are also discussed.
Dataset Citation
Creator
J T Gergan
Editor
J T Gergan
Dataset Title
Ice Thickness and Subglacial Topography Studies by Ground Penetrating Radar During the XX Indian Antarctic Expedition.
Series Name
1
Release Date
30/09/2020
Release Place
Goa
Version
1
Online Resource
http://14.139.119.23:8080/dspace/bitstream/123456789/819/1/Technical+Publication+No.+18%2C+pp+183-189.pdf
Scientist Details
Role
Principal Investigator
Name
Dr. J T   Gergan
e-mail
ictd@ncpor.res.in
Phone
8322525515
Mobile Number
8322525515
Institute /
Organization
Wadia Institute of Himalayan Geology.
Address
General Mahadev Singh Rd, Vijay Park, Dehradun, Uttarakhand 248001.
City
Dehra Dun
State
Uttaranchal
Postal Code
248001
Country
India
Data Center
Short Name
NPDC
Long Name
National Polar Data Center, India
Mail Id
npdc@ncpor.res.in
Phone No
+91 - 832-2525515
Address
Headland Sada
City
Vasco-Da-Gama
State
Goa
Pin Code
403804
Country
India
Instrument Details
Short name
-
Long name
-
Location
Category
Region
Type
Antarctic
Subregion
Schirmacher Oasis
Platform
Short name
-
Long name
-
Data
					Set Progress
Complete
close
save as pdf
If XML not opening,
Click Here!
If download not started,
Click Here!
Search
Quick Links
Contact Us
Data Policy & Guidelines
User Manual
Polar Directory
Data Submission
Common Project Proposal Form
Submit a New Data
For scholars
Dataset by Science Keywords
Dataset by Location
Observation Dataset
Quantarctica
Data Portal
Synoptic Data
Useful Links
Python
Ferret visualization
and analysis Tool
The R Project
© National Centre for Polar and Ocean Research
						(NCPOR), Ministry of Earth Sciences (MoES), Government of India"
Solid Earth,Radio Wave,"A Comparative Study of VLF Signals from Several Transmitters around the World as Observed from Maitri Station, Antarctica.",https://npdc.ncpor.res.in/npdc/search_mf_data.action?search=title&expedition_type=Antarctic&parameter=MF1246918348&userType=user&parameter1=Radio+Wave,"META DATA SEARCH
Home
About
Data
Search For Datasets »
Browse by Keyword
Browse by Location
Data Availability
SOE : Scientific Voyage Details
Other Datasets »
Weather and Environment
Search AWS & Meteorological Datasets
Sagar Kanya Cruise Report
Surface Data at Maitri & Gangotri
Synoptic Data From Bharti Station (2016-21)
Submit Your Data »
New Datasets
Last Submitted Datasets
Other Data Links
Important links »
Polar View
NCMRWF - Southern Ocean
NCMRWF - Sea-ice Arctic
NCMRWF - Sea-ice Antarctic
Polar Directory
Search by Data Types
Free Text
Sign
					In
User Manual
Brief Record
Full Record
View XML
Export PDF
Get Data
Title
A Comparative Study of VLF Signals from Several Transmitters around the World as Observed from Maitri Station, Antarctica.
Abstract
To examine the behavior of the sunrise and sunset terminators, characteristics of the solar activities in the polar region and the possible seismic correlation with ionospheric anomalies a Stanford AWESOME VLF receiving system was installed at the Indian permanent Antarctic station Maitri during the 27th Indian scientific expedition to Antarctica. Almost five weeks of data was recorded successfully from several transmitters around the globe. The narrow-band signals show variation of the solar radiation and the signature of the prolonged day and night. We compare the signal of frequency 18.2 kHz with the same signal received at Kolkata, and we present simultaneous observation of the variation of the sunrise and sunset terminators. We compare the diurnal signal amplitude variation with the LWPC model.
Purpose
The major objective was to study of the signal variation over very long path which is totally over the ocean.
Basic Information
Release Date
:    12/10/2020
Originating Center
:
Data Set Progress
:    Complete
Data Set Language
:
ISO Topic Categories
Category
:   Solid Earth
Topic
:   Radio Wave
ISO Topic
:   Meteorology
Personnel
Role
:   Principal Investigator
Name
:   Dr. Sudipta   Sasmal
e-mail
:   ictd@ncpor.res.in
Organisation
:   Indian Centre for Space Physics
Title
A Comparative Study of VLF Signals from Several Transmitters around the World as Observed from Maitri Station, Antarctica.
Science Keywords
Category
Solid Earth
Topic
Radio Wave
ISO Topic
Meteorology
Expedition Year
2007-2008
Project Details
Project Number
7
Project Name
A Comparative Study of VLF Signals from Several Transmitters around the World as Observed from Maitri Station, Antarctica.
Summary
Abstract
To examine the behavior of the sunrise and sunset terminators, characteristics of the solar activities in the polar region and the possible seismic correlation with ionospheric anomalies a Stanford AWESOME VLF receiving system was installed at the Indian permanent Antarctic station Maitri during the 27th Indian scientific expedition to Antarctica. Almost five weeks of data was recorded successfully from several transmitters around the globe. The narrow-band signals show variation of the solar radiation and the signature of the prolonged day and night. We compare the signal of frequency 18.2 kHz with the same signal received at Kolkata, and we present simultaneous observation of the variation of the sunrise and sunset terminators. We compare the diurnal signal amplitude variation with the LWPC model.
Purpose
The major objective was to study of the signal variation over very long path which is totally over the ocean.
Dataset Citation
Creator
Sudipta Sasmal
Editor
Sudipta Sasmal
Dataset Title
A Comparative Study of VLF Signals from Several Transmitters around the World as Observed from Maitri Station, Antarctica.
Series Name
1
Release Date
12/10/2020
Release Place
Goa
Version
1
Online Resource
http://14.139.119.23:8080/dspace/bitstream/123456789/1090/1/Chapter+4.pdf
Scientist Details
Role
Principal Investigator
Name
Dr. Sudipta   Sasmal
e-mail
ictd@ncpor.res.in
Phone
8322525515
Mobile Number
8322525515
Institute /
Organization
Indian Centre for Space Physics
Address
43, Garia Station Rd, Baidyapara, Garia, Kolkata, West Bengal 700084
City
Kolkata
State
West Bengal
Postal Code
700084
Country
India
Data Center
Short Name
NPDC
Long Name
National Polar Data Center, India
Mail Id
npdc@ncpor.res.in
Phone No
+91 - 832-2525515
Address
Headland Sada
City
Vasco-Da-Gama
State
Goa
Pin Code
403804
Country
India
Instrument Details
Short name
-
Long name
-
Location
Category
Region
Type
Antarctic
Subregion
Maitri
Platform
Short name
-
Long name
-
Data
					Set Progress
Complete
close
save as pdf
If XML not opening,
Click Here!
If download not started,
Click Here!
Search
Quick Links
Contact Us
Data Policy & Guidelines
User Manual
Polar Directory
Data Submission
Common Project Proposal Form
Submit a New Data
For scholars
Dataset by Science Keywords
Dataset by Location
Observation Dataset
Quantarctica
Data Portal
Synoptic Data
Useful Links
Python
Ferret visualization
and analysis Tool
The R Project
© National Centre for Polar and Ocean Research
						(NCPOR), Ministry of Earth Sciences (MoES), Government of India"
Solid Earth,Radio Wave,Radio wave Transmission,https://npdc.ncpor.res.in/npdc/search_mf_data.action?search=title&expedition_type=Antarctic&parameter=MF-185703184&userType=user&parameter1=Radio+Wave,"META DATA SEARCH
Home
About
Data
Search For Datasets »
Browse by Keyword
Browse by Location
Data Availability
SOE : Scientific Voyage Details
Other Datasets »
Weather and Environment
Search AWS & Meteorological Datasets
Sagar Kanya Cruise Report
Surface Data at Maitri & Gangotri
Synoptic Data From Bharti Station (2016-21)
Submit Your Data »
New Datasets
Last Submitted Datasets
Other Data Links
Important links »
Polar View
NCMRWF - Southern Ocean
NCMRWF - Sea-ice Arctic
NCMRWF - Sea-ice Antarctic
Polar Directory
Search by Data Types
Free Text
Sign
					In
User Manual
Brief Record
Full Record
View XML
Export PDF
Get Data
Title
Radio wave Transmission Characteristics in Antarctica
Abstract
The preliminary results of observations on studies on radio propagation in the upper atmosphere during the First Indian Antarctic Expedition are reported in this paper. The studies made were mainly on high latitude D-region using VLF observation,atmospheric radio noise, VHFTV signal propagation, HF propagation and communication aspects.
Purpose
VLF propagation studies
Measurement of Atmospheric Radio Noise Field Strength (ARNFS)
VHF long distance propagation experiment
HF propagation time delay studies
HF radio communication on board the ship
Basic Information
Release Date
:    18/08/2020
Originating Center
:
Data Set Progress
:    Complete
Data Set Language
:
ISO Topic Categories
Category
:   Solid Earth
Topic
:   Radio Wave
ISO Topic
:   Meteorology
Personnel
Role
:   Scientist
Name
:   Dr. A   Sen Gupta
e-mail
:   vssamy@ncaor.gov.in
Organisation
:   National Physical Laboratory (NPL)
Title
Radio wave Transmission Characteristics in Antarctica
Science Keywords
Category
Solid Earth
Topic
Radio Wave
ISO Topic
Meteorology
Expedition Year
1981-1982
Project Details
Project Number
6
Project Name
Radio wave Transmission Characteristics in Antarctica
Summary
Abstract
The preliminary results of observations on studies on radio propagation in the upper atmosphere during the First Indian Antarctic Expedition are reported in this paper. The studies made were mainly on high latitude D-region using VLF observation,atmospheric radio noise, VHFTV signal propagation, HF propagation and communication aspects.
Purpose
VLF propagation studies
Measurement of Atmospheric Radio Noise Field Strength (ARNFS)
VHF long distance propagation experiment
HF propagation time delay studies
HF radio communication on board the ship
Dataset Citation
Creator
Dr A SenGupta
Editor
Dr A SenGupta
Dataset Title
Radio wave Transmission
Series Name
1
Release Date
18/08/2020
Release Place
Goa
Version
1
Online Resource
http://14.139.119.23:8080/dspace/bitstream/123456789/134/3/ARTICLE+5.pdf
Scientist Details
Role
Scientist
Name
Dr. A   Sen Gupta
e-mail
vssamy@ncaor.gov.in
Phone
045608343
Mobile Number
045608343
Institute /
Organization
National Physical Laboratory (NPL)
Address
Dr. KS Krishnan Marg, Pusa, New Delhi, Delhi 110012.
City
New Delhi
State
Delhi
Postal Code
110012
Country
India
Data Center
Short Name
NPDC
Long Name
National Polar Data Center, India
Mail Id
npdc@ncpor.res.in
Phone No
+91 - 832-2525515
Address
Headland Sada
City
Vasco-Da-Gama
State
Goa
Pin Code
403804
Country
India
Instrument Details
Short name
OMEGA transmitter and Field Intensity Meter
Long name
OMEGA transmitter and Field Intensity Meter
Location
Category
Region
Type
Antarctic
Subregion
Dakshin Gangotri
Platform
Short name
-
Long name
-
Data
					Set Progress
Complete
close
save as pdf
If XML not opening,
Click Here!
If download not started,
Click Here!
Search
Quick Links
Contact Us
Data Policy & Guidelines
User Manual
Polar Directory
Data Submission
Common Project Proposal Form
Submit a New Data
For scholars
Dataset by Science Keywords
Dataset by Location
Observation Dataset
Quantarctica
Data Portal
Synoptic Data
Useful Links
Python
Ferret visualization
and analysis Tool
The R Project
© National Centre for Polar and Ocean Research
						(NCPOR), Ministry of Earth Sciences (MoES), Government of India"
Climate Indicators,Humidity Indices,"Meteorological & Climatological Studies at Maitri, Antarctica.",https://npdc.ncpor.res.in/npdc/search_mf_data.action?search=title&expedition_type=Antarctic&parameter=MF-1122911681&userType=user&parameter1=Humidity+Indices,"META DATA SEARCH
Home
About
Data
Search For Datasets »
Browse by Keyword
Browse by Location
Data Availability
SOE : Scientific Voyage Details
Other Datasets »
Weather and Environment
Search AWS & Meteorological Datasets
Sagar Kanya Cruise Report
Surface Data at Maitri & Gangotri
Synoptic Data From Bharti Station (2016-21)
Submit Your Data »
New Datasets
Last Submitted Datasets
Other Data Links
Important links »
Polar View
NCMRWF - Southern Ocean
NCMRWF - Sea-ice Arctic
NCMRWF - Sea-ice Antarctic
Polar Directory
Search by Data Types
Free Text
Sign
					In
User Manual
Brief Record
Full Record
View XML
Export PDF
Get Data
Title
Meteorological & Climatological Studies at Maitri, Antarctica.
Abstract
Antarctica continent influences the general circulation pattern over the globe and is supposed to provide significant forcing to the future climate changes due to its huge ice shield covering most part of the continent. Weather over Antarctica is a real challenge to the meteorologist participating in the Indian Scientific Expedition. A permanently manned meteorological observatory equipped with the instruments to monitor weather system exist at the Indian Antarctic station MAITRI and continuous meteorological parameters were recorded during 17th Expedition from Jan.98 to Dec. 98. During the XVII Indian Scientific Expedition, installation of a snow gauge was done for measuring the snow collected during snowfall/bizzard days. In this report data pertaining to surface weather parameters i.e. the atmospheric pressure, temperature, wind direction, wind speed, cloud snowfall, global radiation, surface ozone and vertical distribution of ozone are presented and discussed.
Purpose
a) Daily, seasonal and annual variation of atmospheric pressure, surface air temperature, surface ozone snowfall and clouds.
b) The changes in weather parameters with reference to the specific synoptic situations.
c) The radiation budget
d) Monitoring and archival of information through weather satellites and HF radio broadcasts regarding weather system affecting the Indian station Maitri.
e) Atmospheric turbidity in Antarctica
f) Balloon borne measurement of the vertical profile of ozone over Maitri to study the nature of ozone hole over Antarctica.
Basic Information
Release Date
:    21/09/2020
Originating Center
:
Data Set Progress
:    Complete
Data Set Language
:
ISO Topic Categories
Category
:   Climate Indicators
Topic
:   Humidity Indices
ISO Topic
:   Meteorology
Personnel
Role
:   Principal Investigator
Name
:   Dr. B N   Vishnoi
e-mail
:   ictd@ncpor.res.in
Organisation
:   India Meteorological Department (IMD)
Title
Meteorological & Climatological Studies at Maitri, Antarctica.
Science Keywords
Category
Climate Indicators
Topic
Humidity Indices
ISO Topic
Meteorology
Expedition Year
1997-1998
Project Details
Project Number
2
Project Name
Meteorological & Climatological Studies at Maitri, Antarctica.
Summary
Abstract
Antarctica continent influences the general circulation pattern over the globe and is supposed to provide significant forcing to the future climate changes due to its huge ice shield covering most part of the continent. Weather over Antarctica is a real challenge to the meteorologist participating in the Indian Scientific Expedition. A permanently manned meteorological observatory equipped with the instruments to monitor weather system exist at the Indian Antarctic station MAITRI and continuous meteorological parameters were recorded during 17th Expedition from Jan.98 to Dec. 98. During the XVII Indian Scientific Expedition, installation of a snow gauge was done for measuring the snow collected during snowfall/bizzard days. In this report data pertaining to surface weather parameters i.e. the atmospheric pressure, temperature, wind direction, wind speed, cloud snowfall, global radiation, surface ozone and vertical distribution of ozone are presented and discussed.
Purpose
a) Daily, seasonal and annual variation of atmospheric pressure, surface air temperature, surface ozone snowfall and clouds.
b) The changes in weather parameters with reference to the specific synoptic situations.
c) The radiation budget
d) Monitoring and archival of information through weather satellites and HF radio broadcasts regarding weather system affecting the Indian station Maitri.
e) Atmospheric turbidity in Antarctica
f) Balloon borne measurement of the vertical profile of ozone over Maitri to study the nature of ozone hole over Antarctica.
Dataset Citation
Creator
B N Vishnoi
Editor
B N Vishnoi
Dataset Title
Meteorological & Climatological Studies at Maitri, Antarctica.
Series Name
1
Release Date
21/09/2020
Release Place
Goa
Version
1
Online Resource
https://data.ncpor.res.in/dataset/Maitriaws/; https://data.ncpor.res.in/ant_temp_pres;
Scientist Details
Role
Principal Investigator
Name
Dr. B N   Vishnoi
e-mail
ictd@ncpor.res.in
Phone
8322525515
Mobile Number
8322525515
Institute /
Organization
India Meteorological Department (IMD)
Address
Sector 39, Sector 39 Market Road, Chandigarh, 160037.
City
Chandigarh
State
Chandigarh
Postal Code
160037
Country
India
Data Center
Short Name
NPDC
Long Name
National Polar Data Center, India
Mail Id
npdc@ncpor.res.in
Phone No
+91 - 832-2525515
Address
Headland Sada
City
Vasco-Da-Gama
State
Goa
Pin Code
403804
Country
India
Instrument Details
Short name
-
Long name
-
Location
Category
Region
Type
Antarctic
Subregion
Maitri
Platform
Short name
-
Long name
-
Data
					Set Progress
Complete
close
save as pdf
If XML not opening,
Click Here!
If download not started,
Click Here!
Search
Quick Links
Contact Us
Data Policy & Guidelines
User Manual
Polar Directory
Data Submission
Common Project Proposal Form
Submit a New Data
For scholars
Dataset by Science Keywords
Dataset by Location
Observation Dataset
Quantarctica
Data Portal
Synoptic Data
Useful Links
Python
Ferret visualization
and analysis Tool
The R Project
© National Centre for Polar and Ocean Research
						(NCPOR), Ministry of Earth Sciences (MoES), Government of India"
Climate Indicators,Humidity Indices,Study of relationship between lightning activity over Indian region and Global Electric Circuit,https://npdc.ncpor.res.in/npdc/search_mf_data.action?search=title&expedition_type=Antarctic&parameter=MF988961010&userType=user&parameter1=Humidity+Indices,"META DATA SEARCH
Home
About
Data
Search For Datasets »
Browse by Keyword
Browse by Location
Data Availability
SOE : Scientific Voyage Details
Other Datasets »
Weather and Environment
Search AWS & Meteorological Datasets
Sagar Kanya Cruise Report
Surface Data at Maitri & Gangotri
Synoptic Data From Bharti Station (2016-21)
Submit Your Data »
New Datasets
Last Submitted Datasets
Other Data Links
Important links »
Polar View
NCMRWF - Southern Ocean
NCMRWF - Sea-ice Arctic
NCMRWF - Sea-ice Antarctic
Polar Directory
Search by Data Types
Free Text
Sign
					In
User Manual
Brief Record
Full Record
View XML
Export PDF
Data pending
Title
Study of relationship between lightning activity over Indian region and Global Electric Circuit
Abstract
The change in lightning show good correlation with global temperature change. Williams (1992) has proposed that the ionospheric potential can be used as global thermometer. However, this relationship is highly non-linear and need further research. Further, the study by Carslaw Et al., 2002 and Harrison, 2000 have shown that the electric fields caused by the global circuit could can affect aerosol charging by modifying the ion environment on the boundaries of clouds where ion concentrations are profoundly asymmetric and the electric fields are enhanced. The global circuit could therefore act to communicate cosmic ray changes throughout the atmosphere, by changes in the conduction current.
Purpose
To measure the Global electric circuit parameters over Antarctic stations during different seasons for three years. To Study the linkage between lightning activity and Global Electric Circuit by collecting lightning activity over Indian region.
Basic Information
Release Date
:    1/03/2021
Originating Center
:
Data Set Progress
:    Complete
Data Set Language
:
ISO Topic Categories
Category
:   Climate Indicators
Topic
:   Humidity Indices
ISO Topic
:   Meteorology
Personnel
Role
:   Principal Investigator
Name
:   Dr. Sunil D    Pawar
e-mail
:   pawar@tropmet.res.in
Organisation
:   Indian Institute of Tropical Meteorology (IITM)
Title
Study of relationship between lightning activity over Indian region and Global Electric Circuit
Science Keywords
Category
Climate Indicators
Topic
Humidity Indices
ISO Topic
Meteorology
Expedition Year
2017-2018
2018-2019
Project Details
Project Number
AMS-05 & 37-AMS/OR-05 (3)
Project Name
Study of relationship between lightning activity over Indian region and Global Electric Circuit
Summary
Abstract
The change in lightning show good correlation with global temperature change. Williams (1992) has proposed that the ionospheric potential can be used as global thermometer. However, this relationship is highly non-linear and need further research. Further, the study by Carslaw Et al., 2002 and Harrison, 2000 have shown that the electric fields caused by the global circuit could can affect aerosol charging by modifying the ion environment on the boundaries of clouds where ion concentrations are profoundly asymmetric and the electric fields are enhanced. The global circuit could therefore act to communicate cosmic ray changes throughout the atmosphere, by changes in the conduction current.
Purpose
To measure the Global electric circuit parameters over Antarctic stations during different seasons for three years. To Study the linkage between lightning activity and Global Electric Circuit by collecting lightning activity over Indian region.
Dataset Citation
Creator
Sunil D Pawar
Editor
Sunil D Pawar
Dataset Title
Study of relationship between lightning activity over Indian region and Global Electric Circuit
Series Name
1
Release Date
1/03/2021
Release Place
Goa
Version
1
Online Resource
Scientist Details
Role
Principal Investigator
Name
Dr. Sunil D    Pawar
e-mail
pawar@tropmet.res.in
Phone
02025904284
Mobile Number
02025904284
Institute /
Organization
Indian Institute of Tropical Meteorology (IITM)
Address
Indian institute of Tropical Meteorology(IITM),Dr. Homi Baba road, Pashan, Pune 411008
City
Pune
State
Maharashtra
Postal Code
411008
Country
India
Data Center
Short Name
NPDC
Long Name
National Polar Data Center, India
Mail Id
npdc@ncpor.res.in
Phone No
+91 - 832-2525515
Address
Headland Sada
City
Vasco-Da-Gama
State
Goa
Pin Code
403804
Country
India
Instrument Details
Short name
-
Long name
-
Location
Category
Region
Type
Antarctic
Subregion
Maitri and Bharati
Platform
Short name
-
Long name
-
Data
					Set Progress
Complete
close
save as pdf
If XML not opening,
Click Here!
If download not started,
Click Here!
Search
Quick Links
Contact Us
Data Policy & Guidelines
User Manual
Polar Directory
Data Submission
Common Project Proposal Form
Submit a New Data
For scholars
Dataset by Science Keywords
Dataset by Location
Observation Dataset
Quantarctica
Data Portal
Synoptic Data
Useful Links
Python
Ferret visualization
and analysis Tool
The R Project
© National Centre for Polar and Ocean Research
						(NCPOR), Ministry of Earth Sciences (MoES), Government of India"
Climate Indicators,Teleconnections,Quantitative reconstruction of past Southern Ocean and Southern Indian Ocean climate and its teleconnection with the Indian Monsoon,https://npdc.ncpor.res.in/npdc/search_mf_data.action?search=title&expedition_type=Antarctic&parameter=MF-38592753&userType=user&parameter1=Teleconnections,"META DATA SEARCH
Home
About
Data
Search For Datasets »
Browse by Keyword
Browse by Location
Data Availability
SOE : Scientific Voyage Details
Other Datasets »
Weather and Environment
Search AWS & Meteorological Datasets
Sagar Kanya Cruise Report
Surface Data at Maitri & Gangotri
Synoptic Data From Bharti Station (2016-21)
Submit Your Data »
New Datasets
Last Submitted Datasets
Other Data Links
Important links »
Polar View
NCMRWF - Southern Ocean
NCMRWF - Sea-ice Arctic
NCMRWF - Sea-ice Antarctic
Polar Directory
Search by Data Types
Free Text
Sign
					In
User Manual
Brief Record
Full Record
View XML
Export PDF
Get Data
Title
Quantitative reconstruction of past Southern Ocean and Southern Indian Ocean climate and its teleconnection with the Indian Monsoon
Abstract
The variability of the Indian Summer Monsoon is of great interest to the inhabitants of the South Asian countries due to its direct relationship with the food security of the region. Monsoon manifests itself as a northward migration of the ITCZ from equator to upto 25?N. Although there are a number of meteorological features associated with the ISM, such as the North-South surface pressure and temperature gradient, low level south-westerly jet, upper level easterly flow and the monsoon trough to name a few, the North-South gradient of tropospheric temperature (TTG) is now widely accepted as a primary driver of the ISM (Xavier et al., 2007). Tropospheric heating helps maintain upper level divergence which leads to augmented convergence and uplift of moisture at the lower level.
Purpose
1. To quantitatively estimate the latitudinal variation in the past SST in the Southern Ocean and Southern Indian Ocean and explore its teleconnection with Indian monsoon.
2. A part of the problem in understanding Polar-Monsoon teleconnection lies in the nonquantitative nature of most the existing records.
3. Here, our emphasis would be on quantitative estimation, primarily of the SST using Mg/Ca of the foraminifera shells as a direct proxy of temperature.
4. Past SST data for southern Indian Ocean, southern mid-latitude and southern highlatitude will be generated for this purpose and a comparison would be drawn to investigate the influence of southern latitude SST variability on the Indian Monsoon.
5. The SST data will be further delineated from the oxygen isotope data of the foraminifera to get precise salinity changes related to the past hydrographic variability.
Basic Information
Release Date
:    19/11/2020
Originating Center
:
Data Set Progress
:    Complete
Data Set Language
:
ISO Topic Categories
Category
:   Climate Indicators
Topic
:   Teleconnections
ISO Topic
:   Atmosphere
Personnel
Role
:   Principal Investigator
Name
:   Dr. Manish   Tiwari
e-mail
:   manish@ncpor.res.in
Organisation
:   National Centre for Polar and Ocean Research (NCPOR)
Title
Quantitative reconstruction of past Southern Ocean and Southern Indian Ocean climate and its teleconnection with the Indian Monsoon
Science Keywords
Category
Climate Indicators
Topic
Teleconnections
ISO Topic
Atmosphere
Expedition Year
2017-2018
Project Details
Project Number
SOE/10/5.10
Project Name
Quantitative reconstruction of past Southern Ocean and Southern Indian Ocean climate and its teleconnection with the Indian Monsoon
Summary
Abstract
The variability of the Indian Summer Monsoon is of great interest to the inhabitants of the South Asian countries due to its direct relationship with the food security of the region. Monsoon manifests itself as a northward migration of the ITCZ from equator to upto 25?N. Although there are a number of meteorological features associated with the ISM, such as the North-South surface pressure and temperature gradient, low level south-westerly jet, upper level easterly flow and the monsoon trough to name a few, the North-South gradient of tropospheric temperature (TTG) is now widely accepted as a primary driver of the ISM (Xavier et al., 2007). Tropospheric heating helps maintain upper level divergence which leads to augmented convergence and uplift of moisture at the lower level.
Purpose
1. To quantitatively estimate the latitudinal variation in the past SST in the Southern Ocean and Southern Indian Ocean and explore its teleconnection with Indian monsoon.
2. A part of the problem in understanding Polar-Monsoon teleconnection lies in the nonquantitative nature of most the existing records.
3. Here, our emphasis would be on quantitative estimation, primarily of the SST using Mg/Ca of the foraminifera shells as a direct proxy of temperature.
4. Past SST data for southern Indian Ocean, southern mid-latitude and southern highlatitude will be generated for this purpose and a comparison would be drawn to investigate the influence of southern latitude SST variability on the Indian Monsoon.
5. The SST data will be further delineated from the oxygen isotope data of the foraminifera to get precise salinity changes related to the past hydrographic variability.
Dataset Citation
Creator
Dr Manish Tiwari
Editor
Dr Manish Tiwari
Dataset Title
Quantitative reconstruction of past Southern Ocean and Southern Indian Ocean climate and its teleconnection with the Indian Monsoon
Series Name
1
Release Date
19/11/2020
Release Place
Goa
Version
1.0
Online Resource
https://npdc.ncpor.res.in/npdc/voyagedatadownload.jsp?filename=reg-00004_Scientific_report_SOE%2010%20%20cruise%20reprt.pdf
Scientist Details
Role
Principal Investigator
Name
Dr. Manish   Tiwari
e-mail
manish@ncpor.res.in
Phone
8322525515
Mobile Number
8322525515
Institute /
Organization
National Centre for Polar and Ocean Research (NCPOR)
Address
Headland Sada, Vasco da Gama, Goa-403802
City
Vasco da Gama
State
Goa
Postal Code
403802
Country
India
Data Center
Short Name
NPDC
Long Name
National Polar Data Center, India
Mail Id
npdc@ncpor.res.in
Phone No
+91 - 832-2525515
Address
Headland Sada
City
Vasco-Da-Gama
State
Goa
Pin Code
403804
Country
India
Instrument Details
Short name
IRMS
Long name
Isotope Ratio Mass Spectrometry
Location
Category
Region
Type
Southern Ocean
Subregion
indian ocean
Platform
Short name
-
Long name
-
Data
					Set Progress
Complete
close
save as pdf
If XML not opening,
Click Here!
If download not started,
Click Here!
Search
Quick Links
Contact Us
Data Policy & Guidelines
User Manual
Polar Directory
Data Submission
Common Project Proposal Form
Submit a New Data
For scholars
Dataset by Science Keywords
Dataset by Location
Observation Dataset
Quantarctica
Data Portal
Synoptic Data
Useful Links
Python
Ferret visualization
and analysis Tool
The R Project
© National Centre for Polar and Ocean Research
						(NCPOR), Ministry of Earth Sciences (MoES), Government of India"
Oceans,Ice Core Records,NCPOR,https://npdc.ncpor.res.in/npdc/search_mf_data.action?search=title&expedition_type=Antarctic&parameter=MF5854938&userType=user&parameter1=Ice+Core+Records,"META DATA SEARCH
Home
About
Data
Search For Datasets »
Browse by Keyword
Browse by Location
Data Availability
SOE : Scientific Voyage Details
Other Datasets »
Weather and Environment
Search AWS & Meteorological Datasets
Sagar Kanya Cruise Report
Surface Data at Maitri & Gangotri
Synoptic Data From Bharti Station (2016-21)
Submit Your Data »
New Datasets
Last Submitted Datasets
Other Data Links
Important links »
Polar View
NCMRWF - Southern Ocean
NCMRWF - Sea-ice Arctic
NCMRWF - Sea-ice Antarctic
Polar Directory
Search by Data Types
Free Text
Sign
					In
User Manual
Brief Record
Full Record
View XML
Export PDF
Get Data
Title
Testing on Oct 30, 2025 | Updated
Abstract
A brief description of the data set. e.g. ""This digital database contains an OBIS formatted version of all fish records held at the Canadian Museum of Nature and collected from Canada and the United States as well as from associated marine water masses such as the Atlantic, the Pacific and the Arctic Oceans. It excludes all other records from countries and oceans not listed above. Earliest specimens date from 1863.""
Purpose
A brief description of the data set. e.g. ""This digital database contains an OBIS formatted version of all fish records held at the Canadian Museum of Nature and collected from Canada and the United States as well as from associated marine water masses such as the Atlantic, the Pacific and the Arctic Oceans. It excludes all other records from countries and oceans not listed above. Earliest specimens date from 1863.""
Basic Information
Release Date
:    30/10/2025
Originating Center
:
Data Set Progress
:    Planned
Data Set Language
:
ISO Topic Categories
Category
:   Oceans
Topic
:   Ice Core Records
ISO Topic
:   Nutrients
Personnel
Role
:   PI
Name
:   Mr. Shubham   Dwivedi
e-mail
:   sdwivedi@ncpor.res.in
Organisation
:   NCPOR
Title
Testing on Oct 30, 2025 | Updated
Science Keywords
Category
Oceans
Topic
Ice Core Records
ISO Topic
Nutrients
Expedition Year
2023-2024
Project Details
Project Number
P1
Project Name
Is the full name of the project from which the data were collected.
Summary
Abstract
A brief description of the data set. e.g. ""This digital database contains an OBIS formatted version of all fish records held at the Canadian Museum of Nature and collected from Canada and the United States as well as from associated marine water masses such as the Atlantic, the Pacific and the Arctic Oceans. It excludes all other records from countries and oceans not listed above. Earliest specimens date from 1863.""
Purpose
A brief description of the data set. e.g. ""This digital database contains an OBIS formatted version of all fish records held at the Canadian Museum of Nature and collected from Canada and the United States as well as from associated marine water masses such as the Atlantic, the Pacific and the Arctic Oceans. It excludes all other records from countries and oceans not listed above. Earliest specimens date from 1863.""
Dataset Citation
Creator
NCPOR
Editor
NCPOR
Dataset Title
NCPOR
Series Name
NCPOR
Release Date
30/10/2025
Release Place
NCPOR
Version
Online Resource
https://data.ncpor.res.in/static/datasets/MF5854938_document1.pdf
Scientist Details
Role
PI
Name
Mr. Shubham   Dwivedi
e-mail
sdwivedi@ncpor.res.in
Phone
9874563210
Mobile Number
9874563210
Institute /
Organization
NCPOR
Address
ncpor
City
vasco
State
Goa
Postal Code
654123
Country
India
Data Center
Short Name
NPDC
Long Name
National Polar Data Center, India
Mail Id
npdc@ncpor.res.in
Phone No
+91 - 832-2525515
Address
Headland Sada
City
Vasco-Da-Gama
State
Goa
Pin Code
403804
Country
India
Instrument Details
Short name
SN
Long name
Logn Name
Location
Category
Region
Type
Antarctic
Subregion
Central Dronning Maud Land
Platform
Short name
SN
Long name
Long Name
Data
					Set Progress
Planned
close
save as pdf
If XML not opening,
Click Here!
If download not started,
Click Here!
Search
Quick Links
Contact Us
Data Policy & Guidelines
User Manual
Polar Directory
Data Submission
Common Project Proposal Form
Submit a New Data
For scholars
Dataset by Science Keywords
Dataset by Location
Observation Dataset
Quantarctica
Data Portal
Synoptic Data
Useful Links
Python
Ferret visualization
and analysis Tool
The R Project
© National Centre for Polar and Ocean Research
						(NCPOR), Ministry of Earth Sciences (MoES), Government of India"
Oceans,Ocean/Lake Records,Dr.,https://npdc.ncpor.res.in/npdc/search_mf_data.action?search=title&expedition_type=Antarctic&parameter=MF-100501207&userType=user&parameter1=Ocean%2FLake+Records,"META DATA SEARCH
Home
About
Data
Search For Datasets »
Browse by Keyword
Browse by Location
Data Availability
SOE : Scientific Voyage Details
Other Datasets »
Weather and Environment
Search AWS & Meteorological Datasets
Sagar Kanya Cruise Report
Surface Data at Maitri & Gangotri
Synoptic Data From Bharti Station (2016-21)
Submit Your Data »
New Datasets
Last Submitted Datasets
Other Data Links
Important links »
Polar View
NCMRWF - Southern Ocean
NCMRWF - Sea-ice Arctic
NCMRWF - Sea-ice Antarctic
Polar Directory
Search by Data Types
Free Text
Sign
					In
User Manual
Brief Record
Full Record
View XML
Export PDF
Data pending
Title
XCTD observations in the coastal Antarctica
Abstract
Temperature/salinity profiles in the upper oceanic column were generated at every about a degree. The spacing is dictated by weather conditions and scientific rationale which is predefined.
Purpose
The purpose is to understand the role of upper Ocean heat content variability over a long period of time (~10 years) and its role in fueling the cyclones in the SO. The summer monsoon winds originate from the southern hemisphere so there is a need to relate the moisture supplied by the SO region to the winds which cross the equator and deposit the rain over Asian sub-continent.
Basic Information
Release Date
:    3/02/2017
Originating Center
:    NPDC, INDIA
Data Set Progress
:    In Work
Data Set Language
:    English
ISO Topic Categories
Category
:   Oceans
Topic
:   Ocean/Lake Records
ISO Topic
:   Oceanography
Personnel
Role
:   Principal Investigator
Name
:   Dr. Alvarinho  J Luis
e-mail
:   alvluis@ncaor.gov.in
Title
XCTD observations in the coastal Antarctica
Science Keywords
Category
Oceans
Topic
Ocean/Lake Records
ISO Topic
Oceanography
Expedition Year
Project Details
Project Number
IPY project
Project Name
International Polar Year 2007
Summary
Abstract
Temperature/salinity profiles in the upper oceanic column were generated at every about a degree. The spacing is dictated by weather conditions and scientific rationale which is predefined.
Purpose
The purpose is to understand the role of upper Ocean heat content variability over a long period of time (~10 years) and its role in fueling the cyclones in the SO. The summer monsoon winds originate from the southern hemisphere so there is a need to relate the moisture supplied by the SO region to the winds which cross the equator and deposit the rain over Asian sub-continent.
Dataset Citation
Creator
Dr Alvarinho J Luis
Editor
Dr Alvarinho J Luis
Dataset Title
Dr.
Series Name
2007-2009
Release Date
3/02/2017
Release Place
NCAOR
Version
Online Resource
Scientist Details
Role
Principal Investigator
Name
Dr. Alvarinho  J Luis
e-mail
alvluis@ncaor.gov.in
Phone
918322525528
Mobile Number
Institute /
Organization
Address
MoES, Headland Sada
City
Vasco-da-Gama
State
Goa
Postal Code
403804
Country
India
Data Center
Short Name
NPDC
Long Name
National Polar Data Center, India
Mail Id
npdc@ncpor.res.in
Phone No
+91 - 832-2525515
Address
Headland Sada
City
Vasco-Da-Gama
State
Goa
Pin Code
403804
Country
India
Instrument Details
Short name
XCTD
Long name
Expendable C T D
Location
Category
Type
Antarctic
Subregion
India Bay - Prydz bay
Platform
Short name
Emerald Sea, Papanin
Long name
Emerald Sea
Data
					Set Progress
In Work
close
save as pdf
If XML not opening,
Click Here!
If download not started,
Click Here!
Search
Quick Links
Contact Us
Data Policy & Guidelines
User Manual
Polar Directory
Data Submission
Common Project Proposal Form
Submit a New Data
For scholars
Dataset by Science Keywords
Dataset by Location
Observation Dataset
Quantarctica
Data Portal
Synoptic Data
Useful Links
Python
Ferret visualization
and analysis Tool
The R Project
© National Centre for Polar and Ocean Research
						(NCPOR), Ministry of Earth Sciences (MoES), Government of India"
Oceans,Ocean/Lake Records,"Bulk detrital Nd and Pb isotope composition of sediments from International Ocean Discovery Program (IODP) Expedition 379, core site U1532",https://npdc.ncpor.res.in/npdc/search_mf_data.action?search=title&expedition_type=Antarctic&parameter=MF-1233772888&userType=user&parameter1=Ocean%2FLake+Records,"META DATA SEARCH
Home
About
Data
Search For Datasets »
Browse by Keyword
Browse by Location
Data Availability
SOE : Scientific Voyage Details
Other Datasets »
Weather and Environment
Search AWS & Meteorological Datasets
Sagar Kanya Cruise Report
Surface Data at Maitri & Gangotri
Synoptic Data From Bharti Station (2016-21)
Submit Your Data »
New Datasets
Last Submitted Datasets
Other Data Links
Important links »
Polar View
NCMRWF - Southern Ocean
NCMRWF - Sea-ice Arctic
NCMRWF - Sea-ice Antarctic
Polar Directory
Search by Data Types
Free Text
Sign
					In
User Manual
Brief Record
Full Record
View XML
Export PDF
Get Data
Title
Bulk detrital Nd and Pb isotope composition of sediments from International Ocean Discovery Program (IODP) Expedition 379, core site U1532
Abstract
This dataset presents neodymium (Nd) and lead (Pb) isotope compositions of bulk detrital sediments recovered from International Ocean Discovery Program (IODP) Expedition 379, Site U1532, located in the Amundsen Sea, West Antarctica (2019). The data were generated to reconstruct the history of the West Antarctic Ice Sheet during the Pliocene?Pleistocene period. Nd isotope ratios were measured using a Multi-Collector Inductively Coupled Plasma Mass Spectrometer (MC-ICP-MS; Thermo Fisher Scientific Neptune Plus) at the National Centre for Polar and Ocean Research (NCPOR), Goa, India. Pb isotopic measurements were conducted using a Thermo Scientific Neptune Plus MC-ICP-MS at GEOMAR Helmholtz Centre for Ocean Research, Kiel, Germany. This research was supported by the Ministry of Earth Sciences (MoES), Government of India, and the Alexander von Humboldt Foundation, Germany.
Purpose
This dataset presents neodymium (Nd) and lead (Pb) isotope compositions from detrital sediments at IODP Site U1532 in the Amundsen Sea, West Antarctica. It aims to reconstruct West Antarctic Ice Sheet (WAIS) dynamics during the Pliocene?Pleistocene transition?an interval critical for understanding ice sheet sensitivity to climate change. The isotopic data trace sediment provenance and glacial activity, offering direct evidence from a region experiencing current rapid ice loss. These records help identify past WAIS extent and constrain tipping points, supporting improved ice sheet modeling and projections of future sea-level rise under warming climate scenarios.
Basic Information
Release Date
:    4/07/2025
Originating Center
:
Data Set Progress
:    Complete
Data Set Language
:
ISO Topic Categories
Category
:   Oceans
Topic
:   Ocean/Lake Records
ISO Topic
:   Cryosphere
Personnel
Role
:   Scientist
Name
:   Dr. WALIUR   RAHAMAN
e-mail
:   waliur@ncpor.res.in
Organisation
:   National Centre for Polar and Ocean Research
Title
Bulk detrital Nd and Pb isotope composition of sediments from International Ocean Discovery Program (IODP) Expedition 379, core site U1532
Science Keywords
Category
Oceans
Topic
Ocean/Lake Records
ISO Topic
Cryosphere
Expedition Year
2019-2020
Project Details
Project Number
Cryosphere and Climate
Project Name
Reconstruction of West Antarctic Ice sheet history
Summary
Abstract
This dataset presents neodymium (Nd) and lead (Pb) isotope compositions of bulk detrital sediments recovered from International Ocean Discovery Program (IODP) Expedition 379, Site U1532, located in the Amundsen Sea, West Antarctica (2019). The data were generated to reconstruct the history of the West Antarctic Ice Sheet during the Pliocene?Pleistocene period. Nd isotope ratios were measured using a Multi-Collector Inductively Coupled Plasma Mass Spectrometer (MC-ICP-MS; Thermo Fisher Scientific Neptune Plus) at the National Centre for Polar and Ocean Research (NCPOR), Goa, India. Pb isotopic measurements were conducted using a Thermo Scientific Neptune Plus MC-ICP-MS at GEOMAR Helmholtz Centre for Ocean Research, Kiel, Germany. This research was supported by the Ministry of Earth Sciences (MoES), Government of India, and the Alexander von Humboldt Foundation, Germany.
Purpose
This dataset presents neodymium (Nd) and lead (Pb) isotope compositions from detrital sediments at IODP Site U1532 in the Amundsen Sea, West Antarctica. It aims to reconstruct West Antarctic Ice Sheet (WAIS) dynamics during the Pliocene?Pleistocene transition?an interval critical for understanding ice sheet sensitivity to climate change. The isotopic data trace sediment provenance and glacial activity, offering direct evidence from a region experiencing current rapid ice loss. These records help identify past WAIS extent and constrain tipping points, supporting improved ice sheet modeling and projections of future sea-level rise under warming climate scenarios.
Dataset Citation
Creator
Waliur Rahaman Maucus Gutjhar and Priyesh Prabhat
Editor
Waliur Rahaman
Dataset Title
Bulk detrital Nd and Pb isotope composition of sediments from International Ocean Discovery Program (IODP) Expedition 379, core site U1532
Series Name
Data set 1: Bulk Nd and Pb isotope in sediment samples,  and Data Set 2: Nd and Pb isotope data of International Reference Stsandard
Release Date
4/07/2025
Release Place
NCPOR, Goa
Version
Online Resource
https://data.ncpor.res.in/static/datasets/MF-1233772888_nd_and_pb_isotope_data_iodp379_core_site_u1532.xlsx
Scientist Details
Role
Scientist
Name
Dr. WALIUR   RAHAMAN
e-mail
waliur@ncpor.res.in
Phone
08322525637
Mobile Number
8275891957
Institute /
Organization
National Centre for Polar and Ocean Research
Address
waliur@ncpor.res.in
City
Vasco Da Gama
State
Goa
Postal Code
403804
Country
India
Data Center
Short Name
NPDC
Long Name
National Polar Data Center, India
Mail Id
npdc@ncpor.res.in
Phone No
+91 - 832-2525515
Address
Headland Sada
City
Vasco-Da-Gama
State
Goa
Pin Code
403804
Country
India
Instrument Details
Short name
MC-ICPMS
Long name
Multi-Collector Inductively Coupled Plasma Mass Spectrometer (Thermo Fisher Scientific, Neptune Plus)
Location
Category
Region
Type
Southern Ocean
Subregion
Amundsen Sea
Platform
Short name
Onboard JOIDES Resolution
Long name
IODP379 expedition. JOIDES Resolution
Data
					Set Progress
Complete
close
save as pdf
If XML not opening,
Click Here!
If download not started,
Click Here!
Search
Quick Links
Contact Us
Data Policy & Guidelines
User Manual
Polar Directory
Data Submission
Common Project Proposal Form
Submit a New Data
For scholars
Dataset by Science Keywords
Dataset by Location
Observation Dataset
Quantarctica
Data Portal
Synoptic Data
Useful Links
Python
Ferret visualization
and analysis Tool
The R Project
© National Centre for Polar and Ocean Research
						(NCPOR), Ministry of Earth Sciences (MoES), Government of India"
Oceans,Ocean/Lake Records,XCTD data,https://npdc.ncpor.res.in/npdc/search_mf_data.action?search=title&expedition_type=Antarctic&parameter=MF1538274814&userType=user&parameter1=Ocean%2FLake+Records,"META DATA SEARCH
Home
About
Data
Search For Datasets »
Browse by Keyword
Browse by Location
Data Availability
SOE : Scientific Voyage Details
Other Datasets »
Weather and Environment
Search AWS & Meteorological Datasets
Sagar Kanya Cruise Report
Surface Data at Maitri & Gangotri
Synoptic Data From Bharti Station (2016-21)
Submit Your Data »
New Datasets
Last Submitted Datasets
Other Data Links
Important links »
Polar View
NCMRWF - Southern Ocean
NCMRWF - Sea-ice Arctic
NCMRWF - Sea-ice Antarctic
Polar Directory
Search by Data Types
Free Text
Sign
					In
User Manual
Brief Record
Full Record
View XML
Export PDF
Data pending
Title
XCTD observations in the southwestern sector of the Southern Ocean
Abstract
Temperature/salinity profiles in the upper oceanic column were recorded at every about a degree in the southwestern Indian sector of Southern Ocean during austral summer of 2007, 2008 and 2009 as a part of IPY initiative. The spacing is dictated by
weather conditions and scientific rationale which is predefined.
Purpose
The purpose is to understand the role of upper Ocean heat content variability over a long period of time (~10 years) and its role in fueling heat to the cyclones in the Southern Ocean. The summer monsoon winds originate from the southern hemisphere so there is a need to relate the moisture supplied by the SO region to the winds which cross the equator and deposit the rain over Asian subcontinent.
Basic Information
Release Date
:    6/02/2017
Originating Center
:    NPDC, INDIA
Data Set Progress
:    In Work
Data Set Language
:    English
ISO Topic Categories
Category
:   Oceans
Topic
:   Ocean/Lake Records
ISO Topic
:   Oceans
Personnel
Role
:   Principal Investigator
Name
:   Dr. Alvarinho  J LUIS
e-mail
:   alvluis@ncpor.res.in
Organisation
:   NCPOR
Title
XCTD observations in the southwestern sector of the Southern Ocean
Science Keywords
Category
Oceans
Topic
Ocean/Lake Records
ISO Topic
Oceans
Expedition Year
2007-2008
2007-2008
Project Details
Project Number
IPY project
Project Name
International Polar Year
Summary
Abstract
Temperature/salinity profiles in the upper oceanic column were recorded at every about a degree in the southwestern Indian sector of Southern Ocean during austral summer of 2007, 2008 and 2009 as a part of IPY initiative. The spacing is dictated by
weather conditions and scientific rationale which is predefined.
Purpose
The purpose is to understand the role of upper Ocean heat content variability over a long period of time (~10 years) and its role in fueling heat to the cyclones in the Southern Ocean. The summer monsoon winds originate from the southern hemisphere so there is a need to relate the moisture supplied by the SO region to the winds which cross the equator and deposit the rain over Asian subcontinent.
Dataset Citation
Creator
Dr Alvarinho J Luis
Editor
Dr Alvarinho J Luis
Dataset Title
XCTD data
Series Name
2011-12
Release Date
6/02/2017
Release Place
NCPOR
Version
Online Resource
Scientist Details
Role
Principal Investigator
Name
Dr. Alvarinho  J LUIS
e-mail
alvluis@ncpor.res.in
Phone
918322525528
Mobile Number
9422457368
Institute /
Organization
NCPOR
Address
MoES, Headland, Sada
City
Vasco-da-Gama
State
Goa
Postal Code
403804
Country
India
Data Center
Short Name
NPDC
Long Name
National Polar Data Center, India
Mail Id
npdc@ncpor.res.in
Phone No
+91 - 832-2525515
Address
Headland Sada
City
Vasco-Da-Gama
State
Goa
Pin Code
403804
Country
India
Instrument Details
Short name
XCTD
Long name
Expendable C T D
Location
Category
Type
Southern Ocean
Subregion
Indian Ocean Sector
Platform
Short name
Emerald Sea, Papanin
Long name
Emerald Sea, Papanin
Data
					Set Progress
In Work
close
save as pdf
If XML not opening,
Click Here!
If download not started,
Click Here!
Search
Quick Links
Contact Us
Data Policy & Guidelines
User Manual
Polar Directory
Data Submission
Common Project Proposal Form
Submit a New Data
For scholars
Dataset by Science Keywords
Dataset by Location
Observation Dataset
Quantarctica
Data Portal
Synoptic Data
Useful Links
Python
Ferret visualization
and analysis Tool
The R Project
© National Centre for Polar and Ocean Research
						(NCPOR), Ministry of Earth Sciences (MoES), Government of India"
Oceans,Ocean/Lake Records,Fjord Hydrography,https://npdc.ncpor.res.in/npdc/search_mf_data.action?search=title&expedition_type=Antarctic&parameter=MF1644702152&userType=user&parameter1=Ocean%2FLake+Records,"META DATA SEARCH
Home
About
Data
Search For Datasets »
Browse by Keyword
Browse by Location
Data Availability
SOE : Scientific Voyage Details
Other Datasets »
Weather and Environment
Search AWS & Meteorological Datasets
Sagar Kanya Cruise Report
Surface Data at Maitri & Gangotri
Synoptic Data From Bharti Station (2016-21)
Submit Your Data »
New Datasets
Last Submitted Datasets
Other Data Links
Important links »
Polar View
NCMRWF - Southern Ocean
NCMRWF - Sea-ice Arctic
NCMRWF - Sea-ice Antarctic
Polar Directory
Search by Data Types
Free Text
Sign
					In
User Manual
Brief Record
Full Record
View XML
Export PDF
Get Data
Title
Fjord In Situ Observations
Abstract
Fjord surface hydrography data sets involving water samples for suspended sediments, CTD, IR Thermometer for water surface temperature and wind speed observations were collected over the Teistein platform during September 2025. The collected water samples were later filtered to obtain the suspended sediment weight. Underwater radiometer observations which would complement these observations were collected by personnel from NCPOR.
Purpose
The purpose of the observations were to attempt remote sensing retrieval of suspended sediments in the Arctic fjords. This is to be followed by the study of sediment dynamics in the fjords resulting from the sediment influx through glacier melt and local fjord dynamics.
Basic Information
Release Date
:    26/12/2025
Originating Center
:
Data Set Progress
:    Planned
Data Set Language
:
ISO Topic Categories
Category
:   Oceans
Topic
:   Ocean/Lake Records
ISO Topic
:   Oceanography
Personnel
Role
:   Team Member
Name
:   Dr. Debadatta   Swain
e-mail
:   dswain@iitbbs.ac.in
Organisation
:   IIT Bhubaneswar
Title
Fjord In Situ Observations
Science Keywords
Category
Oceans
Topic
Ocean/Lake Records
ISO Topic
Oceanography
Expedition Year
2025-2026
Project Details
Project Number
12260 B10
Project Name
Remote sensing retrieval of suspended sediment in the Arctic fjords and its validation
Summary
Abstract
Fjord surface hydrography data sets involving water samples for suspended sediments, CTD, IR Thermometer for water surface temperature and wind speed observations were collected over the Teistein platform during September 2025. The collected water samples were later filtered to obtain the suspended sediment weight. Underwater radiometer observations which would complement these observations were collected by personnel from NCPOR.
Purpose
The purpose of the observations were to attempt remote sensing retrieval of suspended sediments in the Arctic fjords. This is to be followed by the study of sediment dynamics in the fjords resulting from the sediment influx through glacier melt and local fjord dynamics.
Dataset Citation
Creator
D Swain
Editor
D Swain
Dataset Title
Fjord Hydrography
Series Name
Surface Observations
Release Date
26/12/2025
Release Place
India
Version
Online Resource
https://data.ncpor.res.in/static/datasets/MF1644702152_data_uploaded.xlsx
Scientist Details
Role
Team Member
Name
Dr. Debadatta   Swain
e-mail
dswain@iitbbs.ac.in
Phone
06747135508
Mobile Number
7893002751
Institute /
Organization
IIT Bhubaneswar
Address
Room No. 102 (SEOCS Building), IIT Bhubaneswar, Argul, Jatni-752050, Odisha
City
Bhubaneswar
State
Odisha
Postal Code
752050
Country
India
Data Center
Short Name
NPDC
Long Name
National Polar Data Center, India
Mail Id
npdc@ncpor.res.in
Phone No
+91 - 832-2525515
Address
Headland Sada
City
Vasco-Da-Gama
State
Goa
Pin Code
403804
Country
India
Instrument Details
Short name
Water Sample, IR Thermometer
Long name
Hydrography
Location
Category
Region
Type
Arctic
Subregion
Krossfjorden, Kongs Fjorden Ny Alesund
Platform
Short name
Teistein
Long name
Teistein
Data
					Set Progress
Planned
close
save as pdf
If XML not opening,
Click Here!
If download not started,
Click Here!
Search
Quick Links
Contact Us
Data Policy & Guidelines
User Manual
Polar Directory
Data Submission
Common Project Proposal Form
Submit a New Data
For scholars
Dataset by Science Keywords
Dataset by Location
Observation Dataset
Quantarctica
Data Portal
Synoptic Data
Useful Links
Python
Ferret visualization
and analysis Tool
The R Project
© National Centre for Polar and Ocean Research
						(NCPOR), Ministry of Earth Sciences (MoES), Government of India"
Oceans,Ocean/Lake Records,Antarctic lake biogeochemistry,https://npdc.ncpor.res.in/npdc/search_mf_data.action?search=title&expedition_type=Antarctic&parameter=MF-1805469594&userType=user&parameter1=Ocean%2FLake+Records,"META DATA SEARCH
Home
About
Data
Search For Datasets »
Browse by Keyword
Browse by Location
Data Availability
SOE : Scientific Voyage Details
Other Datasets »
Weather and Environment
Search AWS & Meteorological Datasets
Sagar Kanya Cruise Report
Surface Data at Maitri & Gangotri
Synoptic Data From Bharti Station (2016-21)
Submit Your Data »
New Datasets
Last Submitted Datasets
Other Data Links
Important links »
Polar View
NCMRWF - Southern Ocean
NCMRWF - Sea-ice Arctic
NCMRWF - Sea-ice Antarctic
Polar Directory
Search by Data Types
Free Text
Sign
					In
User Manual
Brief Record
Full Record
View XML
Export PDF
Data pending
Title
Antarctic lake biogeochemistry
Abstract
Antarctic lakes from Bharti and maitri were studied for Nutrient  dynamics
Purpose
To understand antarctic lake biogeochemistry
Basic Information
Release Date
:    18/11/2013
Originating Center
:    NPDC, INDIA
Data Set Progress
:    In Work
Data Set Language
:    English
ISO Topic Categories
Category
:   Oceans
Topic
:   Ocean/Lake Records
ISO Topic
:   Oceanography
Personnel
Role
:   Research Scientist
Name
:   Mr. SUHAS   SHETYE
e-mail
:   suhas@ncaor.gov.in
Title
Antarctic lake biogeochemistry
Science Keywords
Category
Oceans
Topic
Ocean/Lake Records
ISO Topic
Oceanography
Expedition Year
Project Details
Project Number
ANTARCTIC LAKES
Project Name
ANTARCTIC LAKE PALEOCLIMATE
Summary
Abstract
Antarctic lakes from Bharti and maitri were studied for Nutrient  dynamics
Purpose
To understand antarctic lake biogeochemistry
Dataset Citation
Creator
Suhas
Editor
Suhas
Dataset Title
Antarctic lake biogeochemistry
Series Name
Antarctic lake
Release Date
18/11/2013
Release Place
vasco
Version
Online Resource
Scientist Details
Role
Research Scientist
Name
Mr. SUHAS   SHETYE
e-mail
suhas@ncaor.gov.in
Phone
9823207980
Mobile Number
Institute /
Organization
Address
VASCO, GOA
City
VASCO
State
Goa
Postal Code
403804
Country
India
Data Center
Short Name
NPDC
Long Name
National Polar Data Center, India
Mail Id
npdc@ncpor.res.in
Phone No
+91 - 832-2525515
Address
Headland Sada
City
Vasco-Da-Gama
State
Goa
Pin Code
403804
Country
India
Instrument Details
Short name
SPECTRO
Long name
SPECTROPHOTOMETER
Location
Category
Type
Antarctic
Subregion
Larsemann Hill
Platform
Short name
SHIP
Long name
IVAN PAPANIN
Data
					Set Progress
In Work
close
save as pdf
If XML not opening,
Click Here!
If download not started,
Click Here!
Search
Quick Links
Contact Us
Data Policy & Guidelines
User Manual
Polar Directory
Data Submission
Common Project Proposal Form
Submit a New Data
For scholars
Dataset by Science Keywords
Dataset by Location
Observation Dataset
Quantarctica
Data Portal
Synoptic Data
Useful Links
Python
Ferret visualization
and analysis Tool
The R Project
© National Centre for Polar and Ocean Research
						(NCPOR), Ministry of Earth Sciences (MoES), Government of India"
Oceans,Ocean/Lake Records,"CTD data from southern Ocean Expedition, 2010",https://npdc.ncpor.res.in/npdc/search_mf_data.action?search=title&expedition_type=Antarctic&parameter=MF1813996142&userType=user&parameter1=Ocean%2FLake+Records,"META DATA SEARCH
Home
About
Data
Search For Datasets »
Browse by Keyword
Browse by Location
Data Availability
SOE : Scientific Voyage Details
Other Datasets »
Weather and Environment
Search AWS & Meteorological Datasets
Sagar Kanya Cruise Report
Surface Data at Maitri & Gangotri
Synoptic Data From Bharti Station (2016-21)
Submit Your Data »
New Datasets
Last Submitted Datasets
Other Data Links
Important links »
Polar View
NCMRWF - Southern Ocean
NCMRWF - Sea-ice Arctic
NCMRWF - Sea-ice Antarctic
Polar Directory
Search by Data Types
Free Text
Sign
					In
User Manual
Brief Record
Full Record
View XML
Export PDF
Get Data
Title
CTD data from southern Ocean Expedition, 2010
Abstract
To have an understanding of the hydrodynamics of the Southern Ocean CTD observations were carried out. The period of observation was february 2010.  These observations were carried out using a SEABIRD, SBE 19 plus CTD.
Purpose
The CTD  temperature and salinity profiles give an idea of the thermohaline variability in the Southern Ocean
Basic Information
Release Date
:    26/09/2013
Originating Center
:    NPDC, INDIA
Data Set Progress
:    In Work
Data Set Language
:    English
ISO Topic Categories
Category
:   Oceans
Topic
:   Ocean/Lake Records
ISO Topic
:   Nutrients
Personnel
Role
:   PI
Name
:   Dr. Anilkumar   N
e-mail
:   anil@ncaor.gov.in
Organisation
:   National Centre for Polar and Ocean Research (NCPOR)
Title
CTD data from southern Ocean Expedition, 2010
Science Keywords
Category
Oceans
Topic
Ocean/Lake Records
ISO Topic
Nutrients
Expedition Year
2009-2010
Project Details
Project Number
HBISSOE
Project Name
Hydrodynamics and Biogeochemistry of the Indian sector of the Southern Ocean
Summary
Abstract
To have an understanding of the hydrodynamics of the Southern Ocean CTD observations were carried out. The period of observation was february 2010.  These observations were carried out using a SEABIRD, SBE 19 plus CTD.
Purpose
The CTD  temperature and salinity profiles give an idea of the thermohaline variability in the Southern Ocean
Dataset Citation
Creator
N Anilkumar
Editor
Racheal Chacko
Dataset Title
CTD data from southern Ocean Expedition, 2010
Series Name
CTD data
Release Date
26/09/2013
Release Place
NCAOR
Version
Online Resource
https://npdc.ncpor.res.in/npdc/viewvoyage.action?reg_id=reg-00007
Scientist Details
Role
PI
Name
Dr. Anilkumar   N
e-mail
anil@ncaor.gov.in
Phone
0832-2525513
Mobile Number
0832-2525513
Institute /
Organization
National Centre for Polar and Ocean Research (NCPOR)
Address
NCAOR,
Headland Sada
City
Vasco-da -gama
State
Goa
Postal Code
403804
Country
India
Data Center
Short Name
NPDC
Long Name
National Polar Data Center, India
Mail Id
npdc@ncpor.res.in
Phone No
+91 - 832-2525515
Address
Headland Sada
City
Vasco-Da-Gama
State
Goa
Pin Code
403804
Country
India
Instrument Details
Short name
CTD
Long name
Conductivity Temperature Depth
Location
Category
Type
Southern Ocean
Subregion
Indian Ocean Sector
Platform
Short name
ORV Sagar Nidhi
Long name
ORV Sagar Nidhi
Data
					Set Progress
In Work
close
save as pdf
If XML not opening,
Click Here!
If download not started,
Click Here!
Search
Quick Links
Contact Us
Data Policy & Guidelines
User Manual
Polar Directory
Data Submission
Common Project Proposal Form
Submit a New Data
For scholars
Dataset by Science Keywords
Dataset by Location
Observation Dataset
Quantarctica
Data Portal
Synoptic Data
Useful Links
Python
Ferret visualization
and analysis Tool
The R Project
© National Centre for Polar and Ocean Research
						(NCPOR), Ministry of Earth Sciences (MoES), Government of India"
Oceans,Ocean/Lake Records,Suspended Particulate Matter in the Southern Ocean-,https://npdc.ncpor.res.in/npdc/search_mf_data.action?search=title&expedition_type=Antarctic&parameter=MF-1905225060&userType=user&parameter1=Ocean%2FLake+Records,"META DATA SEARCH
Home
About
Data
Search For Datasets »
Browse by Keyword
Browse by Location
Data Availability
SOE : Scientific Voyage Details
Other Datasets »
Weather and Environment
Search AWS & Meteorological Datasets
Sagar Kanya Cruise Report
Surface Data at Maitri & Gangotri
Synoptic Data From Bharti Station (2016-21)
Submit Your Data »
New Datasets
Last Submitted Datasets
Other Data Links
Important links »
Polar View
NCMRWF - Southern Ocean
NCMRWF - Sea-ice Arctic
NCMRWF - Sea-ice Antarctic
Polar Directory
Search by Data Types
Free Text
Sign
					In
User Manual
Brief Record
Full Record
View XML
Export PDF
Get Data
Title
Suspended Particulate Matter in the Southern Ocean- An approach to understand Source and Processes
Abstract
To investigate the distribution of Suspended Particulate Matter(SPM) and to understand the source and processes operating  within the Indian
sector of the Southern Ocean representing the three zones i.e. Sub-Tropical, Sub-Antarctic and Antarctic zones.
Purpose
The knowledge of the distribution of SPM is an important prerequisite for the description and prediction of the ecological conditions.
Basic Information
Release Date
:    11/10/2013
Originating Center
:    NPDC, INDIA
Data Set Progress
:    In Work
Data Set Language
:    ENGLISH
ISO Topic Categories
Category
:   Oceans
Topic
:   Ocean/Lake Records
ISO Topic
:   Oceanography
Personnel
Role
:   Principal Investigatior
Name
:   Prof. G  N Nayak
e-mail
:   anil@ncaor.gov.in
Title
Suspended Particulate Matter in the Southern Ocean- An approach to understand Source and Processes
Science Keywords
Category
Oceans
Topic
Ocean/Lake Records
ISO Topic
Oceanography
Expedition Year
2009-2010
Project Details
Project Number
Suspended Particulate Matter in the Southern Ocean
Project Name
Suspended Particulate Matter in the Southern Ocean
Summary
Abstract
To investigate the distribution of Suspended Particulate Matter(SPM) and to understand the source and processes operating  within the Indian
sector of the Southern Ocean representing the three zones i.e. Sub-Tropical, Sub-Antarctic and Antarctic zones.
Purpose
The knowledge of the distribution of SPM is an important prerequisite for the description and prediction of the ecological conditions.
Dataset Citation
Creator
Dr G N Nayak
Editor
C Noronha
Dataset Title
Suspended Particulate Matter in the Southern Ocean-
Series Name
SPM Data
Release Date
11/10/2013
Release Place
NCAOR
Version
Online Resource
Scientist Details
Role
Principal Investigatior
Name
Prof. G  N Nayak
e-mail
anil@ncaor.gov.in
Phone
+91-0832-6519059
Mobile Number
Institute /
Organization
Address
Dept. of Marine Science, Goa univeristy,Taleigao Plateau, Goa, India,
City
Panaji
State
Goa
Postal Code
403206
Country
India
Data Center
Short Name
NPDC
Long Name
National Polar Data Center, India
Mail Id
npdc@ncpor.res.in
Phone No
+91 - 832-2525515
Address
Headland Sada
City
Vasco-Da-Gama
State
Goa
Pin Code
403804
Country
India
Instrument Details
Short name
CTD Rosette Water Sampler
Long name
CTD Rosette Water Sampler
Location
Category
Type
Southern Ocean
Subregion
Indian Ocean Sector
Platform
Short name
ORV Sagar Nidhi
Long name
ORV Sagar Nidhi
Data
					Set Progress
In Work
close
save as pdf
If XML not opening,
Click Here!
If download not started,
Click Here!
Search
Quick Links
Contact Us
Data Policy & Guidelines
User Manual
Polar Directory
Data Submission
Common Project Proposal Form
Submit a New Data
For scholars
Dataset by Science Keywords
Dataset by Location
Observation Dataset
Quantarctica
Data Portal
Synoptic Data
Useful Links
Python
Ferret visualization
and analysis Tool
The R Project
© National Centre for Polar and Ocean Research
						(NCPOR), Ministry of Earth Sciences (MoES), Government of India"
Oceans,Ocean/Lake Records,Distribution of nutrients in SO during 2010,https://npdc.ncpor.res.in/npdc/search_mf_data.action?search=title&expedition_type=Antarctic&parameter=MF278769800&userType=user&parameter1=Ocean%2FLake+Records,"META DATA SEARCH
Home
About
Data
Search For Datasets »
Browse by Keyword
Browse by Location
Data Availability
SOE : Scientific Voyage Details
Other Datasets »
Weather and Environment
Search AWS & Meteorological Datasets
Sagar Kanya Cruise Report
Surface Data at Maitri & Gangotri
Synoptic Data From Bharti Station (2016-21)
Submit Your Data »
New Datasets
Last Submitted Datasets
Other Data Links
Important links »
Polar View
NCMRWF - Southern Ocean
NCMRWF - Sea-ice Arctic
NCMRWF - Sea-ice Antarctic
Polar Directory
Search by Data Types
Free Text
Sign
					In
User Manual
Brief Record
Full Record
View XML
Export PDF
Data pending
Title
Distribution of nutrients in SO during 2010
Abstract
Dissolved nutrients including nitrate, nitrite, silicate and phosphate were measured at 8 stations along a meridional transect (57.5 E) and 4 stations along the coast of Antarctica. Vertical samples up to a depth of 1000 m were also analyzed.
Purpose
As a part of the regular SO expedition, nutrient data is required to understand the marine food-web dynamics and carbon biogeochemistry in SO.
Basic Information
Release Date
:    1/10/2013
Originating Center
:    NPDC, INDIA
Data Set Progress
:    In Work
Data Set Language
:    English
ISO Topic Categories
Category
:   Oceans
Topic
:   Ocean/Lake Records
ISO Topic
:   Nutrients
Personnel
Role
:   PI
Name
:   Dr. N   Anilkumar
e-mail
:   anil@ncaor.gov.in
Title
Distribution of nutrients in SO during 2010
Science Keywords
Category
Oceans
Topic
Ocean/Lake Records
ISO Topic
Nutrients
Expedition Year
2009-2010
Project Details
Project Number
SO-BGC
Project Name
Hydrodynamics & Biogeochemistry of Indian Ocean Sector of SO
Summary
Abstract
Dissolved nutrients including nitrate, nitrite, silicate and phosphate were measured at 8 stations along a meridional transect (57.5 E) and 4 stations along the coast of Antarctica. Vertical samples up to a depth of 1000 m were also analyzed.
Purpose
As a part of the regular SO expedition, nutrient data is required to understand the marine food-web dynamics and carbon biogeochemistry in SO.
Dataset Citation
Creator
Dr N Anilkumar
Editor
Dr P V Bhaskar
Dataset Title
Distribution of nutrients in SO during 2010
Series Name
Nutrients data
Release Date
1/10/2013
Release Place
NCAOR
Version
Online Resource
Scientist Details
Role
PI
Name
Dr. N   Anilkumar
e-mail
anil@ncaor.gov.in
Phone
0832-2525513
Mobile Number
Institute /
Organization
Address
NCAOR, Headland Sada
City
vasco-da-gama
State
Goa
Postal Code
403804
Country
India
Data Center
Short Name
NPDC
Long Name
National Polar Data Center, India
Mail Id
npdc@ncpor.res.in
Phone No
+91 - 832-2525515
Address
Headland Sada
City
Vasco-Da-Gama
State
Goa
Pin Code
403804
Country
India
Instrument Details
Short name
UV-Vis Spec
Long name
UV-Vis Spectrophotometer
Location
Category
Type
Southern Ocean
Subregion
Indian Ocean Sector
Platform
Short name
ORV Sagar Nidhi
Long name
ORV Sagar Nidhi
Data
					Set Progress
In Work
close
save as pdf
If XML not opening,
Click Here!
If download not started,
Click Here!
Search
Quick Links
Contact Us
Data Policy & Guidelines
User Manual
Polar Directory
Data Submission
Common Project Proposal Form
Submit a New Data
For scholars
Dataset by Science Keywords
Dataset by Location
Observation Dataset
Quantarctica
Data Portal
Synoptic Data
Useful Links
Python
Ferret visualization
and analysis Tool
The R Project
© National Centre for Polar and Ocean Research
						(NCPOR), Ministry of Earth Sciences (MoES), Government of India"
Oceans,Ocean/Lake Records,"Microplastic contamination in theSouthern Ocean: Characteristics, Type and possible source of contamination",https://npdc.ncpor.res.in/npdc/search_mf_data.action?search=title&expedition_type=Antarctic&parameter=MF-817887221&userType=user&parameter1=Ocean%2FLake+Records,"META DATA SEARCH
Home
About
Data
Search For Datasets »
Browse by Keyword
Browse by Location
Data Availability
SOE : Scientific Voyage Details
Other Datasets »
Weather and Environment
Search AWS & Meteorological Datasets
Sagar Kanya Cruise Report
Surface Data at Maitri & Gangotri
Synoptic Data From Bharti Station (2016-21)
Submit Your Data »
New Datasets
Last Submitted Datasets
Other Data Links
Important links »
Polar View
NCMRWF - Southern Ocean
NCMRWF - Sea-ice Arctic
NCMRWF - Sea-ice Antarctic
Polar Directory
Search by Data Types
Free Text
Sign
					In
User Manual
Brief Record
Full Record
View XML
Export PDF
Data pending
Title
Microplastic contamination in the  Southern Ocean: Characteristics,  Type and possible source of contamination.
Abstract
In light of the emerging evidence of microplastics (tiny plastic particles of <5mm size) in the Southern Ocean, by 2017, the problem had reached the attention of key scientific bodies responsible for the monitoring and protection of Antarctic environments and marine species. Present study was intended to collect water , sediment and biota samples and analyse for the presence of Microplastics.
Purpose
the present study will certainly construct a  base line information of the Microplastics contamination in all the three matrices of study sites envisaged  in the cruise track. This information aimed to be obtained at the end  will be very valuable in tracing the source of MPs in the study area as well as to get an idea on the contamination  of MPs in the  food web of Southern Ocean.
Basic Information
Release Date
:    29/11/2024
Originating Center
:
Data Set Progress
:    In Work
Data Set Language
:
ISO Topic Categories
Category
:   Oceans
Topic
:   Ocean/Lake Records
ISO Topic
:   Environment
Personnel
Role
:   Principal Investigator
Name
:   Prof. Eswara  Venkatesaperumal Ramasamy
e-mail
:   mpevrmgu@gmail.com
Organisation
:   School of Environmental Sciences , Mahatma Gandhi University, PD Hills (PO) , Kottayam, Kerala , PIN 686560
Title
Microplastic contamination in the  Southern Ocean: Characteristics,  Type and possible source of contamination.
Science Keywords
Category
Oceans
Topic
Ocean/Lake Records
ISO Topic
Environment
Expedition Year
2019-2020
Project Details
Project Number
SoE 11 Microplastics
Project Name
Microplastic contamination in the  Southern Ocean: Characteristics,  Type and possible source of contamination.
Summary
Abstract
In light of the emerging evidence of microplastics (tiny plastic particles of <5mm size) in the Southern Ocean, by 2017, the problem had reached the attention of key scientific bodies responsible for the monitoring and protection of Antarctic environments and marine species. Present study was intended to collect water , sediment and biota samples and analyse for the presence of Microplastics.
Purpose
the present study will certainly construct a  base line information of the Microplastics contamination in all the three matrices of study sites envisaged  in the cruise track. This information aimed to be obtained at the end  will be very valuable in tracing the source of MPs in the study area as well as to get an idea on the contamination  of MPs in the  food web of Southern Ocean.
Dataset Citation
Creator
EV RAMASAMY
Editor
EV RAMASAMY
Dataset Title
Microplastic contamination in theSouthern Ocean: Characteristics, Type and possible source of contamination
Series Name
Microplastics Abundance
Release Date
29/11/2024
Release Place
Kottayam
Version
Online Resource
Scientist Details
Role
Principal Investigator
Name
Prof. Eswara  Venkatesaperumal Ramasamy
e-mail
mpevrmgu@gmail.com
Phone
04812733369
Mobile Number
09447095935
Institute /
Organization
School of Environmental Sciences , Mahatma Gandhi University, PD Hills (PO) , Kottayam, Kerala , PIN 686560
Address
School of Environmental Sciences, Mahatma Gandhi University, Priyadarsini Hills (PO), Kottayam, PIN 686560, Kerala
City
ATHIRAMPUZHA
State
Kerala
Postal Code
686560
Country
India
Data Center
Short Name
NPDC
Long Name
National Polar Data Center, India
Mail Id
npdc@ncpor.res.in
Phone No
+91 - 832-2525515
Address
Headland Sada
City
Vasco-Da-Gama
State
Goa
Pin Code
403804
Country
India
Instrument Details
Short name
CTD , Sediment grab
Long name
Coductivity, Temperature , Depth  with depth water sample collector. Box corer for sediment samples.
Location
Category
Region
Type
Southern Ocean
Subregion
Antarctic Coast
Platform
Short name
Cruise
Long name
SA Agulhas
Data
					Set Progress
In Work
close
save as pdf
If XML not opening,
Click Here!
If download not started,
Click Here!
Search
Quick Links
Contact Us
Data Policy & Guidelines
User Manual
Polar Directory
Data Submission
Common Project Proposal Form
Submit a New Data
For scholars
Dataset by Science Keywords
Dataset by Location
Observation Dataset
Quantarctica
Data Portal
Synoptic Data
Useful Links
Python
Ferret visualization
and analysis Tool
The R Project
© National Centre for Polar and Ocean Research
						(NCPOR), Ministry of Earth Sciences (MoES), Government of India"
Biological Classification,Animals/Invertebrates,Long-term monitoring of Wildlife and their habitats  in Antarctica and Southern Indian Ocean,https://npdc.ncpor.res.in/npdc/search_mf_data.action?search=title&expedition_type=Antarctic&parameter=MF-1246064135&userType=user&parameter1=Animals%2FInvertebrates,"META DATA SEARCH
Home
About
Data
Search For Datasets »
Browse by Keyword
Browse by Location
Data Availability
SOE : Scientific Voyage Details
Other Datasets »
Weather and Environment
Search AWS & Meteorological Datasets
Sagar Kanya Cruise Report
Surface Data at Maitri & Gangotri
Synoptic Data From Bharti Station (2016-21)
Submit Your Data »
New Datasets
Last Submitted Datasets
Other Data Links
Important links »
Polar View
NCMRWF - Southern Ocean
NCMRWF - Sea-ice Arctic
NCMRWF - Sea-ice Antarctic
Polar Directory
Search by Data Types
Free Text
Sign
					In
User Manual
Brief Record
Full Record
View XML
Export PDF
Data pending
Title
Long-term monitoring of Wildlife and their habitats  in Antarctica and Southern Indian Ocean
Abstract
Climate change impacts ocean biota in different ways and several ocean models have suggested that the Southern Ocean surface waters are going to become warmer and fresher with increased vertical stratification, reduced sea-ice, higher CO2 oceanic concentrations and ultimately increased up welling. Alteration of these ocean properties may affect the primary producers biomass and diversity. This is in turn could have a long lasting impact on oceanic birds and mammals, which are directly or indirectly linked to the availability of primary producers. In this connection, the Wildlife Institute of India (WII) had participated in the 14th, 15th, 16th, 28th and 29th Indian Scientific Expeditions to Antarctica and has implemented a Monitoring Programme entitled ?Developing a Long-term Monitoring Programme for Birds and Mammals in the Indian Ocean and Antarctica?.
Purpose
Investigate the distribution pattern and community structure of birds and mammals in the Southern Ocean and Antarctica. Evaluate and map the wildlife habitats, and to identify threats to wildlife and their habitats  Monitor certain key pelagic organisms such as krill and long range movements of species such as penguins and seals using satellite tracking techniques.
Basic Information
Release Date
:    19/02/2021
Originating Center
:
Data Set Progress
:    Complete
Data Set Language
:
ISO Topic Categories
Category
:   Biological Classification
Topic
:   Animals/Invertebrates
ISO Topic
:   Biodiversity and Biotechnological Potential
Personnel
Role
:   Principal Investigator
Name
:   Dr. K    Sivakumar
e-mail
:   ictd@ncpor.res.in
Organisation
:   Wildlife Institute of India (WII)
Title
Long-term monitoring of Wildlife and their habitats  in Antarctica and Southern Indian Ocean
Science Keywords
Category
Biological Classification
Topic
Animals/Invertebrates
ISO Topic
Biodiversity and Biotechnological Potential
Expedition Year
2013-2014
2014-2015
2015-2016
Project Details
Project Number
BES-2 & BES-3
Project Name
Long-term monitoring of Wildlife and their habitats  in Antarctica and Southern Indian Ocean
Summary
Abstract
Climate change impacts ocean biota in different ways and several ocean models have suggested that the Southern Ocean surface waters are going to become warmer and fresher with increased vertical stratification, reduced sea-ice, higher CO2 oceanic concentrations and ultimately increased up welling. Alteration of these ocean properties may affect the primary producers biomass and diversity. This is in turn could have a long lasting impact on oceanic birds and mammals, which are directly or indirectly linked to the availability of primary producers. In this connection, the Wildlife Institute of India (WII) had participated in the 14th, 15th, 16th, 28th and 29th Indian Scientific Expeditions to Antarctica and has implemented a Monitoring Programme entitled ?Developing a Long-term Monitoring Programme for Birds and Mammals in the Indian Ocean and Antarctica?.
Purpose
Investigate the distribution pattern and community structure of birds and mammals in the Southern Ocean and Antarctica. Evaluate and map the wildlife habitats, and to identify threats to wildlife and their habitats  Monitor certain key pelagic organisms such as krill and long range movements of species such as penguins and seals using satellite tracking techniques.
Dataset Citation
Creator
K Sivakumar
Editor
K Sivakumar
Dataset Title
Long-term monitoring of Wildlife and their habitats  in Antarctica and Southern Indian Ocean
Series Name
1
Release Date
19/02/2021
Release Place
Goa
Version
1
Online Resource
Scientist Details
Role
Principal Investigator
Name
Dr. K    Sivakumar
e-mail
ictd@ncpor.res.in
Phone
2640115
Mobile Number
2640115
Institute /
Organization
Wildlife Institute of India (WII)
Address
P.O. Box 18, Chandrabani, Dehradun 248001
City
Dehradun
State
Himachal Pradesh
Postal Code
248001
Country
India
Data Center
Short Name
NPDC
Long Name
National Polar Data Center, India
Mail Id
npdc@ncpor.res.in
Phone No
+91 - 832-2525515
Address
Headland Sada
City
Vasco-Da-Gama
State
Goa
Pin Code
403804
Country
India
Instrument Details
Short name
-
Long name
-
Location
Category
Region
Type
Antarctic
Subregion
Bharati
Platform
Short name
-
Long name
-
Data
					Set Progress
Complete
close
save as pdf
If XML not opening,
Click Here!
If download not started,
Click Here!
Search
Quick Links
Contact Us
Data Policy & Guidelines
User Manual
Polar Directory
Data Submission
Common Project Proposal Form
Submit a New Data
For scholars
Dataset by Science Keywords
Dataset by Location
Observation Dataset
Quantarctica
Data Portal
Synoptic Data
Useful Links
Python
Ferret visualization
and analysis Tool
The R Project
© National Centre for Polar and Ocean Research
						(NCPOR), Ministry of Earth Sciences (MoES), Government of India"
Biological Classification,Animals/Invertebrates,Dr.,https://npdc.ncpor.res.in/npdc/search_mf_data.action?search=title&expedition_type=Antarctic&parameter=MF-1269793111&userType=user&parameter1=Animals%2FInvertebrates,"META DATA SEARCH
Home
About
Data
Search For Datasets »
Browse by Keyword
Browse by Location
Data Availability
SOE : Scientific Voyage Details
Other Datasets »
Weather and Environment
Search AWS & Meteorological Datasets
Sagar Kanya Cruise Report
Surface Data at Maitri & Gangotri
Synoptic Data From Bharti Station (2016-21)
Submit Your Data »
New Datasets
Last Submitted Datasets
Other Data Links
Important links »
Polar View
NCMRWF - Southern Ocean
NCMRWF - Sea-ice Arctic
NCMRWF - Sea-ice Antarctic
Polar Directory
Search by Data Types
Free Text
Sign
					In
User Manual
Brief Record
Full Record
View XML
Export PDF
Get Data
Title
Benthic population of Arctic Fjords_IAE-2023-24/26(II)
Abstract
This study investigates the contribution of meroplankton, early settlers? in shaping adult macrobenthic population from Arctic fjord, emphasizing the role of environmental factors in shaping community composition and species distribution. The Arctic benthic communities are characterized by diverse and abundant taxa, driven by high nutrient inputs and organic matter availability. Samples were collected from 13 stations: 2 from the open ocean, 6 from Kongsfjorden, and 5 from Krossfjorden, encompassing a range of Arctic marine habitats.  Across all sampling stations, silt is the dominant sediment type, followed by clay, indicative of a fine-grained depositional environment. Total Organic Carbon (TOC) concentrations are significantly higher in the open ocean and outer fjord regions, suggesting enhanced organic matter deposition in these areas. Depth variations from 50 to 400m significantly influence benthic community structure. Changes in pressure, temperature, and organic input due to dep
Purpose
&#9679; To document the spatio-temporal variations of benthic community structure (taxonomic and functional) from an Arctic fjord.
&#9679; To decipher the role of environmental factors, especially edaphic factors, in structuring the benthic community of an Arctic fjord.
&#9679; Benthic pelagic linking approach to understand the contribution of meroplankton, early settlers? in shaping adult macrobenthic population from Arctic fjord in different seasons.
Basic Information
Release Date
:    5/11/2024
Originating Center
:
Data Set Progress
:    In Work
Data Set Language
:
ISO Topic Categories
Category
:   Biological Classification
Topic
:   Animals/Invertebrates
ISO Topic
:   Biota
Personnel
Role
:   Principal Investigator
Name
:   Dr. Sumit   Mandal
e-mail
:   sumit.dbs@presiuniv.ac.in
Organisation
:   Presidency University, Kolkata
Title
Benthic population of Arctic Fjords_IAE-2023-24/26(II)
Science Keywords
Category
Biological Classification
Topic
Animals/Invertebrates
ISO Topic
Biota
Expedition Year
2023-2024
Project Details
Project Number
NCPOR/ARC/IAE-2023-24/26(II)
Project Name
Benthicpelagic linking approach to decode the benthic population of Arctic fjord
Summary
Abstract
This study investigates the contribution of meroplankton, early settlers? in shaping adult macrobenthic population from Arctic fjord, emphasizing the role of environmental factors in shaping community composition and species distribution. The Arctic benthic communities are characterized by diverse and abundant taxa, driven by high nutrient inputs and organic matter availability. Samples were collected from 13 stations: 2 from the open ocean, 6 from Kongsfjorden, and 5 from Krossfjorden, encompassing a range of Arctic marine habitats.  Across all sampling stations, silt is the dominant sediment type, followed by clay, indicative of a fine-grained depositional environment. Total Organic Carbon (TOC) concentrations are significantly higher in the open ocean and outer fjord regions, suggesting enhanced organic matter deposition in these areas. Depth variations from 50 to 400m significantly influence benthic community structure. Changes in pressure, temperature, and organic input due to dep
Purpose
&#9679; To document the spatio-temporal variations of benthic community structure (taxonomic and functional) from an Arctic fjord.
&#9679; To decipher the role of environmental factors, especially edaphic factors, in structuring the benthic community of an Arctic fjord.
&#9679; Benthic pelagic linking approach to understand the contribution of meroplankton, early settlers? in shaping adult macrobenthic population from Arctic fjord in different seasons.
Dataset Citation
Creator
Dr Sumit Mandal
Editor
Dr Sumit Mandal
Dataset Title
Dr.
Series Name
1
Release Date
5/11/2024
Release Place
NCPOR Goa
Version
Online Resource
https://data.ncpor.res.in/static/datasets/MF-1269793111_uploaded_at_database_0n_04.12.2025.pdf
Scientist Details
Role
Principal Investigator
Name
Dr. Sumit   Mandal
e-mail
sumit.dbs@presiuniv.ac.in
Phone
03340529885
Mobile Number
9007230148
Institute /
Organization
Presidency University, Kolkata
Address
Marine Ecology Laboratory, Department of Life Sciences, Presidency University, 86/1, College Street, Kolkata - 700 073, India
City
Kolkata
State
West Bengal
Postal Code
700073
Country
India
Data Center
Short Name
NPDC
Long Name
National Polar Data Center, India
Mail Id
npdc@ncpor.res.in
Phone No
+91 - 832-2525515
Address
Headland Sada
City
Vasco-Da-Gama
State
Goa
Pin Code
403804
Country
India
Instrument Details
Short name
Grab, zooplankton net, sieve
Long name
Grab, zooplankton net, sieve
Location
Category
Region
Type
Arctic
Subregion
Kongsfjorden
Platform
Short name
MS Teisten
Long name
MS Teisten
Data
					Set Progress
In Work
close
save as pdf
If XML not opening,
Click Here!
If download not started,
Click Here!
Search
Quick Links
Contact Us
Data Policy & Guidelines
User Manual
Polar Directory
Data Submission
Common Project Proposal Form
Submit a New Data
For scholars
Dataset by Science Keywords
Dataset by Location
Observation Dataset
Quantarctica
Data Portal
Synoptic Data
Useful Links
Python
Ferret visualization
and analysis Tool
The R Project
© National Centre for Polar and Ocean Research
						(NCPOR), Ministry of Earth Sciences (MoES), Government of India"
Biological Classification,Animals/Invertebrates,Long-term monitoring of Wildlife and its habitats in Antarctica and Southern Indian Ocean,https://npdc.ncpor.res.in/npdc/search_mf_data.action?search=title&expedition_type=Antarctic&parameter=MF-1351820050&userType=user&parameter1=Animals%2FInvertebrates,"META DATA SEARCH
Home
About
Data
Search For Datasets »
Browse by Keyword
Browse by Location
Data Availability
SOE : Scientific Voyage Details
Other Datasets »
Weather and Environment
Search AWS & Meteorological Datasets
Sagar Kanya Cruise Report
Surface Data at Maitri & Gangotri
Synoptic Data From Bharti Station (2016-21)
Submit Your Data »
New Datasets
Last Submitted Datasets
Other Data Links
Important links »
Polar View
NCMRWF - Southern Ocean
NCMRWF - Sea-ice Arctic
NCMRWF - Sea-ice Antarctic
Polar Directory
Search by Data Types
Free Text
Sign
					In
User Manual
Brief Record
Full Record
View XML
Export PDF
Data pending
Title
Long-term monitoring of Wildlife and its habitats in Antarctica and Southern Indian Ocean
Abstract
Antarctica and  its surrounding ocean are at the centre stage of rapid and extreme environmental events due to prevailing global climate change, which in turn necessitates long-term monitoring of wildlife and their habitats in this region. Wildlife Institute of India (WII) has standardised the methods for enumerating wildlife populations, mapping their distribution and studying behaviour of selected species through replicate sampling in the last few expeditions. Based on the results obtained, WII had proposed that such monitoring exercises to be continued for generating long-term ecological data at regular intervals. WII now proposes to continue the monitoring programme in the Southern Indian Ocean and in Antarctica with addition of intensive study of certain species using satellite tracking and genetic analysis. In the next three expeditions, WII will target globally identified indicator species groups in Antarctica for monitoring, habitat assessment along with environmental variables
Purpose
Estimating abundance and distribution of pelagic seabirds in the southern Indian Ocean and Southern Ocean. Assessing distribution and populations parameters of seals and penguins in Larsemann hills (including adjoining Svenner and Bollingen islands). Tracking the movement patterns of Snow Petrels and South Polar Skua for identifying nearby foraging habitats.
Basic Information
Release Date
:    3/03/2021
Originating Center
:
Data Set Progress
:    Complete
Data Set Language
:
ISO Topic Categories
Category
:   Biological Classification
Topic
:   Animals/Invertebrates
ISO Topic
:   Biodiversity and Biotechnological Potential
Personnel
Role
:   Principal Investigator
Name
:   Dr. K    Sivakumar
e-mail
:   ictd@ncpor.res.in
Organisation
:   Wildlife Institute of India (WII)
Title
Long-term monitoring of Wildlife and its habitats in Antarctica and Southern Indian Ocean
Science Keywords
Category
Biological Classification
Topic
Animals/Invertebrates
ISO Topic
Biodiversity and Biotechnological Potential
Expedition Year
2018-2019
Project Details
Project Number
37-BES/ETN-14 (5)
Project Name
Long-term monitoring of Wildlife and its habitats in Antarctica and Southern Indian Ocean
Summary
Abstract
Antarctica and  its surrounding ocean are at the centre stage of rapid and extreme environmental events due to prevailing global climate change, which in turn necessitates long-term monitoring of wildlife and their habitats in this region. Wildlife Institute of India (WII) has standardised the methods for enumerating wildlife populations, mapping their distribution and studying behaviour of selected species through replicate sampling in the last few expeditions. Based on the results obtained, WII had proposed that such monitoring exercises to be continued for generating long-term ecological data at regular intervals. WII now proposes to continue the monitoring programme in the Southern Indian Ocean and in Antarctica with addition of intensive study of certain species using satellite tracking and genetic analysis. In the next three expeditions, WII will target globally identified indicator species groups in Antarctica for monitoring, habitat assessment along with environmental variables
Purpose
Estimating abundance and distribution of pelagic seabirds in the southern Indian Ocean and Southern Ocean. Assessing distribution and populations parameters of seals and penguins in Larsemann hills (including adjoining Svenner and Bollingen islands). Tracking the movement patterns of Snow Petrels and South Polar Skua for identifying nearby foraging habitats.
Dataset Citation
Creator
K Sivakumar
Editor
K Sivakumar
Dataset Title
Long-term monitoring of Wildlife and its habitats in Antarctica and Southern Indian Ocean
Series Name
1
Release Date
3/03/2021
Release Place
Goa
Version
1
Online Resource
Scientist Details
Role
Principal Investigator
Name
Dr. K    Sivakumar
e-mail
ictd@ncpor.res.in
Phone
01352640217
Mobile Number
01352640217
Institute /
Organization
Wildlife Institute of India (WII)
Address
Wildlife Institute of India, Chandrabani Dehradun 248001
City
Dehradun
State
Uttaranchal
Postal Code
248001
Country
India
Data Center
Short Name
NPDC
Long Name
National Polar Data Center, India
Mail Id
npdc@ncpor.res.in
Phone No
+91 - 832-2525515
Address
Headland Sada
City
Vasco-Da-Gama
State
Goa
Pin Code
403804
Country
India
Instrument Details
Short name
-
Long name
-
Location
Category
Region
Type
Antarctic
Subregion
Bharati
Platform
Short name
-
Long name
-
Data
					Set Progress
Complete
close
save as pdf
If XML not opening,
Click Here!
If download not started,
Click Here!
Search
Quick Links
Contact Us
Data Policy & Guidelines
User Manual
Polar Directory
Data Submission
Common Project Proposal Form
Submit a New Data
For scholars
Dataset by Science Keywords
Dataset by Location
Observation Dataset
Quantarctica
Data Portal
Synoptic Data
Useful Links
Python
Ferret visualization
and analysis Tool
The R Project
© National Centre for Polar and Ocean Research
						(NCPOR), Ministry of Earth Sciences (MoES), Government of India"
Biological Classification,Animals/Invertebrates,"Diversity of Invertebrate Fauna of Schirmacher Oasis, East Antarctica.",https://npdc.ncpor.res.in/npdc/search_mf_data.action?search=title&expedition_type=Antarctic&parameter=MF1426947047&userType=user&parameter1=Animals%2FInvertebrates,"META DATA SEARCH
Home
About
Data
Search For Datasets »
Browse by Keyword
Browse by Location
Data Availability
SOE : Scientific Voyage Details
Other Datasets »
Weather and Environment
Search AWS & Meteorological Datasets
Sagar Kanya Cruise Report
Surface Data at Maitri & Gangotri
Synoptic Data From Bharti Station (2016-21)
Submit Your Data »
New Datasets
Last Submitted Datasets
Other Data Links
Important links »
Polar View
NCMRWF - Southern Ocean
NCMRWF - Sea-ice Arctic
NCMRWF - Sea-ice Antarctic
Polar Directory
Search by Data Types
Free Text
Sign
					In
User Manual
Brief Record
Full Record
View XML
Export PDF
Get Data
Title
Diversity of Invertebrate Fauna of Schirmacher Oasis, East Antarctica.
Abstract
The present study was done during the 19th expedition. The invertebrate fauna collected from 32 sites (28 lakes, 2 swampy areas, one open land and one waste-water site) in Schirmacher Oasis were studied. Some physico-chemical parameters like soil temperature and relative humidity were also recorded in the field. In this study ten species of protozoa, one species of rotifera, two species of tardigrada, two species of nematoda, four species of collembola, one species of diptera and ten species of mite including several new records from Antarctica have been reported.
Purpose
The present study was undertaken by the author during the 19th expedition for taking up taxonomic and ecological programmes to add more knowledge to the faunal diversity particularly of invertebrates in the area.
Basic Information
Release Date
:    29/09/2020
Originating Center
:
Data Set Progress
:    Complete
Data Set Language
:
ISO Topic Categories
Category
:   Biological Classification
Topic
:   Animals/Invertebrates
ISO Topic
:   Biodiversity and Biotechnological Potential
Personnel
Role
:   Principal Investigator
Name
:   Dr. A K    Sanya
e-mail
:   ictd@ncpor.res.in
Organisation
:   Zoological Survey of India (ZSI)
Title
Diversity of Invertebrate Fauna of Schirmacher Oasis, East Antarctica.
Science Keywords
Category
Biological Classification
Topic
Animals/Invertebrates
ISO Topic
Biodiversity and Biotechnological Potential
Expedition Year
1999-2000
Project Details
Project Number
9
Project Name
Diversity of Invertebrate Fauna of Schirmacher Oasis, East Antarctica.
Summary
Abstract
The present study was done during the 19th expedition. The invertebrate fauna collected from 32 sites (28 lakes, 2 swampy areas, one open land and one waste-water site) in Schirmacher Oasis were studied. Some physico-chemical parameters like soil temperature and relative humidity were also recorded in the field. In this study ten species of protozoa, one species of rotifera, two species of tardigrada, two species of nematoda, four species of collembola, one species of diptera and ten species of mite including several new records from Antarctica have been reported.
Purpose
The present study was undertaken by the author during the 19th expedition for taking up taxonomic and ecological programmes to add more knowledge to the faunal diversity particularly of invertebrates in the area.
Dataset Citation
Creator
AK Sanya
Editor
AK Sanya
Dataset Title
Diversity of Invertebrate Fauna of Schirmacher Oasis, East Antarctica.
Series Name
1
Release Date
29/09/2020
Release Place
Goa
Version
1
Online Resource
http://14.139.119.23:8080/dspace/bitstream/123456789/580/3/ARTICLE+14.pdf
Scientist Details
Role
Principal Investigator
Name
Dr. A K    Sanya
e-mail
ictd@ncpor.res.in
Phone
8322525515
Mobile Number
8322525515
Institute /
Organization
Zoological Survey of India (ZSI)
Address
Zoological Surveey of India, Prani Vigyan Bhawan, M-Block, New Alipore Kolkata-700053
City
Kolkata
State
West Bengal
Postal Code
700053
Country
India
Data Center
Short Name
NPDC
Long Name
National Polar Data Center, India
Mail Id
npdc@ncpor.res.in
Phone No
+91 - 832-2525515
Address
Headland Sada
City
Vasco-Da-Gama
State
Goa
Pin Code
403804
Country
India
Instrument Details
Short name
-
Long name
-
Location
Category
Region
Type
Antarctic
Subregion
Schirmacher Oasis
Platform
Short name
-
Long name
-
Data
					Set Progress
Complete
close
save as pdf
If XML not opening,
Click Here!
If download not started,
Click Here!
Search
Quick Links
Contact Us
Data Policy & Guidelines
User Manual
Polar Directory
Data Submission
Common Project Proposal Form
Submit a New Data
For scholars
Dataset by Science Keywords
Dataset by Location
Observation Dataset
Quantarctica
Data Portal
Synoptic Data
Useful Links
Python
Ferret visualization
and analysis Tool
The R Project
© National Centre for Polar and Ocean Research
						(NCPOR), Ministry of Earth Sciences (MoES), Government of India"
Biological Classification,Animals/Invertebrates,Apportioning nurdles and microplastics on the way to Antarctica using foldscope,https://npdc.ncpor.res.in/npdc/search_mf_data.action?search=title&expedition_type=Antarctic&parameter=MF-154658320&userType=user&parameter1=Animals%2FInvertebrates,"META DATA SEARCH
Home
About
Data
Search For Datasets »
Browse by Keyword
Browse by Location
Data Availability
SOE : Scientific Voyage Details
Other Datasets »
Weather and Environment
Search AWS & Meteorological Datasets
Sagar Kanya Cruise Report
Surface Data at Maitri & Gangotri
Synoptic Data From Bharti Station (2016-21)
Submit Your Data »
New Datasets
Last Submitted Datasets
Other Data Links
Important links »
Polar View
NCMRWF - Southern Ocean
NCMRWF - Sea-ice Arctic
NCMRWF - Sea-ice Antarctic
Polar Directory
Search by Data Types
Free Text
Sign
					In
User Manual
Brief Record
Full Record
View XML
Export PDF
Data pending
Title
Apportioning nurdles and microplastics on the way to Antarctica using foldscope
Abstract
Nurdles are small plastic pellets measuring less than 5 mm and thus represents microplastics. Nurdles along with other forms of microplastics are considered as major concern with respect to marine pollution. They are marine debris originating from plastic particles utilized in manufacturing large-scale plastics. Marine life is severely threatened by these small pieces of plastic; the creatures that make up the base of the marine food chain, such as krill, are prematurely dying by choking on nurdles. A variety of marine life, from insect larvae, small fish, amphibians and turtles to birds and larger mammals, mistake microbeads for their food source. This ingestion of  plastics introduces the potential for toxicity not only to these animals but to other species higher in the food chain. Harmful chemicals thus transferred can include hydrophobic pollutants that collect on the surface of the water such as polychlorinated biphenyls (PCBs)
Purpose
Apportioning and quantification of nurdles and microplastics in Antarctic ocean.Unfolding anthropogenic interventions and analyzing environmental risk of nurdles and microplastics on marine biotaUse of foldscope as an onboard tool for marine pollution study
Basic Information
Release Date
:    6/11/2021
Originating Center
:
Data Set Progress
:    Complete
Data Set Language
:
ISO Topic Categories
Category
:   Biological Classification
Topic
:   Animals/Invertebrates
ISO Topic
:   Biodiversity and Biotechnological Potential
Personnel
Role
:   principal Investigator
Name
:   Dr. Punarbasu   Chaudhuri
e-mail
:   ictd@ncpor.res.in
Organisation
:   University of Calcutta
Title
Apportioning nurdles and microplastics on the way to Antarctica using foldscope
Science Keywords
Category
Biological Classification
Topic
Animals/Invertebrates
ISO Topic
Biodiversity and Biotechnological Potential
Expedition Year
2019-2020
Project Details
Project Number
39-ETN-PBWL-01 (01)
Project Name
Apportioning nurdles and microplastics on the way to Antarctica using foldscope
Summary
Abstract
Nurdles are small plastic pellets measuring less than 5 mm and thus represents microplastics. Nurdles along with other forms of microplastics are considered as major concern with respect to marine pollution. They are marine debris originating from plastic particles utilized in manufacturing large-scale plastics. Marine life is severely threatened by these small pieces of plastic; the creatures that make up the base of the marine food chain, such as krill, are prematurely dying by choking on nurdles. A variety of marine life, from insect larvae, small fish, amphibians and turtles to birds and larger mammals, mistake microbeads for their food source. This ingestion of  plastics introduces the potential for toxicity not only to these animals but to other species higher in the food chain. Harmful chemicals thus transferred can include hydrophobic pollutants that collect on the surface of the water such as polychlorinated biphenyls (PCBs)
Purpose
Apportioning and quantification of nurdles and microplastics in Antarctic ocean.Unfolding anthropogenic interventions and analyzing environmental risk of nurdles and microplastics on marine biotaUse of foldscope as an onboard tool for marine pollution study
Dataset Citation
Creator
Punarbasu Chaudhuri
Editor
Punarbasu Chaudhuri
Dataset Title
Apportioning nurdles and microplastics on the way to Antarctica using foldscope
Series Name
1
Release Date
6/11/2021
Release Place
Goa
Version
1
Online Resource
Scientist Details
Role
principal Investigator
Name
Dr. Punarbasu   Chaudhuri
e-mail
ictd@ncpor.res.in
Phone
9831140980
Mobile Number
9831140980
Institute /
Organization
University of Calcutta
Address
87, 1, College St, Calcutta University, College Square, Kolkata, West Bengal 700073
City
Kolkata
State
West Bengal
Postal Code
700073
Country
India
Data Center
Short Name
NPDC
Long Name
National Polar Data Center, India
Mail Id
npdc@ncpor.res.in
Phone No
+91 - 832-2525515
Address
Headland Sada
City
Vasco-Da-Gama
State
Goa
Pin Code
403804
Country
India
Instrument Details
Short name
-
Long name
-
Location
Category
Region
Type
Antarctic
Subregion
Voyage and Maitri
Platform
Short name
-
Long name
-
Data
					Set Progress
Complete
close
save as pdf
If XML not opening,
Click Here!
If download not started,
Click Here!
Search
Quick Links
Contact Us
Data Policy & Guidelines
User Manual
Polar Directory
Data Submission
Common Project Proposal Form
Submit a New Data
For scholars
Dataset by Science Keywords
Dataset by Location
Observation Dataset
Quantarctica
Data Portal
Synoptic Data
Useful Links
Python
Ferret visualization
and analysis Tool
The R Project
© National Centre for Polar and Ocean Research
						(NCPOR), Ministry of Earth Sciences (MoES), Government of India"
Biological Classification,Animals/Invertebrates,Ms,https://npdc.ncpor.res.in/npdc/search_mf_data.action?search=title&expedition_type=Antarctic&parameter=MF-1563310994&userType=user&parameter1=Animals%2FInvertebrates,"META DATA SEARCH
Home
About
Data
Search For Datasets »
Browse by Keyword
Browse by Location
Data Availability
SOE : Scientific Voyage Details
Other Datasets »
Weather and Environment
Search AWS & Meteorological Datasets
Sagar Kanya Cruise Report
Surface Data at Maitri & Gangotri
Synoptic Data From Bharti Station (2016-21)
Submit Your Data »
New Datasets
Last Submitted Datasets
Other Data Links
Important links »
Polar View
NCMRWF - Southern Ocean
NCMRWF - Sea-ice Arctic
NCMRWF - Sea-ice Antarctic
Polar Directory
Search by Data Types
Free Text
Sign
					In
User Manual
Brief Record
Full Record
View XML
Export PDF
Get Data
Title
Arctic Zooplankton
Abstract
Zooplankton, the heterotrophic component of plankton, play a crucial role in aquatic ecosystems, serving as a vital link in the food web by transferring energy from primary producers (phytoplankton) to higher trophic levels, including fish and marine mammals. Their abundance and diversity are essential indicators of the health of marine ecosystems and the impacts of environmental changes, particularly in sensitive regions like the Arctic.
Purpose
Design and develop a low-cost, AI-based counting and classification system for zooplankton that utilizes high-resolution imaging technology to automate the identification process.
Basic Information
Release Date
:    21/11/2024
Originating Center
:
Data Set Progress
:    Complete
Data Set Language
:
ISO Topic Categories
Category
:   Biological Classification
Topic
:   Animals/Invertebrates
ISO Topic
:   Biota
Personnel
Role
:   PI
Name
:   Ms. Anupama   Jims
e-mail
:   anupamajims@gmail.com
Organisation
:   Chinmaya Vishwa Vidyapeeth(Deemed to be University)
Title
Arctic Zooplankton
Science Keywords
Category
Biological Classification
Topic
Animals/Invertebrates
ISO Topic
Biota
Expedition Year
2024-2025
Project Details
Project Number
1
Project Name
Analyzing Ocean-Atmosphere-Sea Ice-Snow Dynamics and Growth Patterns in the Ny-?lesund, Svalbard Region Using Advanced Neural Network Models
Summary
Abstract
Zooplankton, the heterotrophic component of plankton, play a crucial role in aquatic ecosystems, serving as a vital link in the food web by transferring energy from primary producers (phytoplankton) to higher trophic levels, including fish and marine mammals. Their abundance and diversity are essential indicators of the health of marine ecosystems and the impacts of environmental changes, particularly in sensitive regions like the Arctic.
Purpose
Design and develop a low-cost, AI-based counting and classification system for zooplankton that utilizes high-resolution imaging technology to automate the identification process.
Dataset Citation
Creator
Anupama Jims
Editor
Anupama Jims
Dataset Title
Ms
Series Name
1
Release Date
21/11/2024
Release Place
NCPOR, Goa
Version
V1
Online Resource
https://data.ncpor.res.in/static/datasets/biodiv_data.txt
Scientist Details
Role
PI
Name
Ms. Anupama   Jims
e-mail
anupamajims@gmail.com
Phone
7034961505
Mobile Number
7034961505
Institute /
Organization
Chinmaya Vishwa Vidyapeeth(Deemed to be University)
Address
Anupama Jims, PNRA 176 E, Prashanthi Nagar-5,Manimala Road, Edappally-682024
City
Eranakulam
State
Kerala
Postal Code
686667
Country
India
Data Center
Short Name
NPDC
Long Name
National Polar Data Center, India
Mail Id
npdc@ncpor.res.in
Phone No
+91 - 832-2525515
Address
Headland Sada
City
Vasco-Da-Gama
State
Goa
Pin Code
403804
Country
India
Instrument Details
Short name
PolarZoopScan
Long name
PolarZoopScan
Location
Category
Region
Type
Arctic
Subregion
Ny-Alesund
Platform
Short name
PolarZoopScan
Long name
MS Tiesten
Data
					Set Progress
Complete
close
save as pdf
If XML not opening,
Click Here!
If download not started,
Click Here!
Search
Quick Links
Contact Us
Data Policy & Guidelines
User Manual
Polar Directory
Data Submission
Common Project Proposal Form
Submit a New Data
For scholars
Dataset by Science Keywords
Dataset by Location
Observation Dataset
Quantarctica
Data Portal
Synoptic Data
Useful Links
Python
Ferret visualization
and analysis Tool
The R Project
© National Centre for Polar and Ocean Research
						(NCPOR), Ministry of Earth Sciences (MoES), Government of India"
Biological Classification,Animals/Invertebrates,An Investigation into Social Network of Animals in extreme environment of Antarctica and role of casual factors in defining social biology with special reference to Penguins.,https://npdc.ncpor.res.in/npdc/search_mf_data.action?search=title&expedition_type=Antarctic&parameter=MF-188035375&userType=user&parameter1=Animals%2FInvertebrates,"META DATA SEARCH
Home
About
Data
Search For Datasets »
Browse by Keyword
Browse by Location
Data Availability
SOE : Scientific Voyage Details
Other Datasets »
Weather and Environment
Search AWS & Meteorological Datasets
Sagar Kanya Cruise Report
Surface Data at Maitri & Gangotri
Synoptic Data From Bharti Station (2016-21)
Submit Your Data »
New Datasets
Last Submitted Datasets
Other Data Links
Important links »
Polar View
NCMRWF - Southern Ocean
NCMRWF - Sea-ice Arctic
NCMRWF - Sea-ice Antarctic
Polar Directory
Search by Data Types
Free Text
Sign
					In
User Manual
Brief Record
Full Record
View XML
Export PDF
Data pending
Title
An Investigation into Social Network of Animals in extreme environment of Antarctica and role of casual factors in defining social biology with special reference to Penguins.
Abstract
Penguins are one of the surviving animals- believed to be descendants of early birds in evolutionary history that thrived more than 60 million years.Availability of sufficient number in Antarctica rookeries will allow scientific investigation with sizable population size. With primitive brain structure  (without pre-frontal cortex) exhibiting an organized social system. Instinctive nature of their behavior. Similar areas between animal and human system.coexistence of  multiple behavioral strategies (games).
Purpose
Universal consciousness? Suitability of Penguins as biological model for studying instinctive behaviors/social-biology of animals.Evolutionarily stable strategy (ESS) of game theory. Swarm intelligence vis-?-vis copycat phenomenon.
Study co-existence of multiple behavioral strategies in a population possible. Brain imaging with nano scopy, OCT etc. Mapping of animal cognition through EEG etc.Validation of drone images with network data dynamics of the rookery. Bayesian network models in environmental and resource management.
Basic Information
Release Date
:    6/11/2021
Originating Center
:
Data Set Progress
:    Complete
Data Set Language
:
ISO Topic Categories
Category
:   Biological Classification
Topic
:   Animals/Invertebrates
ISO Topic
:   Biodiversity and Biotechnological Potential
Personnel
Role
:   principal Investigator
Name
:   Dr. parbir   Dastidar
e-mail
:   ictd@ncpor.res.in
Organisation
:   Ministry of Earth Sciences (MoES)
Title
An Investigation into Social Network of Animals in extreme environment of Antarctica and role of casual factors in defining social biology with special reference to Penguins.
Science Keywords
Category
Biological Classification
Topic
Animals/Invertebrates
ISO Topic
Biodiversity and Biotechnological Potential
Expedition Year
2019-2020
Project Details
Project Number
39-ESG/ETN-01 (03)
Project Name
An Investigation into Social Network of Animals in extreme environment of Antarctica and role of casual factors in defining social biology with special reference to Penguins.
Summary
Abstract
Penguins are one of the surviving animals- believed to be descendants of early birds in evolutionary history that thrived more than 60 million years.Availability of sufficient number in Antarctica rookeries will allow scientific investigation with sizable population size. With primitive brain structure  (without pre-frontal cortex) exhibiting an organized social system. Instinctive nature of their behavior. Similar areas between animal and human system.coexistence of  multiple behavioral strategies (games).
Purpose
Universal consciousness? Suitability of Penguins as biological model for studying instinctive behaviors/social-biology of animals.Evolutionarily stable strategy (ESS) of game theory. Swarm intelligence vis-?-vis copycat phenomenon.
Study co-existence of multiple behavioral strategies in a population possible. Brain imaging with nano scopy, OCT etc. Mapping of animal cognition through EEG etc.Validation of drone images with network data dynamics of the rookery. Bayesian network models in environmental and resource management.
Dataset Citation
Creator
Prabir Dastidar
Editor
Prabir Dastidar
Dataset Title
An Investigation into Social Network of Animals in extreme environment of Antarctica and role of casual factors in defining social biology with special reference to Penguins.
Series Name
1
Release Date
6/11/2021
Release Place
Goa
Version
1
Online Resource
Scientist Details
Role
principal Investigator
Name
Dr. parbir   Dastidar
e-mail
ictd@ncpor.res.in
Phone
9868543999
Mobile Number
9868543999
Institute /
Organization
Ministry of Earth Sciences (MoES)
Address
Prithvi Bhawan, opposite India Habitat Centre
Lodhi Road, New Delhi 110003
City
New Delh
State
Delhi
Postal Code
110003
Country
India
Data Center
Short Name
NPDC
Long Name
National Polar Data Center, India
Mail Id
npdc@ncpor.res.in
Phone No
+91 - 832-2525515
Address
Headland Sada
City
Vasco-Da-Gama
State
Goa
Pin Code
403804
Country
India
Instrument Details
Short name
-
Long name
-
Location
Category
Region
Type
Antarctic
Subregion
Voyage and Maitri
Platform
Short name
-
Long name
-
Data
					Set Progress
Complete
close
save as pdf
If XML not opening,
Click Here!
If download not started,
Click Here!
Search
Quick Links
Contact Us
Data Policy & Guidelines
User Manual
Polar Directory
Data Submission
Common Project Proposal Form
Submit a New Data
For scholars
Dataset by Science Keywords
Dataset by Location
Observation Dataset
Quantarctica
Data Portal
Synoptic Data
Useful Links
Python
Ferret visualization
and analysis Tool
The R Project
© National Centre for Polar and Ocean Research
						(NCPOR), Ministry of Earth Sciences (MoES), Government of India"
Biological Classification,Animals/Invertebrates,Dr,https://npdc.ncpor.res.in/npdc/search_mf_data.action?search=title&expedition_type=Antarctic&parameter=MF-2102837063&userType=user&parameter1=Animals%2FInvertebrates,"META DATA SEARCH
Home
About
Data
Search For Datasets »
Browse by Keyword
Browse by Location
Data Availability
SOE : Scientific Voyage Details
Other Datasets »
Weather and Environment
Search AWS & Meteorological Datasets
Sagar Kanya Cruise Report
Surface Data at Maitri & Gangotri
Synoptic Data From Bharti Station (2016-21)
Submit Your Data »
New Datasets
Last Submitted Datasets
Other Data Links
Important links »
Polar View
NCMRWF - Southern Ocean
NCMRWF - Sea-ice Arctic
NCMRWF - Sea-ice Antarctic
Polar Directory
Search by Data Types
Free Text
Sign
					In
User Manual
Brief Record
Full Record
View XML
Export PDF
Data pending
Title
Underwater footages of the Arctic fjord system
Abstract
The proposed project consists of phases such as fish image collection, pre-processing, frame extraction, annotation (labeling), training and validation of the AI model, fish detection, fish type classification, addition of fish information into databases and climate migration & correlation study.
Purpose
&#10146;	Deployment of automated long-term monitoring of the Arctic fish biodiversity employing the aforementioned technology to elucidate the impacts of climate change and other stressors on the Arctic fish community, thus enabling to formulate suitable ecosystem conservation and management strategies.
Basic Information
Release Date
:    21/11/2024
Originating Center
:
Data Set Progress
:    Complete
Data Set Language
:
ISO Topic Categories
Category
:   Biological Classification
Topic
:   Animals/Invertebrates
ISO Topic
:   Biota
Personnel
Role
:   PI
Name
:   Dr. Felix  M Philip
e-mail
:   m.felix@jainuniversity.ac.in
Organisation
:   JAIN (Deemed-to-be-University)
Title
Underwater footages of the Arctic fjord system
Science Keywords
Category
Biological Classification
Topic
Animals/Invertebrates
ISO Topic
Biota
Expedition Year
2024-2025
Project Details
Project Number
3
Project Name
Biodiversity assessment and documentation of the Polar habitat employing Fire Hawk honey badger optimization enabled deep learning
Summary
Abstract
The proposed project consists of phases such as fish image collection, pre-processing, frame extraction, annotation (labeling), training and validation of the AI model, fish detection, fish type classification, addition of fish information into databases and climate migration & correlation study.
Purpose
&#10146;	Deployment of automated long-term monitoring of the Arctic fish biodiversity employing the aforementioned technology to elucidate the impacts of climate change and other stressors on the Arctic fish community, thus enabling to formulate suitable ecosystem conservation and management strategies.
Dataset Citation
Creator
Felix M Philip
Editor
Felix M Philip
Dataset Title
Dr
Series Name
1
Release Date
21/11/2024
Release Place
NCPOR, Goa
Version
V2
Online Resource
Scientist Details
Role
PI
Name
Dr. Felix  M Philip
e-mail
m.felix@jainuniversity.ac.in
Phone
09846464673
Mobile Number
9846464673
Institute /
Organization
JAIN (Deemed-to-be-University)
Address
JAIN(Deemed-to-be University),Kakkanad, Kochi - 682042
City
Cochin
State
Kerala
Postal Code
682030
Country
India
Data Center
Short Name
NPDC
Long Name
National Polar Data Center, India
Mail Id
npdc@ncpor.res.in
Phone No
+91 - 832-2525515
Address
Headland Sada
City
Vasco-Da-Gama
State
Goa
Pin Code
403804
Country
India
Instrument Details
Short name
GoPro
Long name
GoPro HERO11 Black
Location
Category
Region
Type
Arctic
Subregion
Ny-Alesund
Platform
Short name
Boat
Long name
MS Tiesten
Data
					Set Progress
Complete
close
save as pdf
If XML not opening,
Click Here!
If download not started,
Click Here!
Search
Quick Links
Contact Us
Data Policy & Guidelines
User Manual
Polar Directory
Data Submission
Common Project Proposal Form
Submit a New Data
For scholars
Dataset by Science Keywords
Dataset by Location
Observation Dataset
Quantarctica
Data Portal
Synoptic Data
Useful Links
Python
Ferret visualization
and analysis Tool
The R Project
© National Centre for Polar and Ocean Research
						(NCPOR), Ministry of Earth Sciences (MoES), Government of India"
Biological Classification,Animals/Invertebrates,Assistant Professor,https://npdc.ncpor.res.in/npdc/search_mf_data.action?search=title&expedition_type=Antarctic&parameter=MF466888319&userType=user&parameter1=Animals%2FInvertebrates,"META DATA SEARCH
Home
About
Data
Search For Datasets »
Browse by Keyword
Browse by Location
Data Availability
SOE : Scientific Voyage Details
Other Datasets »
Weather and Environment
Search AWS & Meteorological Datasets
Sagar Kanya Cruise Report
Surface Data at Maitri & Gangotri
Synoptic Data From Bharti Station (2016-21)
Submit Your Data »
New Datasets
Last Submitted Datasets
Other Data Links
Important links »
Polar View
NCMRWF - Southern Ocean
NCMRWF - Sea-ice Arctic
NCMRWF - Sea-ice Antarctic
Polar Directory
Search by Data Types
Free Text
Sign
					In
User Manual
Brief Record
Full Record
View XML
Export PDF
Get Data
Title
Benthic community structure from the Indian sector of Southern Ocean
Abstract
This study examines benthic community patterns and their response to environmental factors in Prydz Bay, incorporating trait-based functional diversity. Samples from 11th Indian Southern Ocean Expedition revealed macrobenthos abundance of 0?1592 indv.m&#8315;? and biomass of 0?1210.2 g m&#8315;?,while meiofaunal abundance at 24?521 indv.10 cm&#8315;?. Macrobenthos included 57 species from 8 phyla, dominated by Lumbrineridae, Glyceridae, while meiobenthos included 9 taxa with dominance of nematodes. 86 free-living nematode species were identified, with Sabatieria as the prevalent genus. Canonical Correspondence Analysis linked species composition to clay %, depth, and sediment organic carbon. Biological Trait Analysis highlighted traits like motility, burrowing, and predatory strategies in macrobenthos, and slender morphology and deposit-feeding in nematodes. RLQ analysis showed habitat-specific trait associations, enhancing understanding of benthic diversity and environmental
Purpose
To document the benthic diversity (taxonomic and functional) along the coastal waters of the Southern Ocean (especially coastal areas, Prydz Bay).
To identify the environmental factors especially edaphic factors that determine the benthic diversity patterns in this habitat.
The role of benthic fauna in ecosystem functioning was assessed by the relative contribution of benthos to secondary production.
Basic Information
Release Date
:    22/11/2024
Originating Center
:
Data Set Progress
:    Complete
Data Set Language
:
ISO Topic Categories
Category
:   Biological Classification
Topic
:   Animals/Invertebrates
ISO Topic
:   Biota
Personnel
Role
:   Principle Investigator
Name
:   Dr. Sumit   Mandal
e-mail
:   sumit.dbs@presiuniv.ac.in
Organisation
:   Presidency University
Title
Benthic community structure from the Indian sector of Southern Ocean
Science Keywords
Category
Biological Classification
Topic
Animals/Invertebrates
ISO Topic
Biota
Expedition Year
2019-2020
Project Details
Project Number
HRA-11019/1/2019-ADMIN-NCPOR_DR. SUMIT MANDAL
Project Name
Macrobenthic community structure and climate change mediated stresses on their physiological performances from the Indian sector of Southern Ocean during austral summer.
Summary
Abstract
This study examines benthic community patterns and their response to environmental factors in Prydz Bay, incorporating trait-based functional diversity. Samples from 11th Indian Southern Ocean Expedition revealed macrobenthos abundance of 0?1592 indv.m&#8315;? and biomass of 0?1210.2 g m&#8315;?,while meiofaunal abundance at 24?521 indv.10 cm&#8315;?. Macrobenthos included 57 species from 8 phyla, dominated by Lumbrineridae, Glyceridae, while meiobenthos included 9 taxa with dominance of nematodes. 86 free-living nematode species were identified, with Sabatieria as the prevalent genus. Canonical Correspondence Analysis linked species composition to clay %, depth, and sediment organic carbon. Biological Trait Analysis highlighted traits like motility, burrowing, and predatory strategies in macrobenthos, and slender morphology and deposit-feeding in nematodes. RLQ analysis showed habitat-specific trait associations, enhancing understanding of benthic diversity and environmental
Purpose
To document the benthic diversity (taxonomic and functional) along the coastal waters of the Southern Ocean (especially coastal areas, Prydz Bay).
To identify the environmental factors especially edaphic factors that determine the benthic diversity patterns in this habitat.
The role of benthic fauna in ecosystem functioning was assessed by the relative contribution of benthos to secondary production.
Dataset Citation
Creator
Dr Sumit Mandal
Editor
Dr Sumit Mandal
Dataset Title
Assistant Professor
Series Name
Benthic community structure
Release Date
22/11/2024
Release Place
Presidency University, Kolkata
Version
Online Resource
https://data.ncpor.res.in/static/datasets/MF466888319_soe11_actual_data.pdf
Scientist Details
Role
Principle Investigator
Name
Dr. Sumit   Mandal
e-mail
sumit.dbs@presiuniv.ac.in
Phone
913340529885
Mobile Number
9007230148
Institute /
Organization
Presidency University
Address
Marine Ecology Laboratory, Department of Life Sciences, Presidency University, 86/1, College Street, Kolkata - 700 073, India
City
Kolkata
State
West Bengal
Postal Code
700073
Country
India
Data Center
Short Name
NPDC
Long Name
National Polar Data Center, India
Mail Id
npdc@ncpor.res.in
Phone No
+91 - 832-2525515
Address
Headland Sada
City
Vasco-Da-Gama
State
Goa
Pin Code
403804
Country
India
Instrument Details
Short name
Box corer, Handheld zooplankton net, , Hand-held acrylic corer and pusher, Sieve (63&#956;m and 500&#956;m),
Long name
Box corer, Hand-held acrylic corer and pusher, Sieve (63&#956;m and 500&#956;m),
Location
Category
Region
Type
Southern Ocean
Subregion
Indian Ocean Sector
Platform
Short name
ISSO
Long name
Prydz Bay, Indian Sector of Southern Ocean
Data
					Set Progress
Complete
close
save as pdf
If XML not opening,
Click Here!
If download not started,
Click Here!
Search
Quick Links
Contact Us
Data Policy & Guidelines
User Manual
Polar Directory
Data Submission
Common Project Proposal Form
Submit a New Data
For scholars
Dataset by Science Keywords
Dataset by Location
Observation Dataset
Quantarctica
Data Portal
Synoptic Data
Useful Links
Python
Ferret visualization
and analysis Tool
The R Project
© National Centre for Polar and Ocean Research
						(NCPOR), Ministry of Earth Sciences (MoES), Government of India"
Biological Classification,Animals/Invertebrates,Images of Underwater Species,https://npdc.ncpor.res.in/npdc/search_mf_data.action?search=title&expedition_type=Antarctic&parameter=MF-470699660&userType=user&parameter1=Animals%2FInvertebrates,"META DATA SEARCH
Home
About
Data
Search For Datasets »
Browse by Keyword
Browse by Location
Data Availability
SOE : Scientific Voyage Details
Other Datasets »
Weather and Environment
Search AWS & Meteorological Datasets
Sagar Kanya Cruise Report
Surface Data at Maitri & Gangotri
Synoptic Data From Bharti Station (2016-21)
Submit Your Data »
New Datasets
Last Submitted Datasets
Other Data Links
Important links »
Polar View
NCMRWF - Southern Ocean
NCMRWF - Sea-ice Arctic
NCMRWF - Sea-ice Antarctic
Polar Directory
Search by Data Types
Free Text
Sign
					In
User Manual
Brief Record
Full Record
View XML
Export PDF
Get Data
Title
Automated framework for detection and documentation of finfish biodiversity change of the Polar habitat using AI based deep learning models
Abstract
Automated framework for detection and documentation of finfish biodiversity change of the Polar habitat using AI based deep learning models
Purpose
AI based deep learning models for detection and documentation of species. Permanent deployment system for collecting underwater footage.
Basic Information
Release Date
:    8/07/2024
Originating Center
:
Data Set Progress
:    Complete
Data Set Language
:
ISO Topic Categories
Category
:   Biological Classification
Topic
:   Animals/Invertebrates
ISO Topic
:   Biota
Personnel
Role
:   PI
Name
:   Dr. Felix    M Philip
e-mail
:   m.felix@jainuniversity.ac.in
Organisation
:   JAIN (Deemed to be University)
Title
Automated framework for detection and documentation of finfish biodiversity change of the Polar habitat using AI based deep learning models
Science Keywords
Category
Biological Classification
Topic
Animals/Invertebrates
ISO Topic
Biota
Expedition Year
2023-2024
Project Details
Project Number
19
Project Name
Automated framework for detection and documentation of finfish biodiversity change of the Polar habitat using AI based deep learning models
Summary
Abstract
Automated framework for detection and documentation of finfish biodiversity change of the Polar habitat using AI based deep learning models
Purpose
AI based deep learning models for detection and documentation of species. Permanent deployment system for collecting underwater footage.
Dataset Citation
Creator
Dr Felix M Philip
Editor
Dr Felix M Philip
Dataset Title
Images of Underwater Species
Series Name
02
Release Date
8/07/2024
Release Place
NCPOR Goa
Version
1
Online Resource
https://data.ncpor.res.in/static/datasets/finfish_biodiversity_arctic.zip
Scientist Details
Role
PI
Name
Dr. Felix    M Philip
e-mail
m.felix@jainuniversity.ac.in
Phone
9846464673
Mobile Number
9846464673
Institute /
Organization
JAIN (Deemed to be University)
Address
Bangalore
City
Bangalore
State
Karnataka
Postal Code
560027
Country
India
Data Center
Short Name
NPDC
Long Name
National Polar Data Center, India
Mail Id
npdc@ncpor.res.in
Phone No
+91 - 832-2525515
Address
Headland Sada
City
Vasco-Da-Gama
State
Goa
Pin Code
403804
Country
India
Instrument Details
Short name
GoPro
Long name
GoPro HERO11 Black camera, Fish Trap
Location
Category
Region
Type
Arctic
Subregion
Kongsfjorden
Platform
Short name
GoPro HERO11 Black camera, Fish Trap
Long name
GoPro HERO11 Black camera, Fish Trap
Data
					Set Progress
Complete
close
save as pdf
If XML not opening,
Click Here!
If download not started,
Click Here!
Search
Quick Links
Contact Us
Data Policy & Guidelines
User Manual
Polar Directory
Data Submission
Common Project Proposal Form
Submit a New Data
For scholars
Dataset by Science Keywords
Dataset by Location
Observation Dataset
Quantarctica
Data Portal
Synoptic Data
Useful Links
Python
Ferret visualization
and analysis Tool
The R Project
© National Centre for Polar and Ocean Research
						(NCPOR), Ministry of Earth Sciences (MoES), Government of India"
Paleoclimate,Cryosphere,Dr,https://npdc.ncpor.res.in/npdc/search_mf_data.action?search=title&expedition_type=Antarctic&parameter=MF-330539663&userType=user&parameter1=Cryosphere,"META DATA SEARCH
Home
About
Data
Search For Datasets »
Browse by Keyword
Browse by Location
Data Availability
SOE : Scientific Voyage Details
Other Datasets »
Weather and Environment
Search AWS & Meteorological Datasets
Sagar Kanya Cruise Report
Surface Data at Maitri & Gangotri
Synoptic Data From Bharti Station (2016-21)
Submit Your Data »
New Datasets
Last Submitted Datasets
Other Data Links
Important links »
Polar View
NCMRWF - Southern Ocean
NCMRWF - Sea-ice Arctic
NCMRWF - Sea-ice Antarctic
Polar Directory
Search by Data Types
Free Text
Sign
					In
User Manual
Brief Record
Full Record
View XML
Export PDF
Get Data
Title
IND-25 /B5- ICE CORE DATA FROM CENTRAL DRONNING MAUD LAND, EAST ANTARCTICA
Abstract
Ice core provide one of the most direct climatic proxy records. Ice core are cylinders of ice drilled out from ice sheet or glaciers. Ice cores contain an abundance of information about climate. Inclusions in the snow of each year remain in the ice, such as wind-blown dust, ash, bubbles of atmospheric gas and radioactive substances. An ice core from the right site can be used to reconstruct an uninterrupted and detailed climate record extending over hundreds of thousands of years, providing information on a wide variety of aspects of climate at each point in time. These recorded atmospheric signatures in the ice make the ice cores such a powerful tool in paleoclimate research.
Purpose
The aim of the ice core database is to improve the accessibility of the data to researchers, scientific administration and policy makers.
Basic Information
Release Date
:    11/11/2019
Originating Center
:
Data Set Progress
:    Complete
Data Set Language
:
ISO Topic Categories
Category
:   Paleoclimate
Topic
:   Cryosphere
ISO Topic
:   Major ions
Personnel
Role
:   Co Principal Investigator
Name
:   Dr. LALURAJ   C M
e-mail
:   lalucm@gmail.com
Organisation
:   National Centre for Polar and Ocean Research (NCPOR)
Title
IND-25 /B5- ICE CORE DATA FROM CENTRAL DRONNING MAUD LAND, EAST ANTARCTICA
Science Keywords
Category
Paleoclimate
Topic
Cryosphere
ISO Topic
Major ions
Expedition Year
2005-2006
Project Details
Project Number
20500
Project Name
CRYOSPHERE & CLIMATE
Summary
Abstract
Ice core provide one of the most direct climatic proxy records. Ice core are cylinders of ice drilled out from ice sheet or glaciers. Ice cores contain an abundance of information about climate. Inclusions in the snow of each year remain in the ice, such as wind-blown dust, ash, bubbles of atmospheric gas and radioactive substances. An ice core from the right site can be used to reconstruct an uninterrupted and detailed climate record extending over hundreds of thousands of years, providing information on a wide variety of aspects of climate at each point in time. These recorded atmospheric signatures in the ice make the ice cores such a powerful tool in paleoclimate research.
Purpose
The aim of the ice core database is to improve the accessibility of the data to researchers, scientific administration and policy makers.
Dataset Citation
Creator
National Centre for Polar  Ocean Research
Editor
Thamban Meloth
Dataset Title
Dr
Series Name
IND 25/B4 Ice core
Release Date
11/11/2019
Release Place
Goa
Version
Online Resource
http://data.ncpor.res.in/static/datasets/ICE_CORE_25_B4.pdf
Scientist Details
Role
Co Principal Investigator
Name
Dr. LALURAJ   C M
e-mail
lalucm@gmail.com
Phone
08322525641
Mobile Number
09423889311
Institute /
Organization
National Centre for Polar and Ocean Research (NCPOR)
Address
HEADLAND SADA
City
VASCO DA GAMA
State
Goa
Postal Code
403804
Country
India
Data Center
Short Name
NPDC
Long Name
National Polar Data Center, India
Mail Id
npdc@ncpor.res.in
Phone No
+91 - 832-2525515
Address
Headland Sada
City
Vasco-Da-Gama
State
Goa
Pin Code
403804
Country
India
Instrument Details
Short name
Electromechanical ice core drilling system
Long name
Electromechanical ice core drilling system (Model D2, Geotec, Japan).
Location
Category
Region
Type
Antarctic
Subregion
Maitri
Data Resolution
Latitude Resolution
70
o
20'   ""
Longitude Resolution
11
o
35'   ""
Horizontal Resolution Range
Vertical Resolution
Vertical Resolution Range
Temporal Resolution
Temporal Resolution Range
Platform
Short name
ICE CORE DATA
Long name
&#61540;18O and &#61540;D, Major ions (Cl-, Br-, MSA, NO3-,SO42-,Na+,K+,Ca2+, Mg2+,NH4+), Dust concentration
Data
					Set Progress
Complete
close
save as pdf
If XML not opening,
Click Here!
If download not started,
Click Here!
Search
Quick Links
Contact Us
Data Policy & Guidelines
User Manual
Polar Directory
Data Submission
Common Project Proposal Form
Submit a New Data
For scholars
Dataset by Science Keywords
Dataset by Location
Observation Dataset
Quantarctica
Data Portal
Synoptic Data
Useful Links
Python
Ferret visualization
and analysis Tool
The R Project
© National Centre for Polar and Ocean Research
						(NCPOR), Ministry of Earth Sciences (MoES), Government of India"
Paleoclimate,Cryosphere,Drilling for Polar Continental Ice-cores Between Nunataks Veteheia and Tallaksenvarden in East Antarctica.,https://npdc.ncpor.res.in/npdc/search_mf_data.action?search=title&expedition_type=Antarctic&parameter=MF627317396&userType=user&parameter1=Cryosphere,"META DATA SEARCH
Home
About
Data
Search For Datasets »
Browse by Keyword
Browse by Location
Data Availability
SOE : Scientific Voyage Details
Other Datasets »
Weather and Environment
Search AWS & Meteorological Datasets
Sagar Kanya Cruise Report
Surface Data at Maitri & Gangotri
Synoptic Data From Bharti Station (2016-21)
Submit Your Data »
New Datasets
Last Submitted Datasets
Other Data Links
Important links »
Polar View
NCMRWF - Southern Ocean
NCMRWF - Sea-ice Arctic
NCMRWF - Sea-ice Antarctic
Polar Directory
Search by Data Types
Free Text
Sign
					In
User Manual
Brief Record
Full Record
View XML
Export PDF
Get Data
Title
Drilling for Polar Continental Ice-cores Between Nunataks Veteheia and Tallaksenvarden in East Antarctica.
Abstract
The palaeoclimatic record of past several thousand years is preserved in the Antarctic ice sheet as atmospheric air, gases, pollen, dust, volcanic emissions, pollutants. The 180 content of ice shows a general linear relationship with prevalent surface air temperature, thus it is possible to establish a palaeotemperature vs isotope curve. It is necessary to recover continuous ice cores from deeper levels to unravel this palaeoclimatic information..Ice core drilling was done in the 15th Indian Antarctic Expedition in 1996. The effort was successful in touching the bedrock of the glacier at 76 m depth, drilling through its entire thickness. Brittle core was encountered near the bedrock. In the same polar season, a second borehole was drilled at a higher elevation in the continental interior, which generated continuous ice cores upto a depth of 84 m. Core from both the boreholes has been logged for physical parameters. The average density of the core from the first borehole is 0.89 gm/em3
Purpose
About 98% of the continent of Antarctica is covered by ice. Within the ice, in the form of air bubbles, inclusions and isotopes is preserved the palaeoclimatic record of past several thousand years as atmospheric air, gases, pollen, dust, volcanic emissions, pollutants etc. The 18 0 content of snow shows a general linear relationship with surface air temperature, making it possible to establish a temperature-isotope equation. Again, since the temperatures in polar regions reflect the pronounced changes in seasonal patterns, it is possible to find out if the snow fell in summer or winter. Thus, by counting the thermal layers, it becomes possible to date the ice from depths. To unravel all this palaeoclimatic information, it is necessary to raise ice core samples from deeper levels of the glaciers or ice sheet. A small capacity, cable suspended, dry-electromechanical, Japanese drilling machine was used during the 15 expedition in 1996. Two boreholes were drilled in polar continental ice.
Basic Information
Release Date
:    17/09/2020
Originating Center
:
Data Set Progress
:    Complete
Data Set Language
:
ISO Topic Categories
Category
:   Paleoclimate
Topic
:   Cryosphere
ISO Topic
:   Geodesy
Personnel
Role
:   Principal Investigator
Name
:   Dr. Arun   Chaturvedi
e-mail
:   amit.dharwadkar@gsi.gov.in
Organisation
:   Geological Survey of India (GSI)
Title
Drilling for Polar Continental Ice-cores Between Nunataks Veteheia and Tallaksenvarden in East Antarctica.
Science Keywords
Category
Paleoclimate
Topic
Cryosphere
ISO Topic
Geodesy
Expedition Year
1995-1996
Project Details
Project Number
11
Project Name
Drilling for Polar Continental Ice-cores Between Nunataks Veteheia and Tallaksenvarden in East Antarctica.
Summary
Abstract
The palaeoclimatic record of past several thousand years is preserved in the Antarctic ice sheet as atmospheric air, gases, pollen, dust, volcanic emissions, pollutants. The 180 content of ice shows a general linear relationship with prevalent surface air temperature, thus it is possible to establish a palaeotemperature vs isotope curve. It is necessary to recover continuous ice cores from deeper levels to unravel this palaeoclimatic information..Ice core drilling was done in the 15th Indian Antarctic Expedition in 1996. The effort was successful in touching the bedrock of the glacier at 76 m depth, drilling through its entire thickness. Brittle core was encountered near the bedrock. In the same polar season, a second borehole was drilled at a higher elevation in the continental interior, which generated continuous ice cores upto a depth of 84 m. Core from both the boreholes has been logged for physical parameters. The average density of the core from the first borehole is 0.89 gm/em3
Purpose
About 98% of the continent of Antarctica is covered by ice. Within the ice, in the form of air bubbles, inclusions and isotopes is preserved the palaeoclimatic record of past several thousand years as atmospheric air, gases, pollen, dust, volcanic emissions, pollutants etc. The 18 0 content of snow shows a general linear relationship with surface air temperature, making it possible to establish a temperature-isotope equation. Again, since the temperatures in polar regions reflect the pronounced changes in seasonal patterns, it is possible to find out if the snow fell in summer or winter. Thus, by counting the thermal layers, it becomes possible to date the ice from depths. To unravel all this palaeoclimatic information, it is necessary to raise ice core samples from deeper levels of the glaciers or ice sheet. A small capacity, cable suspended, dry-electromechanical, Japanese drilling machine was used during the 15 expedition in 1996. Two boreholes were drilled in polar continental ice.
Dataset Citation
Creator
Arun Chaturvedi
Editor
Arun Chaturvedi
Dataset Title
Drilling for Polar Continental Ice-cores Between Nunataks Veteheia and Tallaksenvarden in East Antarctica.
Series Name
1
Release Date
17/09/2020
Release Place
Goa
Version
1
Online Resource
http://14.139.119.23:8080/dspace/bitstream/123456789/465/3/ARTICLE+21.pdf
Scientist Details
Role
Principal Investigator
Name
Dr. Arun   Chaturvedi
e-mail
amit.dharwadkar@gsi.gov.in
Phone
8322525515
Mobile Number
8322525515
Institute /
Organization
Geological Survey of India (GSI)
Address
5R60, Block 1, New Industrial Twp 5, New Industrial Town, Faridabad, Haryana 121001.
City
Faridabad
State
Haryana
Postal Code
121001
Country
India
Data Center
Short Name
NPDC
Long Name
National Polar Data Center, India
Mail Id
npdc@ncpor.res.in
Phone No
+91 - 832-2525515
Address
Headland Sada
City
Vasco-Da-Gama
State
Goa
Pin Code
403804
Country
India
Instrument Details
Short name
-
Long name
-
Location
Category
Region
Type
Antarctic
Subregion
Maitri
Platform
Short name
-
Long name
-
Data
					Set Progress
Complete
close
save as pdf
If XML not opening,
Click Here!
If download not started,
Click Here!
Search
Quick Links
Contact Us
Data Policy & Guidelines
User Manual
Polar Directory
Data Submission
Common Project Proposal Form
Submit a New Data
For scholars
Dataset by Science Keywords
Dataset by Location
Observation Dataset
Quantarctica
Data Portal
Synoptic Data
Useful Links
Python
Ferret visualization
and analysis Tool
The R Project
© National Centre for Polar and Ocean Research
						(NCPOR), Ministry of Earth Sciences (MoES), Government of India"
Paleoclimate,Cryosphere,"IND-33 /B8- ICE CORE DATA FROM CENTRAL DRONNING MAUD LAND, EAST ANTARCTICA",https://npdc.ncpor.res.in/npdc/search_mf_data.action?search=title&expedition_type=Antarctic&parameter=MF-699452213&userType=user&parameter1=Cryosphere,"META DATA SEARCH
Home
About
Data
Search For Datasets »
Browse by Keyword
Browse by Location
Data Availability
SOE : Scientific Voyage Details
Other Datasets »
Weather and Environment
Search AWS & Meteorological Datasets
Sagar Kanya Cruise Report
Surface Data at Maitri & Gangotri
Synoptic Data From Bharti Station (2016-21)
Submit Your Data »
New Datasets
Last Submitted Datasets
Other Data Links
Important links »
Polar View
NCMRWF - Southern Ocean
NCMRWF - Sea-ice Arctic
NCMRWF - Sea-ice Antarctic
Polar Directory
Search by Data Types
Free Text
Sign
					In
User Manual
Brief Record
Full Record
View XML
Export PDF
Get Data
Title
ICE CORE (IND-33 /B8 ) Data from Central Dronning Maud Land, East Antarctica
Abstract
During 33rd Indian Scientific Expedition to Antarctica (austral summer 2013&#61485;14), a 101.4 m long ice core retrieved from the central DML region (location: 71? 30&#8242; 36&#8242;&#8242; S and 10? 09&#8242; 36&#8242;&#8242;; elevation: 1470 m). To understand the regional climate variability, surface air temperature (SAT) of DML region and sea ice variability in the proximal oceanic sectors, we have used the oxygen isotopic record of IND33 ice for the last two centuries. We provide the long-term sea-ice record derived from the oxygen isotopic record of the IND33 ice core for the past two centuries at the annual resolution. Ice core derived sea ice record mainly influenced by the wind-driven sea-ice dynamics related to the positive shifting of Southern Annular Mode (SAM) and increasing ENSO events.
Purpose
The aim of the ice core database is to improve the accessibility of the data to researchers, scientific administration and policymakers.
Basic Information
Release Date
:    16/11/2021
Originating Center
:
Data Set Progress
:    Complete
Data Set Language
:
ISO Topic Categories
Category
:   Paleoclimate
Topic
:   Cryosphere
ISO Topic
:   Stable Isotope
Personnel
Role
:   Team Member
Name
:   Mr. TARIQ   EJAZ
e-mail
:   tariqejaz94@gmail.com
Organisation
:   National Centre for Polar Ocean Research (NCPOR)
Title
ICE CORE (IND-33 /B8 ) Data from Central Dronning Maud Land, East Antarctica
Science Keywords
Category
Paleoclimate
Topic
Cryosphere
ISO Topic
Stable Isotope
Expedition Year
2013-2014
Project Details
Project Number
20500
Project Name
CRYOSPHERE & CLIMATE
Summary
Abstract
During 33rd Indian Scientific Expedition to Antarctica (austral summer 2013&#61485;14), a 101.4 m long ice core retrieved from the central DML region (location: 71? 30&#8242; 36&#8242;&#8242; S and 10? 09&#8242; 36&#8242;&#8242;; elevation: 1470 m). To understand the regional climate variability, surface air temperature (SAT) of DML region and sea ice variability in the proximal oceanic sectors, we have used the oxygen isotopic record of IND33 ice for the last two centuries. We provide the long-term sea-ice record derived from the oxygen isotopic record of the IND33 ice core for the past two centuries at the annual resolution. Ice core derived sea ice record mainly influenced by the wind-driven sea-ice dynamics related to the positive shifting of Southern Annular Mode (SAM) and increasing ENSO events.
Purpose
The aim of the ice core database is to improve the accessibility of the data to researchers, scientific administration and policymakers.
Dataset Citation
Creator
National Centre for Polar Ocean Research
Editor
Thamban Meloth
Dataset Title
IND-33 /B8- ICE CORE DATA FROM CENTRAL DRONNING MAUD LAND, EAST ANTARCTICA
Series Name
IND 33/B8 Ice core
Release Date
16/11/2021
Release Place
Goa
Version
Online Resource
http://ramadda.npdc.ncpor.res.in/repository/entry/show?entryid=a9bcd8a3-7417-4bad-bd1e-44ecf1b8ad69
Scientist Details
Role
Team Member
Name
Mr. TARIQ   EJAZ
e-mail
tariqejaz94@gmail.com
Phone
08145874759
Mobile Number
8145874759
Institute /
Organization
National Centre for Polar Ocean Research (NCPOR)
Address
Headland Sada
Vasco Da Gama
City
Vasco Da Gama
State
Goa
Postal Code
403804
Country
India
Data Center
Short Name
NPDC
Long Name
National Polar Data Center, India
Mail Id
npdc@ncpor.res.in
Phone No
+91 - 832-2525515
Address
Headland Sada
City
Vasco-Da-Gama
State
Goa
Pin Code
403804
Country
India
Instrument Details
Short name
Electromechanical ice core drilling system
Long name
Electromechanical ice core drilling system (Model D2, Geotec, Japan).
Location
Category
Region
Type
Antarctic
Subregion
Maitri
Data Resolution
Latitude Resolution
71
o
30'   36""
Longitude Resolution
10
o
09'   36""
Horizontal Resolution Range
Vertical Resolution
Vertical Resolution Range
Temporal Resolution
Temporal Resolution Range
Platform
Short name
ICE CORE DATA
Long name
Oxygen Isotope Data
Data
					Set Progress
Complete
close
save as pdf
If XML not opening,
Click Here!
If download not started,
Click Here!
Search
Quick Links
Contact Us
Data Policy & Guidelines
User Manual
Polar Directory
Data Submission
Common Project Proposal Form
Submit a New Data
For scholars
Dataset by Science Keywords
Dataset by Location
Observation Dataset
Quantarctica
Data Portal
Synoptic Data
Useful Links
Python
Ferret visualization
and analysis Tool
The R Project
© National Centre for Polar and Ocean Research
						(NCPOR), Ministry of Earth Sciences (MoES), Government of India"
Paleoclimate,Cryosphere,Dr,https://npdc.ncpor.res.in/npdc/search_mf_data.action?search=title&expedition_type=Antarctic&parameter=MF92770072&userType=user&parameter1=Cryosphere,"META DATA SEARCH
Home
About
Data
Search For Datasets »
Browse by Keyword
Browse by Location
Data Availability
SOE : Scientific Voyage Details
Other Datasets »
Weather and Environment
Search AWS & Meteorological Datasets
Sagar Kanya Cruise Report
Surface Data at Maitri & Gangotri
Synoptic Data From Bharti Station (2016-21)
Submit Your Data »
New Datasets
Last Submitted Datasets
Other Data Links
Important links »
Polar View
NCMRWF - Southern Ocean
NCMRWF - Sea-ice Arctic
NCMRWF - Sea-ice Antarctic
Polar Directory
Search by Data Types
Free Text
Sign
					In
User Manual
Brief Record
Full Record
View XML
Export PDF
Get Data
Title
Ice Core Drilling in coastal region of the Ice Shelf near Dakshin Gangotri station, East Antarctica
Abstract
Ice core provide one of the most direct climatic proxy records. Ice core are cylinders of ice drilled out from ice sheet or glaciers. Ice cores contain an abundance of information about climate. Inclusions in the snow of each year remain in the ice, such as wind-blown dust, ash, bubbles of atmospheric gas and radioactive substances. An ice core from the right site can be used to reconstruct an uninterrupted and detailed climate record extending over hundreds of thousands of years, providing information on a wide variety of aspects of climate at each point in time. These recorded atmospheric signatures in the ice make the ice cores such a powerful tool in paleoclimate research. Ice core division of NCAOR has collected several ice cores from coastal Dronning Maud Land, East Antarctica. The details of the ice cores collected and the parameters analysed are presented here.
Purpose
The aim of the ice core database is to improve the accessibility of the data to researchers, scientific administration and policy makers.
Basic Information
Release Date
:    24/01/2020
Originating Center
:
Data Set Progress
:    In Work
Data Set Language
:
ISO Topic Categories
Category
:   Paleoclimate
Topic
:   Cryosphere
ISO Topic
:   Major ions
Personnel
Role
:   Co Principal Investigator
Name
:   Dr. Laluraj  C C M
e-mail
:   lalucm@gmail.com
Organisation
:   National Centre for Polar and Ocean Research (NCPOR)
Title
Ice Core Drilling in coastal region of the Ice Shelf near Dakshin Gangotri station, East Antarctica
Science Keywords
Category
Paleoclimate
Topic
Cryosphere
ISO Topic
Major ions
Expedition Year
2007-2008
Project Details
Project Number
ESG-6
Project Name
CRYOSPHERE & CLIMATE
Summary
Abstract
Ice core provide one of the most direct climatic proxy records. Ice core are cylinders of ice drilled out from ice sheet or glaciers. Ice cores contain an abundance of information about climate. Inclusions in the snow of each year remain in the ice, such as wind-blown dust, ash, bubbles of atmospheric gas and radioactive substances. An ice core from the right site can be used to reconstruct an uninterrupted and detailed climate record extending over hundreds of thousands of years, providing information on a wide variety of aspects of climate at each point in time. These recorded atmospheric signatures in the ice make the ice cores such a powerful tool in paleoclimate research. Ice core division of NCAOR has collected several ice cores from coastal Dronning Maud Land, East Antarctica. The details of the ice cores collected and the parameters analysed are presented here.
Purpose
The aim of the ice core database is to improve the accessibility of the data to researchers, scientific administration and policy makers.
Dataset Citation
Creator
National Centre for Polar  Ocean Research
Editor
Thamban Meloth
Dataset Title
Dr
Series Name
IND 26/B6 Ice core
Release Date
24/01/2020
Release Place
Goa
Version
Online Resource
http://data.ncpor.res.in/static/datasets/22_ICE_CORE.pdf
Scientist Details
Role
Co Principal Investigator
Name
Dr. Laluraj  C C M
e-mail
lalucm@gmail.com
Phone
07020962241
Mobile Number
07020962241
Institute /
Organization
National Centre for Polar and Ocean Research (NCPOR)
Address
HEADLAND SADA
City
VASCO DA GAMA
State
Goa
Postal Code
403804
Country
India
Data Center
Short Name
NPDC
Long Name
National Polar Data Center, India
Mail Id
npdc@ncpor.res.in
Phone No
+91 - 832-2525515
Address
Headland Sada
City
Vasco-Da-Gama
State
Goa
Pin Code
403804
Country
India
Instrument Details
Short name
Model D2, Geotec
Long name
Electromechanical ice core drilling system
Location
Category
Region
Type
Antarctic
Subregion
Maitri
Data Resolution
Latitude Resolution
70
o
11'   57""
Longitude Resolution
12
o
27'   25""
Horizontal Resolution Range
Vertical Resolution
Vertical Resolution Range
Temporal Resolution
Temporal Resolution Range
Platform
Short name
ICE CORE DATA
Long name
&#61540;18O and &#61540;D, Major ions (Cl-, Br-, MSA, NO3-,SO42-,Na+,K+,Ca2+, Mg2+,NH4+)
Data
					Set Progress
In Work
close
save as pdf
If XML not opening,
Click Here!
If download not started,
Click Here!
Search
Quick Links
Contact Us
Data Policy & Guidelines
User Manual
Polar Directory
Data Submission
Common Project Proposal Form
Submit a New Data
For scholars
Dataset by Science Keywords
Dataset by Location
Observation Dataset
Quantarctica
Data Portal
Synoptic Data
Useful Links
Python
Ferret visualization
and analysis Tool
The R Project
© National Centre for Polar and Ocean Research
						(NCPOR), Ministry of Earth Sciences (MoES), Government of India"
Paleoclimate,Geodetics/Gravity,Large scale Topographical Mapping and Geophysical studies for Neo-tectonics & Monitoring Inter-plate movement of Antarctica plate with respect to the Indian Plate,https://npdc.ncpor.res.in/npdc/search_mf_data.action?search=title&expedition_type=Antarctic&parameter=MF-1399059381&userType=user&parameter1=Geodetics%2FGravity,"META DATA SEARCH
Home
About
Data
Search For Datasets »
Browse by Keyword
Browse by Location
Data Availability
SOE : Scientific Voyage Details
Other Datasets »
Weather and Environment
Search AWS & Meteorological Datasets
Sagar Kanya Cruise Report
Surface Data at Maitri & Gangotri
Synoptic Data From Bharti Station (2016-21)
Submit Your Data »
New Datasets
Last Submitted Datasets
Other Data Links
Important links »
Polar View
NCMRWF - Southern Ocean
NCMRWF - Sea-ice Arctic
NCMRWF - Sea-ice Antarctic
Polar Directory
Search by Data Types
Free Text
Sign
					In
User Manual
Brief Record
Full Record
View XML
Export PDF
Data pending
Title
Large scale Topographical Mapping and Geophysical studies for Neo-tectonics & Monitoring Inter-plate movement of Antarctica plate with respect to the Indian Plate
Abstract
National GPS data Centre has been setup at Dehradun for receiving/archival of GPS data from above permanent GPS stations including those which are being operated by WIHG, IIA, C-MMACS and IIG etc. This study will be carried out pari-pasu with the mapping operations. Large scale maps for Schirmacher Oasis and Larsemann Hills regions of Antarctica on scale 1:10,000 and 1:5,000 respectively with contour interval of 5 metres has been published in 2014.
Purpose
Establishment of horizontal and vertical reference frame for detail mapping and scientific activities. Large scale mapping of Schirmacher Oasis and Larsemann Hills regions of Antarctica.To monitor inter-plate movement of the continent (in Schirmacher Oasis & Larsemann Hills) with respect to Indian plate Studies for neotectonic activities of the region.
Basic Information
Release Date
:    24/02/2021
Originating Center
:
Data Set Progress
:    Complete
Data Set Language
:
ISO Topic Categories
Category
:   Paleoclimate
Topic
:   Geodetics/Gravity
ISO Topic
:   Geodesy
Personnel
Role
:   Principal Investigator
Name
:   Dr. S B    Sharma
e-mail
:   ictd@ncpor.res.in
Organisation
:   Survey of India (SOI)
Title
Large scale Topographical Mapping and Geophysical studies for Neo-tectonics & Monitoring Inter-plate movement of Antarctica plate with respect to the Indian Plate
Science Keywords
Category
Paleoclimate
Topic
Geodetics/Gravity
ISO Topic
Geodesy
Expedition Year
2015-2016
Project Details
Project Number
EG-10
Project Name
Large scale Topographical Mapping and Geophysical studies for Neo-tectonics & Monitoring Inter-plate movement of Antarctica plate with respect to the Indian Plate
Summary
Abstract
National GPS data Centre has been setup at Dehradun for receiving/archival of GPS data from above permanent GPS stations including those which are being operated by WIHG, IIA, C-MMACS and IIG etc. This study will be carried out pari-pasu with the mapping operations. Large scale maps for Schirmacher Oasis and Larsemann Hills regions of Antarctica on scale 1:10,000 and 1:5,000 respectively with contour interval of 5 metres has been published in 2014.
Purpose
Establishment of horizontal and vertical reference frame for detail mapping and scientific activities. Large scale mapping of Schirmacher Oasis and Larsemann Hills regions of Antarctica.To monitor inter-plate movement of the continent (in Schirmacher Oasis & Larsemann Hills) with respect to Indian plate Studies for neotectonic activities of the region.
Dataset Citation
Creator
S B Sharma
Editor
S B Sharma
Dataset Title
Large scale Topographical Mapping and Geophysical studies for Neo-tectonics & Monitoring Inter-plate movement of Antarctica plate with respect to the Indian Plate
Series Name
1
Release Date
24/02/2021
Release Place
Goa
Version
1
Online Resource
Scientist Details
Role
Principal Investigator
Name
Dr. S B    Sharma
e-mail
ictd@ncpor.res.in
Phone
2713296
Mobile Number
2713296
Institute /
Organization
Survey of India (SOI)
Address
Survey of India,Post Box. No 77
17-E C Road, Dehradun
Pin-248001 (Uttarakhand)
City
Dehradun
State
Uttaranchal
Postal Code
248001
Country
India
Data Center
Short Name
NPDC
Long Name
National Polar Data Center, India
Mail Id
npdc@ncpor.res.in
Phone No
+91 - 832-2525515
Address
Headland Sada
City
Vasco-Da-Gama
State
Goa
Pin Code
403804
Country
India
Instrument Details
Short name
-
Long name
-
Location
Category
Region
Type
Antarctic
Subregion
Maitri and Bharati
Platform
Short name
-
Long name
-
Data
					Set Progress
Complete
close
save as pdf
If XML not opening,
Click Here!
If download not started,
Click Here!
Search
Quick Links
Contact Us
Data Policy & Guidelines
User Manual
Polar Directory
Data Submission
Common Project Proposal Form
Submit a New Data
For scholars
Dataset by Science Keywords
Dataset by Location
Observation Dataset
Quantarctica
Data Portal
Synoptic Data
Useful Links
Python
Ferret visualization
and analysis Tool
The R Project
© National Centre for Polar and Ocean Research
						(NCPOR), Ministry of Earth Sciences (MoES), Government of India"
Paleoclimate,Geodetics/Gravity,Scientific Activities of National Geophysical Research Institute at Maitri Station During 27th Indian Antarctic Expedition.,https://npdc.ncpor.res.in/npdc/search_mf_data.action?search=title&expedition_type=Antarctic&parameter=MF-1449587078&userType=user&parameter1=Geodetics%2FGravity,"META DATA SEARCH
Home
About
Data
Search For Datasets »
Browse by Keyword
Browse by Location
Data Availability
SOE : Scientific Voyage Details
Other Datasets »
Weather and Environment
Search AWS & Meteorological Datasets
Sagar Kanya Cruise Report
Surface Data at Maitri & Gangotri
Synoptic Data From Bharti Station (2016-21)
Submit Your Data »
New Datasets
Last Submitted Datasets
Other Data Links
Important links »
Polar View
NCMRWF - Southern Ocean
NCMRWF - Sea-ice Arctic
NCMRWF - Sea-ice Antarctic
Polar Directory
Search by Data Types
Free Text
Sign
					In
User Manual
Brief Record
Full Record
View XML
Export PDF
Get Data
Title
Scientific Activities of National Geophysical Research Institute at Maitri Station During 27th Indian Antarctic Expedition.
Abstract
National Geophysical Research Institute is carrying out two long- term ongoing scientific projects at Maitri, Indian Research Base Station in Antarctica. (1) Sophisticated Seismological Observatory and (2). Permanent GPS Tracking Station. These research activities at Antarctica were successfully carried out during 27th Indian Antarctic Expedition. The GPS station continues to contribute to Scientific Committee on Antarctic Research (SCAR) and International Earth Rotation Service (IERS), the seismological observatory continues to contribute to NEIC (USGS) and ISC (UK) and plays a pivotal role in the Global Seismographic Network. Global Positioning System (GPS) measurements at Maitri, Indian Antarctic station have been carried out from 1997 till date. The International GPS Service for Geodynamics (IGS) stations, in different plates, such as Casey, Davis, Kerguelen, Seychelles, Coco, Hartebeesthoek, Yaragadee, and Tidbinbilla have been chosen in the global network.
Purpose
(1) How rigid is the Indian Plate and Indian Ocean Basin?
(2) Does relatively high level of intraplate seismicity on the oceanic part of the Indian Plate indicate internal deformation in excess of other plates? and,
(3) Is this related to Indo-Eurasian collision and the uplift of the Himalayas?
Basic Information
Release Date
:    12/10/2020
Originating Center
:
Data Set Progress
:    Complete
Data Set Language
:
ISO Topic Categories
Category
:   Paleoclimate
Topic
:   Geodetics/Gravity
ISO Topic
:   Geodesy
Personnel
Role
:   Principal Investigator
Name
:   Dr. M   Venkatrayudu
e-mail
:   ictd@ncpor.res.in
Organisation
:   National Geophysical Research Institute (NGRI)
Title
Scientific Activities of National Geophysical Research Institute at Maitri Station During 27th Indian Antarctic Expedition.
Science Keywords
Category
Paleoclimate
Topic
Geodetics/Gravity
ISO Topic
Geodesy
Expedition Year
2007-2008
Project Details
Project Number
2
Project Name
Scientific Activities of National Geophysical Research Institute at Maitri Station During 27th Indian Antarctic Expedition.
Summary
Abstract
National Geophysical Research Institute is carrying out two long- term ongoing scientific projects at Maitri, Indian Research Base Station in Antarctica. (1) Sophisticated Seismological Observatory and (2). Permanent GPS Tracking Station. These research activities at Antarctica were successfully carried out during 27th Indian Antarctic Expedition. The GPS station continues to contribute to Scientific Committee on Antarctic Research (SCAR) and International Earth Rotation Service (IERS), the seismological observatory continues to contribute to NEIC (USGS) and ISC (UK) and plays a pivotal role in the Global Seismographic Network. Global Positioning System (GPS) measurements at Maitri, Indian Antarctic station have been carried out from 1997 till date. The International GPS Service for Geodynamics (IGS) stations, in different plates, such as Casey, Davis, Kerguelen, Seychelles, Coco, Hartebeesthoek, Yaragadee, and Tidbinbilla have been chosen in the global network.
Purpose
(1) How rigid is the Indian Plate and Indian Ocean Basin?
(2) Does relatively high level of intraplate seismicity on the oceanic part of the Indian Plate indicate internal deformation in excess of other plates? and,
(3) Is this related to Indo-Eurasian collision and the uplift of the Himalayas?
Dataset Citation
Creator
M Venkatrayudu
Editor
M Venkatrayudu
Dataset Title
Scientific Activities of National Geophysical Research Institute at Maitri Station During 27th Indian Antarctic Expedition.
Series Name
1
Release Date
12/10/2020
Release Place
Andhra Pradesh
Version
1
Online Resource
http://14.139.119.23:8080/dspace/bitstream/123456789/1085/1/Chapter+7.pdf
Scientist Details
Role
Principal Investigator
Name
Dr. M   Venkatrayudu
e-mail
ictd@ncpor.res.in
Phone
8322525515
Mobile Number
8322525515
Institute /
Organization
National Geophysical Research Institute (NGRI)
Address
Uppal Road, Habsiguda, Hyderabad, Telangana 500007
City
Hyderabad
State
Andhra Pradesh
Postal Code
500007
Country
India
Data Center
Short Name
NPDC
Long Name
National Polar Data Center, India
Mail Id
npdc@ncpor.res.in
Phone No
+91 - 832-2525515
Address
Headland Sada
City
Vasco-Da-Gama
State
Goa
Pin Code
403804
Country
India
Instrument Details
Short name
-
Long name
-
Location
Category
Region
Type
Antarctic
Subregion
Maitri
Platform
Short name
-
Long name
-
Data
					Set Progress
Complete
close
save as pdf
If XML not opening,
Click Here!
If download not started,
Click Here!
Search
Quick Links
Contact Us
Data Policy & Guidelines
User Manual
Polar Directory
Data Submission
Common Project Proposal Form
Submit a New Data
For scholars
Dataset by Science Keywords
Dataset by Location
Observation Dataset
Quantarctica
Data Portal
Synoptic Data
Useful Links
Python
Ferret visualization
and analysis Tool
The R Project
© National Centre for Polar and Ocean Research
						(NCPOR), Ministry of Earth Sciences (MoES), Government of India"
Paleoclimate,Geodetics/Gravity,"Topographical Mapping, Establishment of  Permanent GPS Station for plate movement studies  and Tide Gauge station for Mean Sea Level computations and Analysis in Larsemann Hills",https://npdc.ncpor.res.in/npdc/search_mf_data.action?search=title&expedition_type=Antarctic&parameter=MF-168398259&userType=user&parameter1=Geodetics%2FGravity,"META DATA SEARCH
Home
About
Data
Search For Datasets »
Browse by Keyword
Browse by Location
Data Availability
SOE : Scientific Voyage Details
Other Datasets »
Weather and Environment
Search AWS & Meteorological Datasets
Sagar Kanya Cruise Report
Surface Data at Maitri & Gangotri
Synoptic Data From Bharti Station (2016-21)
Submit Your Data »
New Datasets
Last Submitted Datasets
Other Data Links
Important links »
Polar View
NCMRWF - Southern Ocean
NCMRWF - Sea-ice Arctic
NCMRWF - Sea-ice Antarctic
Polar Directory
Search by Data Types
Free Text
Sign
					In
User Manual
Brief Record
Full Record
View XML
Export PDF
Data pending
Title
Topographical Mapping, Establishment of  Permanent GPS Station for plate movement studies  and Tide Gauge station for Mean Sea Level computations and Analysis in Larsemann Hills
Abstract
Geodetic & Research Branch of the Survey of India has been associated with the Indian Antarctica Research Program since 10th expedition. Survey of India submitted a detail Project proposal for 2007-08, 2008-09 and 2009-10 to carry out Surveying and Mapping in Schirmacher Oasis region & Larsemann Hills Region and also Geophysical Studies for Neo-tectonics and Monitoring of Inter-plate Movement in the Antarctica Region.Mapping on scale 1:5,000 with Contour Interval 5 m for 16.4 sq. km. has been completed out of total 34.0 sq. km. area of the Schirmacher Oasis region. Survey of India has carried out surveying operations for mapping of the   Larsemann Hills region on 1:5,000 scales with contour interval of 5 m during the XXVI Indian Antarctica Expedition. The map of the above area has been already made available to NCAOR. During 28th Expedition.
Purpose
Mapping of area around proposed site for new station at Larsemann Hills Region
Establishment of permanent GPS station in Larsmann Hills.
Establishment of Tide Gauge Station in Larsmann Hills for MSL computations and Sea level data Analysis.
To monitor the plate movement of the continent with respect to Indian plate.
Studies for neo-tectonic activities of the Antarctica region.
Basic Information
Release Date
:    22/01/2021
Originating Center
:
Data Set Progress
:    Complete
Data Set Language
:
ISO Topic Categories
Category
:   Paleoclimate
Topic
:   Geodetics/Gravity
ISO Topic
:   Geodesy
Personnel
Role
:   Principal Investigator
Name
:   Dr. V  P Srivastava
e-mail
:   ictd@ncpor.res.in
Organisation
:   Survey of India (SOI)
Title
Topographical Mapping, Establishment of  Permanent GPS Station for plate movement studies  and Tide Gauge station for Mean Sea Level computations and Analysis in Larsemann Hills
Science Keywords
Category
Paleoclimate
Topic
Geodetics/Gravity
ISO Topic
Geodesy
Expedition Year
2009-2010
Project Details
Project Number
EGG-6
Project Name
Topographical Mapping, Establishment of  Permanent GPS Station for plate movement studies  and Tide Gauge station for Mean Sea Level computations and Analysis in Larsemann Hills
Summary
Abstract
Geodetic & Research Branch of the Survey of India has been associated with the Indian Antarctica Research Program since 10th expedition. Survey of India submitted a detail Project proposal for 2007-08, 2008-09 and 2009-10 to carry out Surveying and Mapping in Schirmacher Oasis region & Larsemann Hills Region and also Geophysical Studies for Neo-tectonics and Monitoring of Inter-plate Movement in the Antarctica Region.Mapping on scale 1:5,000 with Contour Interval 5 m for 16.4 sq. km. has been completed out of total 34.0 sq. km. area of the Schirmacher Oasis region. Survey of India has carried out surveying operations for mapping of the   Larsemann Hills region on 1:5,000 scales with contour interval of 5 m during the XXVI Indian Antarctica Expedition. The map of the above area has been already made available to NCAOR. During 28th Expedition.
Purpose
Mapping of area around proposed site for new station at Larsemann Hills Region
Establishment of permanent GPS station in Larsmann Hills.
Establishment of Tide Gauge Station in Larsmann Hills for MSL computations and Sea level data Analysis.
To monitor the plate movement of the continent with respect to Indian plate.
Studies for neo-tectonic activities of the Antarctica region.
Dataset Citation
Creator
VP Srivastava
Editor
VP Srivastava
Dataset Title
Topographical Mapping, Establishment of  Permanent GPS Station for plate movement studies  and Tide Gauge station for Mean Sea Level computations and Analysis in Larsemann Hills
Series Name
1
Release Date
22/01/2021
Release Place
Goa
Version
1
Online Resource
Scientist Details
Role
Principal Investigator
Name
Dr. V  P Srivastava
e-mail
ictd@ncpor.res.in
Phone
01352654528
Mobile Number
01352654528
Institute /
Organization
Survey of India (SOI)
Address
Additional Surveyor General Geodetic & Research Branch,
Survey of India
Post Box No. 77, 17-E.C. Road, 
Dehradun ? 248 001 (Uttarakhand)
Tel: 0135 ?2654528, 2713296
City
Dehradun
State
Uttaranchal
Postal Code
248001
Country
India
Data Center
Short Name
NPDC
Long Name
National Polar Data Center, India
Mail Id
npdc@ncpor.res.in
Phone No
+91 - 832-2525515
Address
Headland Sada
City
Vasco-Da-Gama
State
Goa
Pin Code
403804
Country
India
Instrument Details
Short name
-
Long name
-
Location
Category
Region
Type
Antarctic
Subregion
Larsemann Hill
Platform
Short name
-
Long name
-
Data
					Set Progress
Complete
close
save as pdf
If XML not opening,
Click Here!
If download not started,
Click Here!
Search
Quick Links
Contact Us
Data Policy & Guidelines
User Manual
Polar Directory
Data Submission
Common Project Proposal Form
Submit a New Data
For scholars
Dataset by Science Keywords
Dataset by Location
Observation Dataset
Quantarctica
Data Portal
Synoptic Data
Useful Links
Python
Ferret visualization
and analysis Tool
The R Project
© National Centre for Polar and Ocean Research
						(NCPOR), Ministry of Earth Sciences (MoES), Government of India"
Paleoclimate,Geodetics/Gravity,Topographical Mapping of Indian Station Maitri.,https://npdc.ncpor.res.in/npdc/search_mf_data.action?search=title&expedition_type=Antarctic&parameter=MF-1707640253&userType=user&parameter1=Geodetics%2FGravity,"META DATA SEARCH
Home
About
Data
Search For Datasets »
Browse by Keyword
Browse by Location
Data Availability
SOE : Scientific Voyage Details
Other Datasets »
Weather and Environment
Search AWS & Meteorological Datasets
Sagar Kanya Cruise Report
Surface Data at Maitri & Gangotri
Synoptic Data From Bharti Station (2016-21)
Submit Your Data »
New Datasets
Last Submitted Datasets
Other Data Links
Important links »
Polar View
NCMRWF - Southern Ocean
NCMRWF - Sea-ice Arctic
NCMRWF - Sea-ice Antarctic
Polar Directory
Search by Data Types
Free Text
Sign
					In
User Manual
Brief Record
Full Record
View XML
Export PDF
Get Data
Title
Topographical Mapping of Indian Station Maitri.
Abstract
A great necessity was projected by various scientific organisations participating in Antarctica Expeditions to have a large scale map of Maitri and its surroundings with a very small contour interval. Accordingly during the Austral summer of 1993- 94, a large scale original survey on 1:1000 scale with 1 meter contour interval was carried out by conventional methods by the SOI scientific team. In addition to above the field observations of total magnetic force at nine existing control points situated all along the Schirmacher Oasis, and monitoring the dynamic movement of Dakshin Gangotri Glacier Snout with Geological Survey of India team were undertaken.
Purpose
(a) To carry out l:1000 scale original planetable survey with 1 meter contour interval of an ajrea of size 500 x 500 m around tfie Indian Station Maitri.
(b) To carry out repeat at observations of gravity and total magnetic force. The gravimetric observations were to be carried, out in collaborations with the National Geophysical Research Institute (NGRI), Hyderabad team
for geophysical research.
(c) To check the dynamic movement of Dakshin Gangotri Glacier with Geological Survey of India scientific team.
(d) To provide assistance to other departmental scientific teams requiring cartographic help for pursuing their allotted tasks.
Basic Information
Release Date
:    15/09/2020
Originating Center
:
Data Set Progress
:    Complete
Data Set Language
:
ISO Topic Categories
Category
:   Paleoclimate
Topic
:   Geodetics/Gravity
ISO Topic
:   Geodesy
Personnel
Role
:   Principal Investigator
Name
:   Dr. Tavinder   Paul
e-mail
:   ictd@ncpor.res.in
Organisation
:   Survey of India (SOI)
Title
Topographical Mapping of Indian Station Maitri.
Science Keywords
Category
Paleoclimate
Topic
Geodetics/Gravity
ISO Topic
Geodesy
Expedition Year
1993-1994
Project Details
Project Number
5
Project Name
Topographical Mapping of Indian Station Maitri.
Summary
Abstract
A great necessity was projected by various scientific organisations participating in Antarctica Expeditions to have a large scale map of Maitri and its surroundings with a very small contour interval. Accordingly during the Austral summer of 1993- 94, a large scale original survey on 1:1000 scale with 1 meter contour interval was carried out by conventional methods by the SOI scientific team. In addition to above the field observations of total magnetic force at nine existing control points situated all along the Schirmacher Oasis, and monitoring the dynamic movement of Dakshin Gangotri Glacier Snout with Geological Survey of India team were undertaken.
Purpose
(a) To carry out l:1000 scale original planetable survey with 1 meter contour interval of an ajrea of size 500 x 500 m around tfie Indian Station Maitri.
(b) To carry out repeat at observations of gravity and total magnetic force. The gravimetric observations were to be carried, out in collaborations with the National Geophysical Research Institute (NGRI), Hyderabad team
for geophysical research.
(c) To check the dynamic movement of Dakshin Gangotri Glacier with Geological Survey of India scientific team.
(d) To provide assistance to other departmental scientific teams requiring cartographic help for pursuing their allotted tasks.
Dataset Citation
Creator
TAVINDER PAUL
Editor
TAVINDER PAUL
Dataset Title
Topographical Mapping of Indian Station Maitri.
Series Name
1
Release Date
15/09/2020
Release Place
Goa
Version
1
Online Resource
http://14.139.119.23:8080/dspace/bitstream/123456789/741/1/Pages+from+13TH+INDIAN+EXPEDITION+267-285.pdf
Scientist Details
Role
Principal Investigator
Name
Dr. Tavinder   Paul
e-mail
ictd@ncpor.res.in
Phone
8322525515
Mobile Number
8322525515
Institute /
Organization
Survey of India (SOI)
Address
Hathibarkala Estate, New Cantt Road, DEHRADUN, PIN - 248001
City
Dehra Dun
State
Uttaranchal
Postal Code
248001
Country
India
Data Center
Short Name
NPDC
Long Name
National Polar Data Center, India
Mail Id
npdc@ncpor.res.in
Phone No
+91 - 832-2525515
Address
Headland Sada
City
Vasco-Da-Gama
State
Goa
Pin Code
403804
Country
India
Instrument Details
Short name
-
Long name
-
Location
Category
Region
Type
Antarctic
Subregion
Schirmacher Oasis
Platform
Short name
-
Long name
-
Data
					Set Progress
Complete
close
save as pdf
If XML not opening,
Click Here!
If download not started,
Click Here!
Search
Quick Links
Contact Us
Data Policy & Guidelines
User Manual
Polar Directory
Data Submission
Common Project Proposal Form
Submit a New Data
For scholars
Dataset by Science Keywords
Dataset by Location
Observation Dataset
Quantarctica
Data Portal
Synoptic Data
Useful Links
Python
Ferret visualization
and analysis Tool
The R Project
© National Centre for Polar and Ocean Research
						(NCPOR), Ministry of Earth Sciences (MoES), Government of India"
Paleoclimate,Geodetics/Gravity,Geodetic Tying of Antarctica and India for Geodynamical and Strain Accumulation Studies in the South of Indian Peninsula with Continuous GPS Measurements at Maitri During 25th IAE.,https://npdc.ncpor.res.in/npdc/search_mf_data.action?search=title&expedition_type=Antarctic&parameter=MF-212708227&userType=user&parameter1=Geodetics%2FGravity,"META DATA SEARCH
Home
About
Data
Search For Datasets »
Browse by Keyword
Browse by Location
Data Availability
SOE : Scientific Voyage Details
Other Datasets »
Weather and Environment
Search AWS & Meteorological Datasets
Sagar Kanya Cruise Report
Surface Data at Maitri & Gangotri
Synoptic Data From Bharti Station (2016-21)
Submit Your Data »
New Datasets
Last Submitted Datasets
Other Data Links
Important links »
Polar View
NCMRWF - Southern Ocean
NCMRWF - Sea-ice Arctic
NCMRWF - Sea-ice Antarctic
Polar Directory
Search by Data Types
Free Text
Sign
					In
User Manual
Brief Record
Full Record
View XML
Export PDF
Get Data
Title
Geodetic Tying of Antarctica and India for Geodynamical and Strain Accumulation Studies in the South of Indian Peninsula with Continuous GPS Measurements at Maitri During 25th IAE.
Abstract
To holistically understand the geodynamical and crustal deformation processes in the south of Indian peninsula between India and Antarctica, two global networks (IND and ANT) have been chosen that geodetically connect the two continents. The IGS Station at Diego Garcia (DGAR) is the common station between the two networks. 10 years of data from 1997 to 2007 were used. By these global networks? analyses, the stations HYDE and MAIT are geodetically tied through DGAR. Very long baselines have been estimated from HYDE and also from Kerguelen (KERG) to other chosen IGS stations in and around India and Antarctica. Our analysis and results using ANT network show an increase in the baseline lengths between Kerguelen in Antarctica plate and other stations such as SEY1, DGAR and COCO and shortening of baseline lengths between HYDE in Indian plate and all these above stations using IND network.
Purpose
1. How rigid is the Indian Plate and Indian OceanBasin? 2. Does relatively high level of intraplate seismicity on the oceanic part of the Indian Plate indicates internal deformation in excess of other plates? and, 3. Is this related to Indo-Eurasian collision and the uplift of Himalayas?.
Basic Information
Release Date
:    6/10/2020
Originating Center
:
Data Set Progress
:    Complete
Data Set Language
:
ISO Topic Categories
Category
:   Paleoclimate
Topic
:   Geodetics/Gravity
ISO Topic
:   Geodesy
Personnel
Role
:   Principal Investigator
Name
:   Dr. SVR   Ramachandra Rao
e-mail
:   ictd@ncpor.res.in
Organisation
:   National Geophysical Research Institute (NGRI)
Title
Geodetic Tying of Antarctica and India for Geodynamical and Strain Accumulation Studies in the South of Indian Peninsula with Continuous GPS Measurements at Maitri During 25th IAE.
Science Keywords
Category
Paleoclimate
Topic
Geodetics/Gravity
ISO Topic
Geodesy
Expedition Year
2005-2006
Project Details
Project Number
13
Project Name
Geodetic Tying of Antarctica and India for Geodynamical and Strain Accumulation Studies in the South of Indian Peninsula with Continuous GPS Measurements at Maitri During 25th IAE.
Summary
Abstract
To holistically understand the geodynamical and crustal deformation processes in the south of Indian peninsula between India and Antarctica, two global networks (IND and ANT) have been chosen that geodetically connect the two continents. The IGS Station at Diego Garcia (DGAR) is the common station between the two networks. 10 years of data from 1997 to 2007 were used. By these global networks? analyses, the stations HYDE and MAIT are geodetically tied through DGAR. Very long baselines have been estimated from HYDE and also from Kerguelen (KERG) to other chosen IGS stations in and around India and Antarctica. Our analysis and results using ANT network show an increase in the baseline lengths between Kerguelen in Antarctica plate and other stations such as SEY1, DGAR and COCO and shortening of baseline lengths between HYDE in Indian plate and all these above stations using IND network.
Purpose
1. How rigid is the Indian Plate and Indian OceanBasin? 2. Does relatively high level of intraplate seismicity on the oceanic part of the Indian Plate indicates internal deformation in excess of other plates? and, 3. Is this related to Indo-Eurasian collision and the uplift of Himalayas?.
Dataset Citation
Creator
SVR Ramachandra Rao
Editor
SVR Ramachandra Rao
Dataset Title
Geodetic Tying of Antarctica and India for Geodynamical and Strain Accumulation Studies in the South of Indian Peninsula with Continuous GPS Measurements at Maitri During 25th IAE.
Series Name
1
Release Date
6/10/2020
Release Place
Goa
Version
1
Online Resource
http://14.139.119.23:8080/dspace/bitstream/123456789/996/1/Chapter+7.pdf
Scientist Details
Role
Principal Investigator
Name
Dr. SVR   Ramachandra Rao
e-mail
ictd@ncpor.res.in
Phone
8322525515
Mobile Number
8322525515
Institute /
Organization
National Geophysical Research Institute (NGRI)
Address
Uppal Road, Habsiguda, Hyderabad, Telangana 500007
City
Hyderabad
State
Andhra Pradesh
Postal Code
500007
Country
India
Data Center
Short Name
NPDC
Long Name
National Polar Data Center, India
Mail Id
npdc@ncpor.res.in
Phone No
+91 - 832-2525515
Address
Headland Sada
City
Vasco-Da-Gama
State
Goa
Pin Code
403804
Country
India
Instrument Details
Short name
-
Long name
-
Location
Category
Region
Type
Antarctic
Subregion
Maitri
Platform
Short name
-
Long name
-
Data
					Set Progress
Complete
close
save as pdf
If XML not opening,
Click Here!
If download not started,
Click Here!
Search
Quick Links
Contact Us
Data Policy & Guidelines
User Manual
Polar Directory
Data Submission
Common Project Proposal Form
Submit a New Data
For scholars
Dataset by Science Keywords
Dataset by Location
Observation Dataset
Quantarctica
Data Portal
Synoptic Data
Useful Links
Python
Ferret visualization
and analysis Tool
The R Project
© National Centre for Polar and Ocean Research
						(NCPOR), Ministry of Earth Sciences (MoES), Government of India"
Paleoclimate,Geodetics/Gravity,"Report of German Geodesists in the XVII Indian Antarctic Scientific Expedition, 1997/98.",https://npdc.ncpor.res.in/npdc/search_mf_data.action?search=title&expedition_type=Antarctic&parameter=MF-326706521&userType=user&parameter1=Geodetics%2FGravity,"META DATA SEARCH
Home
About
Data
Search For Datasets »
Browse by Keyword
Browse by Location
Data Availability
SOE : Scientific Voyage Details
Other Datasets »
Weather and Environment
Search AWS & Meteorological Datasets
Sagar Kanya Cruise Report
Surface Data at Maitri & Gangotri
Synoptic Data From Bharti Station (2016-21)
Submit Your Data »
New Datasets
Last Submitted Datasets
Other Data Links
Important links »
Polar View
NCMRWF - Southern Ocean
NCMRWF - Sea-ice Arctic
NCMRWF - Sea-ice Antarctic
Polar Directory
Search by Data Types
Free Text
Sign
					In
User Manual
Brief Record
Full Record
View XML
Export PDF
Get Data
Title
Report of German Geodesists in the XVII Indian Antarctic Scientific Expedition, 1997/98.
Abstract
In the austral 1997/98 a group of 3 geodesists of the Institute fur Planetare Geodasie of the Technische Universitat Dresden (IPG) took part in the XVII Indian Antarctic Scientific Expedition.
Purpose
Re-observation of the existing GPS points of the SCAR Epoch GPS Campaigns 1995 and 1996 (FOR1, FOR2) and
establishement of a new marker close to the Indian station Maitri and measurements on this marker (MAI1).
Basic Information
Release Date
:    21/09/2020
Originating Center
:
Data Set Progress
:    Complete
Data Set Language
:
ISO Topic Categories
Category
:   Paleoclimate
Topic
:   Geodetics/Gravity
ISO Topic
:   Geodesy
Personnel
Role
:   Principal Investigator
Name
:   Dr. Wilfried   Korth
e-mail
:   ictd@ncpor.res.in
Organisation
:   Institute fur Planetare Geodasie, Germany
Title
Report of German Geodesists in the XVII Indian Antarctic Scientific Expedition, 1997/98.
Science Keywords
Category
Paleoclimate
Topic
Geodetics/Gravity
ISO Topic
Geodesy
Expedition Year
1997-1998
Project Details
Project Number
6
Project Name
Report of German Geodesists in the XVII Indian Antarctic Scientific Expedition, 1997/98.
Summary
Abstract
In the austral 1997/98 a group of 3 geodesists of the Institute fur Planetare Geodasie of the Technische Universitat Dresden (IPG) took part in the XVII Indian Antarctic Scientific Expedition.
Purpose
Re-observation of the existing GPS points of the SCAR Epoch GPS Campaigns 1995 and 1996 (FOR1, FOR2) and
establishement of a new marker close to the Indian station Maitri and measurements on this marker (MAI1).
Dataset Citation
Creator
Wilfried Korth
Editor
Wilfried Korth
Dataset Title
Report of German Geodesists in the XVII Indian Antarctic Scientific Expedition, 1997/98.
Series Name
1
Release Date
21/09/2020
Release Place
Goa
Version
1
Online Resource
http://14.139.119.23:8080/dspace/bitstream/123456789/525/3/ARTICLE+13.pdf
Scientist Details
Role
Principal Investigator
Name
Dr. Wilfried   Korth
e-mail
ictd@ncpor.res.in
Phone
8322525515
Mobile Number
8322525515
Institute /
Organization
Institute fur Planetare Geodasie, Germany
Address
Rutherfordstra?e 2, 12489 Berlin, Germany
City
Berlin
State
Berlin
Postal Code
12489
Country
Germany
Data Center
Short Name
NPDC
Long Name
National Polar Data Center, India
Mail Id
npdc@ncpor.res.in
Phone No
+91 - 832-2525515
Address
Headland Sada
City
Vasco-Da-Gama
State
Goa
Pin Code
403804
Country
India
Instrument Details
Short name
-
Long name
-
Location
Category
Region
Type
Antarctic
Subregion
Maitri
Platform
Short name
-
Long name
-
Data
					Set Progress
Complete
close
save as pdf
If XML not opening,
Click Here!
If download not started,
Click Here!
Search
Quick Links
Contact Us
Data Policy & Guidelines
User Manual
Polar Directory
Data Submission
Common Project Proposal Form
Submit a New Data
For scholars
Dataset by Science Keywords
Dataset by Location
Observation Dataset
Quantarctica
Data Portal
Synoptic Data
Useful Links
Python
Ferret visualization
and analysis Tool
The R Project
© National Centre for Polar and Ocean Research
						(NCPOR), Ministry of Earth Sciences (MoES), Government of India"
Human Dimensions,Attitudes/Preferences/Behavior,Interpersonal Relations among Indian Antarctic Expedition Members in Isolated and Confined Environment.,https://npdc.ncpor.res.in/npdc/search_mf_data.action?search=title&expedition_type=Antarctic&parameter=MF1023090359&userType=user&parameter1=Attitudes%2FPreferences%2FBehavior,"META DATA SEARCH
Home
About
Data
Search For Datasets »
Browse by Keyword
Browse by Location
Data Availability
SOE : Scientific Voyage Details
Other Datasets »
Weather and Environment
Search AWS & Meteorological Datasets
Sagar Kanya Cruise Report
Surface Data at Maitri & Gangotri
Synoptic Data From Bharti Station (2016-21)
Submit Your Data »
New Datasets
Last Submitted Datasets
Other Data Links
Important links »
Polar View
NCMRWF - Southern Ocean
NCMRWF - Sea-ice Arctic
NCMRWF - Sea-ice Antarctic
Polar Directory
Search by Data Types
Free Text
Sign
					In
User Manual
Brief Record
Full Record
View XML
Export PDF
Get Data
Title
Interpersonal Relations among Indian Antarctic Expedition Members in Isolated and Confined Environment.
Abstract
With the advancement of technology, interpersonal factors take on increasing importance in relation to long duration missions in isolated and confined environments. This study explores the interpersonal orientation at the feeling and. The behaviour level during prolonged residence in Antarctica. Twenty-four volunteers from winter-over team of Indian Antarctic Expedition served as participants. FIRO-F and FIRO-B questionnaires were the tools used in this study. The interpersonal orientation at feeling level showed that feeling of lovability was greater than feelings of significance and control. Besides, the feeling of warmth and the respect for competence were low when compared to the feeling of significance desired from others. At the behaviour level, the need for association was greater than the need for personal intimacy with others. On the other hand, the desire for affection from others was higher than the preference for social interaction.
Purpose
1. To evaluate the interpersonal orientation related to feelings of significance, competence, and lovability over extended residence in isolated and extreme environment.
2. To assess the interpersonal dimensions of behaviour inclusion, control, and affection at the first and the second half of prolonged isolation and confinement in extreme environment.
Basic Information
Release Date
:    7/10/2020
Originating Center
:
Data Set Progress
:    Complete
Data Set Language
:
ISO Topic Categories
Category
:   Human Dimensions
Topic
:   Attitudes/Preferences/Behavior
ISO Topic
:   Major ions
Personnel
Role
:   Principal Investigator
Name
:   Dr. K   Ramachandran
e-mail
:   ictd@ncpor.res.in
Organisation
:   Defence Institute of Psychological Research (DIPR)
Title
Interpersonal Relations among Indian Antarctic Expedition Members in Isolated and Confined Environment.
Science Keywords
Category
Human Dimensions
Topic
Attitudes/Preferences/Behavior
ISO Topic
Major ions
Expedition Year
2005-2006
Project Details
Project Number
14
Project Name
Interpersonal Relations among Indian Antarctic Expedition Members in Isolated and Confined Environment.
Summary
Abstract
With the advancement of technology, interpersonal factors take on increasing importance in relation to long duration missions in isolated and confined environments. This study explores the interpersonal orientation at the feeling and. The behaviour level during prolonged residence in Antarctica. Twenty-four volunteers from winter-over team of Indian Antarctic Expedition served as participants. FIRO-F and FIRO-B questionnaires were the tools used in this study. The interpersonal orientation at feeling level showed that feeling of lovability was greater than feelings of significance and control. Besides, the feeling of warmth and the respect for competence were low when compared to the feeling of significance desired from others. At the behaviour level, the need for association was greater than the need for personal intimacy with others. On the other hand, the desire for affection from others was higher than the preference for social interaction.
Purpose
1. To evaluate the interpersonal orientation related to feelings of significance, competence, and lovability over extended residence in isolated and extreme environment.
2. To assess the interpersonal dimensions of behaviour inclusion, control, and affection at the first and the second half of prolonged isolation and confinement in extreme environment.
Dataset Citation
Creator
K Ramachandran
Editor
K Ramachandran
Dataset Title
Interpersonal Relations among Indian Antarctic Expedition Members in Isolated and Confined Environment.
Series Name
1
Release Date
7/10/2020
Release Place
Goa
Version
1
Online Resource
http://14.139.119.23:8080/dspace/bitstream/123456789/1008/1/Chapter+2.pdf
Scientist Details
Role
Principal Investigator
Name
Dr. K   Ramachandran
e-mail
ictd@ncpor.res.in
Phone
8322525515
Mobile Number
8322525515
Institute /
Organization
Defence Institute of Psychological Research (DIPR)
Address
?Lucknow Rd, Timarpur, Delhi, 110054
City
New Delhi
State
Delhi
Postal Code
110054
Country
India
Data Center
Short Name
NPDC
Long Name
National Polar Data Center, India
Mail Id
npdc@ncpor.res.in
Phone No
+91 - 832-2525515
Address
Headland Sada
City
Vasco-Da-Gama
State
Goa
Pin Code
403804
Country
India
Instrument Details
Short name
-
Long name
-
Location
Category
Region
Type
Antarctic
Subregion
Maitri
Platform
Short name
-
Long name
-
Data
					Set Progress
Complete
close
save as pdf
If XML not opening,
Click Here!
If download not started,
Click Here!
Search
Quick Links
Contact Us
Data Policy & Guidelines
User Manual
Polar Directory
Data Submission
Common Project Proposal Form
Submit a New Data
For scholars
Dataset by Science Keywords
Dataset by Location
Observation Dataset
Quantarctica
Data Portal
Synoptic Data
Useful Links
Python
Ferret visualization
and analysis Tool
The R Project
© National Centre for Polar and Ocean Research
						(NCPOR), Ministry of Earth Sciences (MoES), Government of India"
Human Dimensions,Attitudes/Preferences/Behavior,A Note on Job Satisfaction Level of Scientists and Logistic Personnel in Antarctic Expedition.,https://npdc.ncpor.res.in/npdc/search_mf_data.action?search=title&expedition_type=Antarctic&parameter=MF-1171560317&userType=user&parameter1=Attitudes%2FPreferences%2FBehavior,"META DATA SEARCH
Home
About
Data
Search For Datasets »
Browse by Keyword
Browse by Location
Data Availability
SOE : Scientific Voyage Details
Other Datasets »
Weather and Environment
Search AWS & Meteorological Datasets
Sagar Kanya Cruise Report
Surface Data at Maitri & Gangotri
Synoptic Data From Bharti Station (2016-21)
Submit Your Data »
New Datasets
Last Submitted Datasets
Other Data Links
Important links »
Polar View
NCMRWF - Southern Ocean
NCMRWF - Sea-ice Arctic
NCMRWF - Sea-ice Antarctic
Polar Directory
Search by Data Types
Free Text
Sign
					In
User Manual
Brief Record
Full Record
View XML
Export PDF
Get Data
Title
A Note on Job Satisfaction Level of Scientists and Logistic Personnel in Antarctic Expedition.
Abstract
Recently attention was paid to assess different psychological phenomena of Indian scientists in Antarctic expeditions. Prior studies were conducted to assess personality traits of Antarctic expeditioners (Dutta Roy, 1992), differential patterns of state anxiety level of scientists across their journey, stay in and return from the Antarctica (Dutta Roy and Deb, 1996). Scientists and logistic personnel visit Antarctica with defined assignments. During their work in Antarctica, a barren land, they may face some troubles in performing the job, that rnay result in some changes to their job satisfaction level. Since, no studies paid attention to the job satisfaction of Antarctic expeditioners, present study aimed at determining patterns of job satisfaction level of both scientists and logistic personnel.
Purpose
The term job satisfaction was brought to the limelight by Hoppock (1935). He reviewed 32 studies on job satisfaction conducted prior to 1933 and observed that it is a combination of psychological, physiological, and environmental circumstances that cause a person to say, ?I am satisfied with my job?. It refers to one's satisfaction with phenomenological experience on job. It assesses the difference between individual's expectation and what actually individual receives. S u c h definition indicates the variety of variables that influence the satisfaction of the individual. In Antarctic expedition, availability of adequate equipment to perform job, competencies of supervisors, interpersonal relationship among co-workers, opportunity to learn new things determine job satisfaction level of the scientists and logistic personnel.
Basic Information
Release Date
:    17/09/2020
Originating Center
:
Data Set Progress
:    Complete
Data Set Language
:
ISO Topic Categories
Category
:   Human Dimensions
Topic
:   Attitudes/Preferences/Behavior
ISO Topic
:   Nutrients
Personnel
Role
:   Principal Investigator
Name
:   Dr. D Dutta   Roy
e-mail
:   ictd@ncpor.res.in
Organisation
:   Indian Statistical Institute (ISI)
Title
A Note on Job Satisfaction Level of Scientists and Logistic Personnel in Antarctic Expedition.
Science Keywords
Category
Human Dimensions
Topic
Attitudes/Preferences/Behavior
ISO Topic
Nutrients
Expedition Year
1995-1996
Project Details
Project Number
13
Project Name
A Note on Job Satisfaction Level of Scientists and Logistic Personnel in Antarctic Expedition.
Summary
Abstract
Recently attention was paid to assess different psychological phenomena of Indian scientists in Antarctic expeditions. Prior studies were conducted to assess personality traits of Antarctic expeditioners (Dutta Roy, 1992), differential patterns of state anxiety level of scientists across their journey, stay in and return from the Antarctica (Dutta Roy and Deb, 1996). Scientists and logistic personnel visit Antarctica with defined assignments. During their work in Antarctica, a barren land, they may face some troubles in performing the job, that rnay result in some changes to their job satisfaction level. Since, no studies paid attention to the job satisfaction of Antarctic expeditioners, present study aimed at determining patterns of job satisfaction level of both scientists and logistic personnel.
Purpose
The term job satisfaction was brought to the limelight by Hoppock (1935). He reviewed 32 studies on job satisfaction conducted prior to 1933 and observed that it is a combination of psychological, physiological, and environmental circumstances that cause a person to say, ?I am satisfied with my job?. It refers to one's satisfaction with phenomenological experience on job. It assesses the difference between individual's expectation and what actually individual receives. S u c h definition indicates the variety of variables that influence the satisfaction of the individual. In Antarctic expedition, availability of adequate equipment to perform job, competencies of supervisors, interpersonal relationship among co-workers, opportunity to learn new things determine job satisfaction level of the scientists and logistic personnel.
Dataset Citation
Creator
D Dutta Roy
Editor
D Dutta Roy
Dataset Title
A Note on Job Satisfaction Level of Scientists and Logistic Personnel in Antarctic Expedition.
Series Name
1
Release Date
17/09/2020
Release Place
Goa
Version
1
Online Resource
http://14.139.119.23:8080/dspace/bitstream/123456789/474/4/ARTICLE+30_1.pdf
Scientist Details
Role
Principal Investigator
Name
Dr. D Dutta   Roy
e-mail
ictd@ncpor.res.in
Phone
8322525515
Mobile Number
8322525515
Institute /
Organization
Indian Statistical Institute (ISI)
Address
Plot No, 203, BT Rd, Dunlop, Bonhooghly Government Colony, Baranagar, Kolkata, West Bengal 700108.
City
Kolkata
State
West Bengal
Postal Code
700108
Country
India
Data Center
Short Name
NPDC
Long Name
National Polar Data Center, India
Mail Id
npdc@ncpor.res.in
Phone No
+91 - 832-2525515
Address
Headland Sada
City
Vasco-Da-Gama
State
Goa
Pin Code
403804
Country
India
Instrument Details
Short name
-
Long name
-
Location
Category
Region
Type
Antarctic
Subregion
Maitri
Platform
Short name
-
Long name
-
Data
					Set Progress
Complete
close
save as pdf
If XML not opening,
Click Here!
If download not started,
Click Here!
Search
Quick Links
Contact Us
Data Policy & Guidelines
User Manual
Polar Directory
Data Submission
Common Project Proposal Form
Submit a New Data
For scholars
Dataset by Science Keywords
Dataset by Location
Observation Dataset
Quantarctica
Data Portal
Synoptic Data
Useful Links
Python
Ferret visualization
and analysis Tool
The R Project
© National Centre for Polar and Ocean Research
						(NCPOR), Ministry of Earth Sciences (MoES), Government of India"
Human Dimensions,Attitudes/Preferences/Behavior,"Effect of Cold, Isolation and Ultraviolet Radiation Stress on Human Immune System.",https://npdc.ncpor.res.in/npdc/search_mf_data.action?search=title&expedition_type=Antarctic&parameter=MF1669171009&userType=user&parameter1=Attitudes%2FPreferences%2FBehavior,"META DATA SEARCH
Home
About
Data
Search For Datasets »
Browse by Keyword
Browse by Location
Data Availability
SOE : Scientific Voyage Details
Other Datasets »
Weather and Environment
Search AWS & Meteorological Datasets
Sagar Kanya Cruise Report
Surface Data at Maitri & Gangotri
Synoptic Data From Bharti Station (2016-21)
Submit Your Data »
New Datasets
Last Submitted Datasets
Other Data Links
Important links »
Polar View
NCMRWF - Southern Ocean
NCMRWF - Sea-ice Arctic
NCMRWF - Sea-ice Antarctic
Polar Directory
Search by Data Types
Free Text
Sign
					In
User Manual
Brief Record
Full Record
View XML
Export PDF
Get Data
Title
Effect of Cold, Isolation and Ultraviolet Radiation Stress on Human Immune System.
Abstract
Stressful environment conditions are a major determinant in immune reactivity. This effect is pronounced in Antarctica expeditioners where they are exposed for long to the isolation, cold and UV radiation stress. Whether these stresses alter the immune system or not, was studied in expedition members at Maitri. Various parameters like Immunoglobulin, Lymphocyte counts, Cytokine and 1, 25-hydroxy Vitamin D-3 were estimated to assess the functional status of the immune cells. Data gathered indicate Antarctic isolation is associated with alterations in the immune system due immunity. These findings have important long-term health implications.
Purpose
The proposed study is undertaken to evaluate and understand the role of UV radiation in modulating the immune response directly or indirectly through vitamin D involvement and to whether the isolation and cold stress supplement this effect.
Basic Information
Release Date
:    29/09/2020
Originating Center
:
Data Set Progress
:    Complete
Data Set Language
:
ISO Topic Categories
Category
:   Human Dimensions
Topic
:   Attitudes/Preferences/Behavior
ISO Topic
:   Major ions
Personnel
Role
:   Principal Investigator
Name
:   Dr. A K   Singh
e-mail
:   ictd@ncpor.res.in
Organisation
:   Institute of Nuclear Medicine and Allied Sciences.
Title
Effect of Cold, Isolation and Ultraviolet Radiation Stress on Human Immune System.
Science Keywords
Category
Human Dimensions
Topic
Attitudes/Preferences/Behavior
ISO Topic
Major ions
Expedition Year
1999-2000
Project Details
Project Number
12
Project Name
Effect of Cold, Isolation and Ultraviolet Radiation Stress on Human Immune System.
Summary
Abstract
Stressful environment conditions are a major determinant in immune reactivity. This effect is pronounced in Antarctica expeditioners where they are exposed for long to the isolation, cold and UV radiation stress. Whether these stresses alter the immune system or not, was studied in expedition members at Maitri. Various parameters like Immunoglobulin, Lymphocyte counts, Cytokine and 1, 25-hydroxy Vitamin D-3 were estimated to assess the functional status of the immune cells. Data gathered indicate Antarctic isolation is associated with alterations in the immune system due immunity. These findings have important long-term health implications.
Purpose
The proposed study is undertaken to evaluate and understand the role of UV radiation in modulating the immune response directly or indirectly through vitamin D involvement and to whether the isolation and cold stress supplement this effect.
Dataset Citation
Creator
AK Singh
Editor
AK Singh
Dataset Title
Effect of Cold, Isolation and Ultraviolet Radiation Stress on Human Immune System.
Series Name
1
Release Date
29/09/2020
Release Place
Goa
Version
1
Online Resource
https://npdc.ncpor.res.in/exp_rep/MF1669171009.pdf
Scientist Details
Role
Principal Investigator
Name
Dr. A K   Singh
e-mail
ictd@ncpor.res.in
Phone
8322525515
Mobile Number
8322525515
Institute /
Organization
Institute of Nuclear Medicine and Allied Sciences.
Address
Brig SK Mazumdar Marg, Timarpur, New Delhi, Delhi 110054.
City
New Delhi
State
Delhi
Postal Code
110054
Country
India
Data Center
Short Name
NPDC
Long Name
National Polar Data Center, India
Mail Id
npdc@ncpor.res.in
Phone No
+91 - 832-2525515
Address
Headland Sada
City
Vasco-Da-Gama
State
Goa
Pin Code
403804
Country
India
Instrument Details
Short name
-
Long name
-
Location
Category
Region
Type
Antarctic
Subregion
Maitri
Platform
Short name
-
Long name
-
Data
					Set Progress
Complete
close
save as pdf
If XML not opening,
Click Here!
If download not started,
Click Here!
Search
Quick Links
Contact Us
Data Policy & Guidelines
User Manual
Polar Directory
Data Submission
Common Project Proposal Form
Submit a New Data
For scholars
Dataset by Science Keywords
Dataset by Location
Observation Dataset
Quantarctica
Data Portal
Synoptic Data
Useful Links
Python
Ferret visualization
and analysis Tool
The R Project
© National Centre for Polar and Ocean Research
						(NCPOR), Ministry of Earth Sciences (MoES), Government of India"
Human Dimensions,Attitudes/Preferences/Behavior,Cognitive performance during long-term residence in a polar environment,https://npdc.ncpor.res.in/npdc/search_mf_data.action?search=title&expedition_type=Antarctic&parameter=MF1712434083&userType=user&parameter1=Attitudes%2FPreferences%2FBehavior,"META DATA SEARCH
Home
About
Data
Search For Datasets »
Browse by Keyword
Browse by Location
Data Availability
SOE : Scientific Voyage Details
Other Datasets »
Weather and Environment
Search AWS & Meteorological Datasets
Sagar Kanya Cruise Report
Surface Data at Maitri & Gangotri
Synoptic Data From Bharti Station (2016-21)
Submit Your Data »
New Datasets
Last Submitted Datasets
Other Data Links
Important links »
Polar View
NCMRWF - Southern Ocean
NCMRWF - Sea-ice Arctic
NCMRWF - Sea-ice Antarctic
Polar Directory
Search by Data Types
Free Text
Sign
					In
User Manual
Brief Record
Full Record
View XML
Export PDF
Data pending
Title
Cognitive performance during long-term residence in a polar environment
Abstract
The objective of this study was to determine whether there was significant change in cognitive performance by prolonged duration of residence in polar environment. We examined volunteers (N 18260;4 23, scientific and logistic personnel) who spent fourteen months of continuous stay at Maitri - The Indian research base in Antarctica (70  45 0 S, 11  44 0 E). Cognitive measures (tests of task acquisition, delayed recognition, attention and concentration, and digit symbol substitution) were obtained at the beginning (second month), the middle (seventh month) and the final (twelfth month) phases of prolonged residence in Antarctica. A repeated-measures MANOVA was conducted and the findings indicated a significant increase in percent accuracy in performance of task acquisition, delayed recognition and digit symbol tests that assessed recognition memory and learning.
Purpose
This study attempted to examine cognitive performance over a long-duration of residence in polar environment. Findings indicated positive as well as neutral effect on cognitive performance of winter-over residents.
Basic Information
Release Date
:    1/11/2007
Originating Center
:
Data Set Progress
:    Complete
Data Set Language
:
ISO Topic Categories
Category
:   Human Dimensions
Topic
:   Attitudes/Preferences/Behavior
ISO Topic
:   Major ions
Personnel
Role
:   Principal Investigator
Name
:   Dr. F U  John Paul
e-mail
:   ictd@ncpor.res.in
Organisation
:   Defence Institute of Psychological Research (DIPR)
Title
Cognitive performance during long-term residence in a polar environment
Science Keywords
Category
Human Dimensions
Topic
Attitudes/Preferences/Behavior
ISO Topic
Major ions
Expedition Year
2005-2006
Project Details
Project Number
1
Project Name
Cognitive performance during long-term residence in a polar environment
Summary
Abstract
The objective of this study was to determine whether there was significant change in cognitive performance by prolonged duration of residence in polar environment. We examined volunteers (N 18260;4 23, scientific and logistic personnel) who spent fourteen months of continuous stay at Maitri - The Indian research base in Antarctica (70  45 0 S, 11  44 0 E). Cognitive measures (tests of task acquisition, delayed recognition, attention and concentration, and digit symbol substitution) were obtained at the beginning (second month), the middle (seventh month) and the final (twelfth month) phases of prolonged residence in Antarctica. A repeated-measures MANOVA was conducted and the findings indicated a significant increase in percent accuracy in performance of task acquisition, delayed recognition and digit symbol tests that assessed recognition memory and learning.
Purpose
This study attempted to examine cognitive performance over a long-duration of residence in polar environment. Findings indicated positive as well as neutral effect on cognitive performance of winter-over residents.
Dataset Citation
Creator
F U John Paul
Editor
F U John Paul
Dataset Title
Cognitive performance during long-term residence in a polar environment
Series Name
1
Release Date
1/11/2007
Release Place
Goa
Version
1
Online Resource
Scientist Details
Role
Principal Investigator
Name
Dr. F U  John Paul
e-mail
ictd@ncpor.res.in
Phone
8322525515
Mobile Number
8322525515
Institute /
Organization
Defence Institute of Psychological Research (DIPR)
Address
Lucknow Rd, Timarpur, Delhi, 110054
City
Delhi
State
Delhi
Postal Code
110054
Country
India
Data Center
Short Name
NPDC
Long Name
National Polar Data Center, India
Mail Id
npdc@ncpor.res.in
Phone No
+91 - 832-2525515
Address
Headland Sada
City
Vasco-Da-Gama
State
Goa
Pin Code
403804
Country
India
Instrument Details
Short name
-
Long name
-
Location
Category
Region
Type
Antarctic
Subregion
Maitri
Platform
Short name
-
Long name
-
Data
					Set Progress
Complete
close
save as pdf
If XML not opening,
Click Here!
If download not started,
Click Here!
Search
Quick Links
Contact Us
Data Policy & Guidelines
User Manual
Polar Directory
Data Submission
Common Project Proposal Form
Submit a New Data
For scholars
Dataset by Science Keywords
Dataset by Location
Observation Dataset
Quantarctica
Data Portal
Synoptic Data
Useful Links
Python
Ferret visualization
and analysis Tool
The R Project
© National Centre for Polar and Ocean Research
						(NCPOR), Ministry of Earth Sciences (MoES), Government of India"
Human Dimensions,Attitudes/Preferences/Behavior,"Stress, Anxiety and Loneliness Among 20th Indian Expeditioners at Antarctica During Summer.",https://npdc.ncpor.res.in/npdc/search_mf_data.action?search=title&expedition_type=Antarctic&parameter=MF1817001137&userType=user&parameter1=Attitudes%2FPreferences%2FBehavior,"META DATA SEARCH
Home
About
Data
Search For Datasets »
Browse by Keyword
Browse by Location
Data Availability
SOE : Scientific Voyage Details
Other Datasets »
Weather and Environment
Search AWS & Meteorological Datasets
Sagar Kanya Cruise Report
Surface Data at Maitri & Gangotri
Synoptic Data From Bharti Station (2016-21)
Submit Your Data »
New Datasets
Last Submitted Datasets
Other Data Links
Important links »
Polar View
NCMRWF - Southern Ocean
NCMRWF - Sea-ice Arctic
NCMRWF - Sea-ice Antarctic
Polar Directory
Search by Data Types
Free Text
Sign
					In
User Manual
Brief Record
Full Record
View XML
Export PDF
Get Data
Title
Stress, Anxiety and Loneliness Among 20th Indian Expeditioners at Antarctica During Summer.
Abstract
The ice-covered land of Antarctica seems to appear to the social scientists as stressful due to various reasons, which includes the extreme environmental conditions prevailing there. With the backdrop of the condition prevailing at Antarctica, it was planned to examine the nature and extent of stress under Antarctic conditions, to understand the coping mechanism and direct action taken by people to combat stress, to understand and analyze the correlation between various stressors and to administer and ascertain anxiety levels and perceived loneliness among the groups (N=48) belonging to 20th Indian expedition to Antarctica. The results revealed that the conditions prevailing at the Antarctic base seems to play a major role where all the factors seems to have mingled and affected each other in either positive or negative manner.
Purpose
1. To understand the nature and extent of stress under Antarctic conditions.
2. To administer and ascertain anxiety levels and perceived loneliness among the expeditioners.
3. To understand the coping mechanism and direct action taken by people to combat stress, if any.
4. To understand and analyze the correlation between various stressors.
Basic Information
Release Date
:    30/09/2020
Originating Center
:
Data Set Progress
:    Complete
Data Set Language
:
ISO Topic Categories
Category
:   Human Dimensions
Topic
:   Attitudes/Preferences/Behavior
ISO Topic
:   Major ions
Personnel
Role
:   Principal Investigator
Name
:   Dr. Vinay   Mishra
e-mail
:   ictd@ncpor.res.in
Organisation
:   The Bhopal School of Social Sciences
Title
Stress, Anxiety and Loneliness Among 20th Indian Expeditioners at Antarctica During Summer.
Science Keywords
Category
Human Dimensions
Topic
Attitudes/Preferences/Behavior
ISO Topic
Major ions
Expedition Year
2000-2001
Project Details
Project Number
12
Project Name
Stress, Anxiety and Loneliness Among 20th Indian Expeditioners at Antarctica During Summer.
Summary
Abstract
The ice-covered land of Antarctica seems to appear to the social scientists as stressful due to various reasons, which includes the extreme environmental conditions prevailing there. With the backdrop of the condition prevailing at Antarctica, it was planned to examine the nature and extent of stress under Antarctic conditions, to understand the coping mechanism and direct action taken by people to combat stress, to understand and analyze the correlation between various stressors and to administer and ascertain anxiety levels and perceived loneliness among the groups (N=48) belonging to 20th Indian expedition to Antarctica. The results revealed that the conditions prevailing at the Antarctic base seems to play a major role where all the factors seems to have mingled and affected each other in either positive or negative manner.
Purpose
1. To understand the nature and extent of stress under Antarctic conditions.
2. To administer and ascertain anxiety levels and perceived loneliness among the expeditioners.
3. To understand the coping mechanism and direct action taken by people to combat stress, if any.
4. To understand and analyze the correlation between various stressors.
Dataset Citation
Creator
Vinay Mishra
Editor
Vinay Mishra
Dataset Title
Stress, Anxiety and Loneliness Among 20th Indian Expeditioners at Antarctica During Summer.
Series Name
1
Release Date
30/09/2020
Release Place
Goa
Version
1
Online Resource
http://14.139.119.23:8080/dspace/bitstream/123456789/823/1/Technical+Publication+No.+18%2C+pp+233-241.pdf
Scientist Details
Role
Principal Investigator
Name
Dr. Vinay   Mishra
e-mail
ictd@ncpor.res.in
Phone
8322525515
Mobile Number
8322525515
Institute /
Organization
The Bhopal School of Social Sciences
Address
Department of Psychology and Social Work The Bhopal School of Social Sciences, Habibganj, Bhopal- 462024 (M.P.), India
City
Bhopal
State
Madhya Pradesh
Postal Code
462024
Country
India
Data Center
Short Name
NPDC
Long Name
National Polar Data Center, India
Mail Id
npdc@ncpor.res.in
Phone No
+91 - 832-2525515
Address
Headland Sada
City
Vasco-Da-Gama
State
Goa
Pin Code
403804
Country
India
Instrument Details
Short name
-
Long name
-
Location
Category
Region
Type
Antarctic
Subregion
Maitri
Platform
Short name
-
Long name
-
Data
					Set Progress
Complete
close
save as pdf
If XML not opening,
Click Here!
If download not started,
Click Here!
Search
Quick Links
Contact Us
Data Policy & Guidelines
User Manual
Polar Directory
Data Submission
Common Project Proposal Form
Submit a New Data
For scholars
Dataset by Science Keywords
Dataset by Location
Observation Dataset
Quantarctica
Data Portal
Synoptic Data
Useful Links
Python
Ferret visualization
and analysis Tool
The R Project
© National Centre for Polar and Ocean Research
						(NCPOR), Ministry of Earth Sciences (MoES), Government of India"
Human Dimensions,Attitudes/Preferences/Behavior,Nutritional and psycho-physiological assessment of members of the XVI Antarctica expedition.,https://npdc.ncpor.res.in/npdc/search_mf_data.action?search=title&expedition_type=Antarctic&parameter=MF2026457867&userType=user&parameter1=Attitudes%2FPreferences%2FBehavior,"META DATA SEARCH
Home
About
Data
Search For Datasets »
Browse by Keyword
Browse by Location
Data Availability
SOE : Scientific Voyage Details
Other Datasets »
Weather and Environment
Search AWS & Meteorological Datasets
Sagar Kanya Cruise Report
Surface Data at Maitri & Gangotri
Synoptic Data From Bharti Station (2016-21)
Submit Your Data »
New Datasets
Last Submitted Datasets
Other Data Links
Important links »
Polar View
NCMRWF - Southern Ocean
NCMRWF - Sea-ice Arctic
NCMRWF - Sea-ice Antarctic
Polar Directory
Search by Data Types
Free Text
Sign
					In
User Manual
Brief Record
Full Record
View XML
Export PDF
Get Data
Title
Nutritional and psycho-physiological assessment of members of the XVI Antarctica expedition.
Abstract
The present studies are aimed to evaluate the effects of physiological stress and metabolic requirements necessary to maintain homeostasis and physical and mental functions during stay at Antarctica in expedition members. Nutritional and psycho-physiological assement of the members of the XVI Indian Scientific Expedition to Antarctica was carried alongwith supplementation of vitamins, viz., vitamins, viz., vitamin C and vitamin E to reduce the oxidative stress. Thrity two members of the XVI Inidan Scientific Expendition to Antarctica were taken for the study. Initially, all the members were briefed about the scope of the project and their informal consent obtained. After this, initial paramenters like age, height, weight, etc alongwith body composition which included body fat, lean body mass, amount of water in terms of percent and volume, BMR and hematological parameters including platelet aggregation were recorded.
Purpose
The great number of environmental factors that cambine to influence - physical and mental health of which nutrition is petinent. Food contributes to the building blocks of the body through energy, vitamins and minerals. Nutrition has always played an important role in the history of mankind. Paucity of food, resulting in starvation and deficiency diseases, were and still are powerful contribute to influence the history of mankind. Moreover, along with the increasing. Further, overnutrition can also be a problem and is not a new thing. An excess intake of calories, as well as of particular nutrients, such as fat, cholesterol and sugar, along with inactivity are responsible for the prevalence and accumulation of metabolic derangements that express themselves in cardiovascular risk indicators shaping our current morbidity and mortality data.
Basic Information
Release Date
:    21/09/2020
Originating Center
:
Data Set Progress
:    Complete
Data Set Language
:
ISO Topic Categories
Category
:   Human Dimensions
Topic
:   Attitudes/Preferences/Behavior
ISO Topic
:   Nutrients
Personnel
Role
:   Principal Investigator
Name
:   Dr. Narinder K   Satija
e-mail
:   ictd@ncpor.res.in
Organisation
:   Defence Institute of Physiology and Allied Sciences (DIPAS)
Title
Nutritional and psycho-physiological assessment of members of the XVI Antarctica expedition.
Science Keywords
Category
Human Dimensions
Topic
Attitudes/Preferences/Behavior
ISO Topic
Nutrients
Expedition Year
1996-1997
Project Details
Project Number
12
Project Name
Nutritional and psycho-physiological assessment of members of the XVI Antarctica expedition.
Summary
Abstract
The present studies are aimed to evaluate the effects of physiological stress and metabolic requirements necessary to maintain homeostasis and physical and mental functions during stay at Antarctica in expedition members. Nutritional and psycho-physiological assement of the members of the XVI Indian Scientific Expedition to Antarctica was carried alongwith supplementation of vitamins, viz., vitamins, viz., vitamin C and vitamin E to reduce the oxidative stress. Thrity two members of the XVI Inidan Scientific Expendition to Antarctica were taken for the study. Initially, all the members were briefed about the scope of the project and their informal consent obtained. After this, initial paramenters like age, height, weight, etc alongwith body composition which included body fat, lean body mass, amount of water in terms of percent and volume, BMR and hematological parameters including platelet aggregation were recorded.
Purpose
The great number of environmental factors that cambine to influence - physical and mental health of which nutrition is petinent. Food contributes to the building blocks of the body through energy, vitamins and minerals. Nutrition has always played an important role in the history of mankind. Paucity of food, resulting in starvation and deficiency diseases, were and still are powerful contribute to influence the history of mankind. Moreover, along with the increasing. Further, overnutrition can also be a problem and is not a new thing. An excess intake of calories, as well as of particular nutrients, such as fat, cholesterol and sugar, along with inactivity are responsible for the prevalence and accumulation of metabolic derangements that express themselves in cardiovascular risk indicators shaping our current morbidity and mortality data.
Dataset Citation
Creator
NARINDER K SATIJA
Editor
NARINDER K SATIJA
Dataset Title
Nutritional and psycho-physiological assessment of members of the XVI Antarctica expedition.
Series Name
1
Release Date
21/09/2020
Release Place
Goa
Version
1
Online Resource
http://14.139.119.23:8080/dspace/bitstream/123456789/627/3/ARTICLE+22.pdf
Scientist Details
Role
Principal Investigator
Name
Dr. Narinder K   Satija
e-mail
ictd@ncpor.res.in
Phone
8322525515
Mobile Number
8322525515
Institute /
Organization
Defence Institute of Physiology and Allied Sciences (DIPAS)
Address
Lucknow Rd, Timarpur, New Delhi, Delhi 110054
City
New Delhi
State
Delhi
Postal Code
110054
Country
India
Data Center
Short Name
NPDC
Long Name
National Polar Data Center, India
Mail Id
npdc@ncpor.res.in
Phone No
+91 - 832-2525515
Address
Headland Sada
City
Vasco-Da-Gama
State
Goa
Pin Code
403804
Country
India
Instrument Details
Short name
-
Long name
-
Location
Category
Region
Type
Antarctic
Subregion
Maitri
Platform
Short name
-
Long name
-
Data
					Set Progress
Complete
close
save as pdf
If XML not opening,
Click Here!
If download not started,
Click Here!
Search
Quick Links
Contact Us
Data Policy & Guidelines
User Manual
Polar Directory
Data Submission
Common Project Proposal Form
Submit a New Data
For scholars
Dataset by Science Keywords
Dataset by Location
Observation Dataset
Quantarctica
Data Portal
Synoptic Data
Useful Links
Python
Ferret visualization
and analysis Tool
The R Project
© National Centre for Polar and Ocean Research
						(NCPOR), Ministry of Earth Sciences (MoES), Government of India"
Human Dimensions,Attitudes/Preferences/Behavior,Cognitive and Psychomotor Performance in Extreme and Unusual Environment.,https://npdc.ncpor.res.in/npdc/search_mf_data.action?search=title&expedition_type=Antarctic&parameter=MF215704397&userType=user&parameter1=Attitudes%2FPreferences%2FBehavior,"META DATA SEARCH
Home
About
Data
Search For Datasets »
Browse by Keyword
Browse by Location
Data Availability
SOE : Scientific Voyage Details
Other Datasets »
Weather and Environment
Search AWS & Meteorological Datasets
Sagar Kanya Cruise Report
Surface Data at Maitri & Gangotri
Synoptic Data From Bharti Station (2016-21)
Submit Your Data »
New Datasets
Last Submitted Datasets
Other Data Links
Important links »
Polar View
NCMRWF - Southern Ocean
NCMRWF - Sea-ice Arctic
NCMRWF - Sea-ice Antarctic
Polar Directory
Search by Data Types
Free Text
Sign
					In
User Manual
Brief Record
Full Record
View XML
Export PDF
Get Data
Title
Cognitive and Psychomotor Performance in Extreme and Unusual Environment.
Abstract
The purpose of the study is to examine the effect of long-term residence on cognitive function and to determine the impact o f winter on psychomotor performance of personnel who stayed for long duration in extreme and unusual environment of Antarctica. Twenty-four volunteers from winter-over team of Indian Antarctic Expedition served as participants. For comparison of winter-over and summer personnel on perceptual function, twenty-one subjects from summer team volunteered. The results revealed a positive effect in tasks o f recognition memory, vigilance and learning, and neutral effect in short-term memory for digit recall over prolonged duration o f residence. Spatial discrimination and Miiller-Lyer illusion showed no substantial difference over winter in Antarctica.
Purpose
1. To investigate cognitive performance - task acquisition, delayed recognition, attention and concentration, digit symbol substitution, and vigilance over a long-duration of residence in isolated and extreme environment.

2. To examine the effect o f winter in perceptual function - spatial discrimination and Miiller-Lyer illusion, and to compare winter-over and summer personnel in perceptual function.
3. To determine how prolonged exposure to cold in extreme environment affects psychomotor performance ? hand steadiness, finger dexterity, and two-hand coordination.
Basic Information
Release Date
:    7/10/2020
Originating Center
:
Data Set Progress
:    Complete
Data Set Language
:
ISO Topic Categories
Category
:   Human Dimensions
Topic
:   Attitudes/Preferences/Behavior
ISO Topic
:   Major ions
Personnel
Role
:   Principal Investigator
Name
:   Dr. K   Ramachandran
e-mail
:   ictd@ncpor.res.in
Organisation
:   Defence Institute of Psychological Research (DIPR)
Title
Cognitive and Psychomotor Performance in Extreme and Unusual Environment.
Science Keywords
Category
Human Dimensions
Topic
Attitudes/Preferences/Behavior
ISO Topic
Major ions
Expedition Year
2005-2006
Project Details
Project Number
15
Project Name
Cognitive and Psychomotor Performance in Extreme and Unusual Environment.
Summary
Abstract
The purpose of the study is to examine the effect of long-term residence on cognitive function and to determine the impact o f winter on psychomotor performance of personnel who stayed for long duration in extreme and unusual environment of Antarctica. Twenty-four volunteers from winter-over team of Indian Antarctic Expedition served as participants. For comparison of winter-over and summer personnel on perceptual function, twenty-one subjects from summer team volunteered. The results revealed a positive effect in tasks o f recognition memory, vigilance and learning, and neutral effect in short-term memory for digit recall over prolonged duration o f residence. Spatial discrimination and Miiller-Lyer illusion showed no substantial difference over winter in Antarctica.
Purpose
1. To investigate cognitive performance - task acquisition, delayed recognition, attention and concentration, digit symbol substitution, and vigilance over a long-duration of residence in isolated and extreme environment.

2. To examine the effect o f winter in perceptual function - spatial discrimination and Miiller-Lyer illusion, and to compare winter-over and summer personnel in perceptual function.
3. To determine how prolonged exposure to cold in extreme environment affects psychomotor performance ? hand steadiness, finger dexterity, and two-hand coordination.
Dataset Citation
Creator
K Ramachandran
Editor
K Ramachandran
Dataset Title
Cognitive and Psychomotor Performance in Extreme and Unusual Environment.
Series Name
1
Release Date
7/10/2020
Release Place
Goa
Version
1
Online Resource
http://14.139.119.23:8080/dspace/bitstream/123456789/1005/1/Chapter+1.pdf
Scientist Details
Role
Principal Investigator
Name
Dr. K   Ramachandran
e-mail
ictd@ncpor.res.in
Phone
8322525515
Mobile Number
8322525515
Institute /
Organization
Defence Institute of Psychological Research (DIPR)
Address
Lucknow Rd, Timarpur, Delhi, 110054
City
New Delhi
State
Delhi
Postal Code
110054
Country
India
Data Center
Short Name
NPDC
Long Name
National Polar Data Center, India
Mail Id
npdc@ncpor.res.in
Phone No
+91 - 832-2525515
Address
Headland Sada
City
Vasco-Da-Gama
State
Goa
Pin Code
403804
Country
India
Instrument Details
Short name
-
Long name
-
Location
Category
Region
Type
Antarctic
Subregion
Maitri
Platform
Short name
-
Long name
-
Data
					Set Progress
Complete
close
save as pdf
If XML not opening,
Click Here!
If download not started,
Click Here!
Search
Quick Links
Contact Us
Data Policy & Guidelines
User Manual
Polar Directory
Data Submission
Common Project Proposal Form
Submit a New Data
For scholars
Dataset by Science Keywords
Dataset by Location
Observation Dataset
Quantarctica
Data Portal
Synoptic Data
Useful Links
Python
Ferret visualization
and analysis Tool
The R Project
© National Centre for Polar and Ocean Research
						(NCPOR), Ministry of Earth Sciences (MoES), Government of India"
Human Dimensions,Attitudes/Preferences/Behavior,Role Stress Profiles of Scientists and Defence Personnel in Fifteenth Antarctic Expedition.,https://npdc.ncpor.res.in/npdc/search_mf_data.action?search=title&expedition_type=Antarctic&parameter=MF482418389&userType=user&parameter1=Attitudes%2FPreferences%2FBehavior,"META DATA SEARCH
Home
About
Data
Search For Datasets »
Browse by Keyword
Browse by Location
Data Availability
SOE : Scientific Voyage Details
Other Datasets »
Weather and Environment
Search AWS & Meteorological Datasets
Sagar Kanya Cruise Report
Surface Data at Maitri & Gangotri
Synoptic Data From Bharti Station (2016-21)
Submit Your Data »
New Datasets
Last Submitted Datasets
Other Data Links
Important links »
Polar View
NCMRWF - Southern Ocean
NCMRWF - Sea-ice Arctic
NCMRWF - Sea-ice Antarctic
Polar Directory
Search by Data Types
Free Text
Sign
					In
User Manual
Brief Record
Full Record
View XML
Export PDF
Get Data
Title
Role Stress Profiles of Scientists and Defence Personnel in Fifteenth Antarctic Expedition.
Abstract
Role stress mean differences across scientists and defence personnel were investigated. Results showed significant mean differences between groups on role expectation conflict. Some suggestions to reduce the role stress level are cited.
Purpose
In stress research on Antarctic expeditions, much attention was paid to assess the psychiatric disturbances (Bell and Garthwaite, 1987; De Monchaux et al, 1979; Strange and Klein, 1973; Palami, 1963; Mullin, 1960), depression (Biersner and Hogan, 1984), personality traits (Dutta Roy, 1992), and state anxiety levels (Dutta Roy and Deb, 1995; 1996) of the expeditioners. Studies assumed environmental changes as important predictor of stress in Antarctica. Like physical environment, some psycho-social factors like loneliness and role stress might cause the psychiatric disturbances among the expeditioners. Present study attempts to describe role stress pattern among the expeditioners. No attention was paid to study the role stress pattern of expeditioners in earlier studies.
Basic Information
Release Date
:    17/09/2020
Originating Center
:
Data Set Progress
:    Complete
Data Set Language
:
ISO Topic Categories
Category
:   Human Dimensions
Topic
:   Attitudes/Preferences/Behavior
ISO Topic
:   Nutrients
Personnel
Role
:   Principal Investigator
Name
:   Dr. D Dutta   Roy
e-mail
:   ictd@ncpor.res.in
Organisation
:   Indian Statistical Institute (ISI)
Title
Role Stress Profiles of Scientists and Defence Personnel in Fifteenth Antarctic Expedition.
Science Keywords
Category
Human Dimensions
Topic
Attitudes/Preferences/Behavior
ISO Topic
Nutrients
Expedition Year
1995-1996
Project Details
Project Number
14
Project Name
Role Stress Profiles of Scientists and Defence Personnel in Fifteenth Antarctic Expedition.
Summary
Abstract
Role stress mean differences across scientists and defence personnel were investigated. Results showed significant mean differences between groups on role expectation conflict. Some suggestions to reduce the role stress level are cited.
Purpose
In stress research on Antarctic expeditions, much attention was paid to assess the psychiatric disturbances (Bell and Garthwaite, 1987; De Monchaux et al, 1979; Strange and Klein, 1973; Palami, 1963; Mullin, 1960), depression (Biersner and Hogan, 1984), personality traits (Dutta Roy, 1992), and state anxiety levels (Dutta Roy and Deb, 1995; 1996) of the expeditioners. Studies assumed environmental changes as important predictor of stress in Antarctica. Like physical environment, some psycho-social factors like loneliness and role stress might cause the psychiatric disturbances among the expeditioners. Present study attempts to describe role stress pattern among the expeditioners. No attention was paid to study the role stress pattern of expeditioners in earlier studies.
Dataset Citation
Creator
D Dutta Roy
Editor
D Dutta Roy
Dataset Title
Role Stress Profiles of Scientists and Defence Personnel in Fifteenth Antarctic Expedition.
Series Name
1
Release Date
17/09/2020
Release Place
Goa
Version
1
Online Resource
http://14.139.119.23:8080/dspace/bitstream/123456789/473/3/ARTICLE+29.pdf
Scientist Details
Role
Principal Investigator
Name
Dr. D Dutta   Roy
e-mail
ictd@ncpor.res.in
Phone
8322525515
Mobile Number
8322525515
Institute /
Organization
Indian Statistical Institute (ISI)
Address
Plot No, 203, BT Rd, Dunlop, Bonhooghly Government Colony, Baranagar, Kolkata, West Bengal 700108.
City
Kolkata
State
West Bengal
Postal Code
700108
Country
India
Data Center
Short Name
NPDC
Long Name
National Polar Data Center, India
Mail Id
npdc@ncpor.res.in
Phone No
+91 - 832-2525515
Address
Headland Sada
City
Vasco-Da-Gama
State
Goa
Pin Code
403804
Country
India
Instrument Details
Short name
-
Long name
-
Location
Category
Region
Type
Antarctic
Subregion
Maitri
Platform
Short name
-
Long name
-
Data
					Set Progress
Complete
close
save as pdf
If XML not opening,
Click Here!
If download not started,
Click Here!
Search
Quick Links
Contact Us
Data Policy & Guidelines
User Manual
Polar Directory
Data Submission
Common Project Proposal Form
Submit a New Data
For scholars
Dataset by Science Keywords
Dataset by Location
Observation Dataset
Quantarctica
Data Portal
Synoptic Data
Useful Links
Python
Ferret visualization
and analysis Tool
The R Project
© National Centre for Polar and Ocean Research
						(NCPOR), Ministry of Earth Sciences (MoES), Government of India"
Human Dimensions,Attitudes/Preferences/Behavior,"Assessment of Psychological Health and Morbidity, Adaptation and Cognitive Functioning During 27th Indian Antarctic Expedition.",https://npdc.ncpor.res.in/npdc/search_mf_data.action?search=title&expedition_type=Antarctic&parameter=MF527427237&userType=user&parameter1=Attitudes%2FPreferences%2FBehavior,"META DATA SEARCH
Home
About
Data
Search For Datasets »
Browse by Keyword
Browse by Location
Data Availability
SOE : Scientific Voyage Details
Other Datasets »
Weather and Environment
Search AWS & Meteorological Datasets
Sagar Kanya Cruise Report
Surface Data at Maitri & Gangotri
Synoptic Data From Bharti Station (2016-21)
Submit Your Data »
New Datasets
Last Submitted Datasets
Other Data Links
Important links »
Polar View
NCMRWF - Southern Ocean
NCMRWF - Sea-ice Arctic
NCMRWF - Sea-ice Antarctic
Polar Directory
Search by Data Types
Free Text
Sign
					In
User Manual
Brief Record
Full Record
View XML
Export PDF
Get Data
Title
Assessment of Psychological Health and Morbidity, Adaptation and Cognitive Functioning During 27th Indian Antarctic Expedition.
Abstract
Antarctic expeditions of all nations have reported similar psychological problems due to prolonged isolation, confinement within small groups and restricted leisure. The present study has carried out a longitudinal assessment of members of the 27th Indian Expedition to Antarctica. Their general and psychological health, cognitive functioning, interpersonal adjustments, level of motivation, consumption of tobacco and alcohol as a coping-strategy have been observed and analyzed.
Purpose
i) To make structured and longitudinal assessment of general health and psychological changes among members of Indian expedition to Antarctica.
ii) To study changes in cognitive functions of members on longitudinal basis.
iii) To study changes in motivation during the entire period of stay at Maitri station.
iv) To study pattern of cigarette smoking and alcohol consumption as a way of coping, during the entire period of stay at Antarctica.
Basic Information
Release Date
:    12/10/2020
Originating Center
:
Data Set Progress
:    Complete
Data Set Language
:
ISO Topic Categories
Category
:   Human Dimensions
Topic
:   Attitudes/Preferences/Behavior
ISO Topic
:   Nutrients
Personnel
Role
:   Principal Investigator
Name
:   Dr. Sudhir   K Khandelwal
e-mail
:   ictd@ncpor.res.in
Organisation
:   National Centre for Polar and Ocean Research (NCPOR)
Title
Assessment of Psychological Health and Morbidity, Adaptation and Cognitive Functioning During 27th Indian Antarctic Expedition.
Science Keywords
Category
Human Dimensions
Topic
Attitudes/Preferences/Behavior
ISO Topic
Nutrients
Expedition Year
2007-2008
Project Details
Project Number
19
Project Name
Assessment of Psychological Health and Morbidity, Adaptation and Cognitive Functioning During 27th Indian Antarctic Expedition.
Summary
Abstract
Antarctic expeditions of all nations have reported similar psychological problems due to prolonged isolation, confinement within small groups and restricted leisure. The present study has carried out a longitudinal assessment of members of the 27th Indian Expedition to Antarctica. Their general and psychological health, cognitive functioning, interpersonal adjustments, level of motivation, consumption of tobacco and alcohol as a coping-strategy have been observed and analyzed.
Purpose
i) To make structured and longitudinal assessment of general health and psychological changes among members of Indian expedition to Antarctica.
ii) To study changes in cognitive functions of members on longitudinal basis.
iii) To study changes in motivation during the entire period of stay at Maitri station.
iv) To study pattern of cigarette smoking and alcohol consumption as a way of coping, during the entire period of stay at Antarctica.
Dataset Citation
Creator
Sudhir K Khandelwal
Editor
Sudhir K Khandelwal
Dataset Title
Assessment of Psychological Health and Morbidity, Adaptation and Cognitive Functioning During 27th Indian Antarctic Expedition.
Series Name
1
Release Date
12/10/2020
Release Place
Goa
Version
1
Online Resource
http://14.139.119.23:8080/dspace/bitstream/123456789/1099/1/Chapter+1.pdf
Scientist Details
Role
Principal Investigator
Name
Dr. Sudhir   K Khandelwal
e-mail
ictd@ncpor.res.in
Phone
8322525515
Mobile Number
8322525515
Institute /
Organization
National Centre for Polar and Ocean Research (NCPOR)
Address
Headland Sada, Vasco da Gama, Goa 403802
City
Vasco da Gama
State
Goa
Postal Code
403802
Country
India
Data Center
Short Name
NPDC
Long Name
National Polar Data Center, India
Mail Id
npdc@ncpor.res.in
Phone No
+91 - 832-2525515
Address
Headland Sada
City
Vasco-Da-Gama
State
Goa
Pin Code
403804
Country
India
Instrument Details
Short name
-
Long name
-
Location
Category
Region
Type
Antarctic
Subregion
Maitri
Platform
Short name
-
Long name
-
Data
					Set Progress
Complete
close
save as pdf
If XML not opening,
Click Here!
If download not started,
Click Here!
Search
Quick Links
Contact Us
Data Policy & Guidelines
User Manual
Polar Directory
Data Submission
Common Project Proposal Form
Submit a New Data
For scholars
Dataset by Science Keywords
Dataset by Location
Observation Dataset
Quantarctica
Data Portal
Synoptic Data
Useful Links
Python
Ferret visualization
and analysis Tool
The R Project
© National Centre for Polar and Ocean Research
						(NCPOR), Ministry of Earth Sciences (MoES), Government of India"
Human Dimensions,Boundaries,Report on Mapping in Antarctica During 18th Indian Scientific Expedition to Antarctica.,https://npdc.ncpor.res.in/npdc/search_mf_data.action?search=title&expedition_type=Antarctic&parameter=MF-1908196712&userType=user&parameter1=Boundaries,"META DATA SEARCH
Home
About
Data
Search For Datasets »
Browse by Keyword
Browse by Location
Data Availability
SOE : Scientific Voyage Details
Other Datasets »
Weather and Environment
Search AWS & Meteorological Datasets
Sagar Kanya Cruise Report
Surface Data at Maitri & Gangotri
Synoptic Data From Bharti Station (2016-21)
Submit Your Data »
New Datasets
Last Submitted Datasets
Other Data Links
Important links »
Polar View
NCMRWF - Southern Ocean
NCMRWF - Sea-ice Arctic
NCMRWF - Sea-ice Antarctic
Polar Directory
Search by Data Types
Free Text
Sign
					In
User Manual
Brief Record
Full Record
View XML
Export PDF
Get Data
Title
Report on Mapping in Antarctica During 18th Indian Scientific Expedition to Antarctica.
Abstract
In this describes the various steps involved in the detail and contour (i.e. Original Plane Tabling) survey on scale 1:1,000 with 1 m contour interval for the proposed summer camp site which is North West of Indian station Maitri. It also narrates as to how the precise ground control network was formed which is a basic need for geographical field work and how Survey of India extended survey facilities to Geological Survey of India and Scientist of various participant organizations for carrying out their scientific activities in an efficient manner.
Purpose
The developments due to the scientific activities carried out during the first nine Indian Scientific Expedition to Antarctica (ISEA) necessitated the provision of geographical control and mapping in the surroundings of Indian station Maitri located in east Antarctica. Survey of India was identified by the Department of Ocean Development to carryout mapping task from tenth ISEA onward.
Basic Information
Release Date
:    25/09/2020
Originating Center
:
Data Set Progress
:    Complete
Data Set Language
:
ISO Topic Categories
Category
:   Human Dimensions
Topic
:   Boundaries
ISO Topic
:   Boundaries
Personnel
Role
:   Principal Investigator
Name
:   Dr. Kamal   Sharma
e-mail
:   ictd@ncpor.res.in
Organisation
:   Survey of India (SOI)
Title
Report on Mapping in Antarctica During 18th Indian Scientific Expedition to Antarctica.
Science Keywords
Category
Human Dimensions
Topic
Boundaries
ISO Topic
Boundaries
Expedition Year
1998-1999
Project Details
Project Number
5
Project Name
Report on Mapping in Antarctica During 18th Indian Scientific Expedition to Antarctica.
Summary
Abstract
In this describes the various steps involved in the detail and contour (i.e. Original Plane Tabling) survey on scale 1:1,000 with 1 m contour interval for the proposed summer camp site which is North West of Indian station Maitri. It also narrates as to how the precise ground control network was formed which is a basic need for geographical field work and how Survey of India extended survey facilities to Geological Survey of India and Scientist of various participant organizations for carrying out their scientific activities in an efficient manner.
Purpose
The developments due to the scientific activities carried out during the first nine Indian Scientific Expedition to Antarctica (ISEA) necessitated the provision of geographical control and mapping in the surroundings of Indian station Maitri located in east Antarctica. Survey of India was identified by the Department of Ocean Development to carryout mapping task from tenth ISEA onward.
Dataset Citation
Creator
Kamal Sharma
Editor
Kamal Sharma
Dataset Title
Report on Mapping in Antarctica During 18th Indian Scientific Expedition to Antarctica.
Series Name
1
Release Date
25/09/2020
Release Place
Goa
Version
1
Online Resource
http://14.139.119.23:8080/dspace/bitstream/123456789/549/3/ARTICLE+9.pdf
Scientist Details
Role
Principal Investigator
Name
Dr. Kamal   Sharma
e-mail
ictd@ncpor.res.in
Phone
8322525515
Mobile Number
8322525515
Institute /
Organization
Survey of India (SOI)
Address
Map Archive & Dissemination Centre,?Hathibarkala Estate, New Cantt Road,?PIN - 248 001,
City
Dehra Dun
State
Uttaranchal
Postal Code
248001
Country
India
Data Center
Short Name
NPDC
Long Name
National Polar Data Center, India
Mail Id
npdc@ncpor.res.in
Phone No
+91 - 832-2525515
Address
Headland Sada
City
Vasco-Da-Gama
State
Goa
Pin Code
403804
Country
India
Instrument Details
Short name
-
Long name
-
Location
Category
Region
Type
Antarctic
Subregion
Maitri
Platform
Short name
-
Long name
-
Data
					Set Progress
Complete
close
save as pdf
If XML not opening,
Click Here!
If download not started,
Click Here!
Search
Quick Links
Contact Us
Data Policy & Guidelines
User Manual
Polar Directory
Data Submission
Common Project Proposal Form
Submit a New Data
For scholars
Dataset by Science Keywords
Dataset by Location
Observation Dataset
Quantarctica
Data Portal
Synoptic Data
Useful Links
Python
Ferret visualization
and analysis Tool
The R Project
© National Centre for Polar and Ocean Research
						(NCPOR), Ministry of Earth Sciences (MoES), Government of India"
Sun-earth Interactions,Surface Water,UV Radiation and Primary Production in the Antarctic Waters.,https://npdc.ncpor.res.in/npdc/search_mf_data.action?search=title&expedition_type=Antarctic&parameter=MF-1083013113&userType=user&parameter1=Surface+Water,"META DATA SEARCH
Home
About
Data
Search For Datasets »
Browse by Keyword
Browse by Location
Data Availability
SOE : Scientific Voyage Details
Other Datasets »
Weather and Environment
Search AWS & Meteorological Datasets
Sagar Kanya Cruise Report
Surface Data at Maitri & Gangotri
Synoptic Data From Bharti Station (2016-21)
Submit Your Data »
New Datasets
Last Submitted Datasets
Other Data Links
Important links »
Polar View
NCMRWF - Southern Ocean
NCMRWF - Sea-ice Arctic
NCMRWF - Sea-ice Antarctic
Polar Directory
Search by Data Types
Free Text
Sign
					In
User Manual
Brief Record
Full Record
View XML
Export PDF
Get Data
Title
UV Radiation and Primary Production in the Antarctic Waters.
Abstract
A profiling underwater radiometer was used for the first time in the waters around Indian Antarctic Station (70?46'S & 1 l?44'E) in the summer of 1994. The profiles include natural fluorescence (upwelled radiance at 683 nm), scalar irradiance (photosynthetically active radiation (PAR), computed primary production (pp), diffuse attenuation coefficient, and UVB (308 and 320 nm) and UVA (340 and 380 nm) radiation and ocean temperature all measured as a function of depth from 21/1/94 to 673/94. Fifteen stations in the Antarctic waters (69?53' to 70?02'S) and 6 en route (64?53' to 30?01'S) were analysed. The average values for surface chlorophyll a and pp were higher for temperate than for Antarctic waters (1.68 mg/m3 and 216.56 mgC/m3 /d respectively). The values for column chlorophyll (22.48 mg/m2) and primary productivity (1023.79 mgC/m2 /d) in the Antarctic waters however, were 2.14 and 1.5 times higher than those in temperate waters.
Purpose
A profiling underwater radiometer (Biospherical Instruments Inc. San Diego, CA, USA) was used to procure data on chlorophyll a (chl a) derived from natural fluorescence (upwelled radiance at 683 nm, scalar irradiance-PAR (photosynthetically available radiation), diffuse attenuation coefficient (K), computed primary production (pp), UVB and UVA radiation as function of depth from 15 stations in the Antarctic waters (69?53' to 70?02'S) and 6 stations from Temperate waters (64?53S to 30?01'S). The instrument enables to assess the effect of sub-surface transmission of UVR in aquatic environments.
Basic Information
Release Date
:    15/09/2020
Originating Center
:
Data Set Progress
:    Complete
Data Set Language
:
ISO Topic Categories
Category
:   Sun-Earth Interactions
Topic
:   Surface Water
ISO Topic
:   Biodiversity and Biotechnological Potential
Personnel
Role
:   Principal Investigator
Name
:   Dr. P A  Loka Bharathi
e-mail
:   ictd@ncpor.res.in
Organisation
:   National Institute Of Oceanography (NIO)
Title
UV Radiation and Primary Production in the Antarctic Waters.
Science Keywords
Category
Sun-Earth Interactions
Topic
Surface Water
ISO Topic
Biodiversity and Biotechnological Potential
Expedition Year
1993-1994
Project Details
Project Number
13
Project Name
UV Radiation and Primary Production in the Antarctic Waters.
Summary
Abstract
A profiling underwater radiometer was used for the first time in the waters around Indian Antarctic Station (70?46'S & 1 l?44'E) in the summer of 1994. The profiles include natural fluorescence (upwelled radiance at 683 nm), scalar irradiance (photosynthetically active radiation (PAR), computed primary production (pp), diffuse attenuation coefficient, and UVB (308 and 320 nm) and UVA (340 and 380 nm) radiation and ocean temperature all measured as a function of depth from 21/1/94 to 673/94. Fifteen stations in the Antarctic waters (69?53' to 70?02'S) and 6 en route (64?53' to 30?01'S) were analysed. The average values for surface chlorophyll a and pp were higher for temperate than for Antarctic waters (1.68 mg/m3 and 216.56 mgC/m3 /d respectively). The values for column chlorophyll (22.48 mg/m2) and primary productivity (1023.79 mgC/m2 /d) in the Antarctic waters however, were 2.14 and 1.5 times higher than those in temperate waters.
Purpose
A profiling underwater radiometer (Biospherical Instruments Inc. San Diego, CA, USA) was used to procure data on chlorophyll a (chl a) derived from natural fluorescence (upwelled radiance at 683 nm, scalar irradiance-PAR (photosynthetically available radiation), diffuse attenuation coefficient (K), computed primary production (pp), UVB and UVA radiation as function of depth from 15 stations in the Antarctic waters (69?53' to 70?02'S) and 6 stations from Temperate waters (64?53S to 30?01'S). The instrument enables to assess the effect of sub-surface transmission of UVR in aquatic environments.
Dataset Citation
Creator
P A LOKA BHARATHI
Editor
P A LOKA BHARATHI
Dataset Title
UV Radiation and Primary Production in the Antarctic Waters.
Series Name
1
Release Date
15/09/2020
Release Place
Goa
Version
1
Online Resource
http://14.139.119.23:8080/dspace/bitstream/123456789/720/1/Pages+from+13TH+INDIAN+EXPEDITION+325-336.pdf
Scientist Details
Role
Principal Investigator
Name
Dr. P A  Loka Bharathi
e-mail
ictd@ncpor.res.in
Phone
8322525515
Mobile Number
8322525515
Institute /
Organization
National Institute Of Oceanography (NIO)
Address
Raj Bhavan Rd, Dona Paula, Goa 403004.
City
Dona Paula
State
Goa
Postal Code
403004
Country
India
Data Center
Short Name
NPDC
Long Name
National Polar Data Center, India
Mail Id
npdc@ncpor.res.in
Phone No
+91 - 832-2525515
Address
Headland Sada
City
Vasco-Da-Gama
State
Goa
Pin Code
403804
Country
India
Instrument Details
Short name
-
Long name
-
Location
Category
Region
Type
Antarctic
Subregion
Maitri
Platform
Short name
-
Long name
-
Data
					Set Progress
Complete
close
save as pdf
If XML not opening,
Click Here!
If download not started,
Click Here!
Search
Quick Links
Contact Us
Data Policy & Guidelines
User Manual
Polar Directory
Data Submission
Common Project Proposal Form
Submit a New Data
For scholars
Dataset by Science Keywords
Dataset by Location
Observation Dataset
Quantarctica
Data Portal
Synoptic Data
Useful Links
Python
Ferret visualization
and analysis Tool
The R Project
© National Centre for Polar and Ocean Research
						(NCPOR), Ministry of Earth Sciences (MoES), Government of India"
Sun-earth Interactions,Surface Water,Water and Wastewater Management at Indian Station Maitri in Antarctica.,https://npdc.ncpor.res.in/npdc/search_mf_data.action?search=title&expedition_type=Antarctic&parameter=MF-160634413&userType=user&parameter1=Surface+Water,"META DATA SEARCH
Home
About
Data
Search For Datasets »
Browse by Keyword
Browse by Location
Data Availability
SOE : Scientific Voyage Details
Other Datasets »
Weather and Environment
Search AWS & Meteorological Datasets
Sagar Kanya Cruise Report
Surface Data at Maitri & Gangotri
Synoptic Data From Bharti Station (2016-21)
Submit Your Data »
New Datasets
Last Submitted Datasets
Other Data Links
Important links »
Polar View
NCMRWF - Southern Ocean
NCMRWF - Sea-ice Arctic
NCMRWF - Sea-ice Antarctic
Polar Directory
Search by Data Types
Free Text
Sign
					In
User Manual
Brief Record
Full Record
View XML
Export PDF
Get Data
Title
Water and Wastewater Management at Indian Station Maitri in Antarctica.
Abstract
In accordance to environmental protocol to Antarctic treaty, monitoring of surface waters and wastewaters around Indian Antarctic station Maitri was carried out as a part of EI A studies during austral summer of 1993-94. Surface water sources like Zub lake, its feeding glacier waters, control lake and a seepage channel meeting to Zub lake were identified and samples were analysed for physical, inorganics (chloride, sulphate), nutrients (nitrate, phosphate), organics (TOC, hydrocarbon) and selective heavy metal levels. The results indicate that barring seepage water, all the samples possessed characteristics for drinking water qualities stipulated by WHO. However, glacier water at western side of the station showed an increasing trend of nutrients, dissolved solids, EC and heavy metals as compared to those to eastern side of the station. The above parameters increased substantially in seepage water indicating due attention to this channel of unknown origin.
Purpose
The Indian permanent station 'Maitri' is located at latitude 70?45'53""S & longitude 11?44'3""E and situated on Schirmacher hills of East Antarctica. The station has been functioning smoothly since its commissioning in the austral summer of 1988-89 and has withstood the test of the time. While establishing this station, various environmental aspects had been taken into consideration to ensure that as little a damage to the environment is done. There are innumerable number of freshwater lakes in the Antarctic continent. The 'Zub lake', formally known as 'Priyadarshini lake', covering an area of approximately 0.35 sq km and located close to N-E side of Maitri station has been taken into consideration for its physico-chemical characteristics as it is the only source of drinking water to the inmates of Maitri station. The locations of summer camp urinal and bathroom near the lake and a seepage channel emerging at higher elevation close to wastewater ponds.
Basic Information
Release Date
:    15/09/2020
Originating Center
:
Data Set Progress
:    Complete
Data Set Language
:
ISO Topic Categories
Category
:   Sun-Earth Interactions
Topic
:   Surface Water
ISO Topic
:   Meteorology
Personnel
Role
:   Principal Investigator
Name
:   Dr. T K   Ghosh
e-mail
:   ictd@ncpor.res.in
Organisation
:   National Environmental Engineering Research Institute (NEERI)
Title
Water and Wastewater Management at Indian Station Maitri in Antarctica.
Science Keywords
Category
Sun-Earth Interactions
Topic
Surface Water
ISO Topic
Meteorology
Expedition Year
1993-1994
Project Details
Project Number
11
Project Name
Water and Wastewater Management at Indian Station Maitri in Antarctica.
Summary
Abstract
In accordance to environmental protocol to Antarctic treaty, monitoring of surface waters and wastewaters around Indian Antarctic station Maitri was carried out as a part of EI A studies during austral summer of 1993-94. Surface water sources like Zub lake, its feeding glacier waters, control lake and a seepage channel meeting to Zub lake were identified and samples were analysed for physical, inorganics (chloride, sulphate), nutrients (nitrate, phosphate), organics (TOC, hydrocarbon) and selective heavy metal levels. The results indicate that barring seepage water, all the samples possessed characteristics for drinking water qualities stipulated by WHO. However, glacier water at western side of the station showed an increasing trend of nutrients, dissolved solids, EC and heavy metals as compared to those to eastern side of the station. The above parameters increased substantially in seepage water indicating due attention to this channel of unknown origin.
Purpose
The Indian permanent station 'Maitri' is located at latitude 70?45'53""S & longitude 11?44'3""E and situated on Schirmacher hills of East Antarctica. The station has been functioning smoothly since its commissioning in the austral summer of 1988-89 and has withstood the test of the time. While establishing this station, various environmental aspects had been taken into consideration to ensure that as little a damage to the environment is done. There are innumerable number of freshwater lakes in the Antarctic continent. The 'Zub lake', formally known as 'Priyadarshini lake', covering an area of approximately 0.35 sq km and located close to N-E side of Maitri station has been taken into consideration for its physico-chemical characteristics as it is the only source of drinking water to the inmates of Maitri station. The locations of summer camp urinal and bathroom near the lake and a seepage channel emerging at higher elevation close to wastewater ponds.
Dataset Citation
Creator
T K GHOSH
Editor
T K GHOSH
Dataset Title
Water and Wastewater Management at Indian Station Maitri in Antarctica.
Series Name
1
Release Date
15/09/2020
Release Place
Goa
Version
1
Online Resource
http://14.139.119.23:8080/dspace/bitstream/123456789/715/1/Pages+from+13TH+INDIAN+EXPEDITION+305-315.pdf
Scientist Details
Role
Principal Investigator
Name
Dr. T K   Ghosh
e-mail
ictd@ncpor.res.in
Phone
8322525515
Mobile Number
8322525515
Institute /
Organization
National Environmental Engineering Research Institute (NEERI)
Address
Nehru Marg, Vasant Nagar, Nagpur, Maharashtra 440020.
City
Nagpur
State
Maharashtra
Postal Code
440020
Country
India
Data Center
Short Name
NPDC
Long Name
National Polar Data Center, India
Mail Id
npdc@ncpor.res.in
Phone No
+91 - 832-2525515
Address
Headland Sada
City
Vasco-Da-Gama
State
Goa
Pin Code
403804
Country
India
Instrument Details
Short name
-
Long name
-
Location
Category
Region
Type
Antarctic
Subregion
Schirmacher Oasis
Platform
Short name
-
Long name
-
Data
					Set Progress
Complete
close
save as pdf
If XML not opening,
Click Here!
If download not started,
Click Here!
Search
Quick Links
Contact Us
Data Policy & Guidelines
User Manual
Polar Directory
Data Submission
Common Project Proposal Form
Submit a New Data
For scholars
Dataset by Science Keywords
Dataset by Location
Observation Dataset
Quantarctica
Data Portal
Synoptic Data
Useful Links
Python
Ferret visualization
and analysis Tool
The R Project
© National Centre for Polar and Ocean Research
						(NCPOR), Ministry of Earth Sciences (MoES), Government of India"
Sun-earth Interactions,Surface Water,"Biotic Features of Selective Surface Water Bodies around Indian Station Maitri in Schirmacher Oasis, Antarctica.",https://npdc.ncpor.res.in/npdc/search_mf_data.action?search=title&expedition_type=Antarctic&parameter=MF325054173&userType=user&parameter1=Surface+Water,"META DATA SEARCH
Home
About
Data
Search For Datasets »
Browse by Keyword
Browse by Location
Data Availability
SOE : Scientific Voyage Details
Other Datasets »
Weather and Environment
Search AWS & Meteorological Datasets
Sagar Kanya Cruise Report
Surface Data at Maitri & Gangotri
Synoptic Data From Bharti Station (2016-21)
Submit Your Data »
New Datasets
Last Submitted Datasets
Other Data Links
Important links »
Polar View
NCMRWF - Southern Ocean
NCMRWF - Sea-ice Arctic
NCMRWF - Sea-ice Antarctic
Polar Directory
Search by Data Types
Free Text
Sign
					In
User Manual
Brief Record
Full Record
View XML
Export PDF
Get Data
Title
Biotic Features of Selective Surface Water Bodies around Indian Station Maitri in Schirmacher Oasis, Antarctica.
Abstract
Commensurate to environmental protocol to Antarctic Treaty, monitoring of biota at different water bodies around Indian Station Maitri was carried out in January-February 1994. Studies covered enumeration of individual phytoplankton, zooplankton & meiobenthic organisms; application of Shannon weaver diversity index & similarity index, and evaluation of food web trophic levels & ecological pyramid. Sixteen, 7 and 1 varieties of phytoplankton, zooplankton and meiofauna respectively were recorded in Zub lake. The lake which receives water from nearby glaciers and measures 0.35 sq.km. is the source of water for Maitri. Besides plankton, the lake represented detritus and moss at different trophic levels. Considering producer and first consumers as the two-step trophic structure, ecological pyramid on the basis of biomass has been formulated for Zub lake. Details towards variations of flora and fauna among different water bodies, probable reasons for such variations and ecological efficiency
Purpose
The continuously increasing interest in, and exploitation of, the natural resources of the Antarctic continent and its surrounding waters by a number of nations, requires a comprehensive knowledge of the Antarctic ecosystem if that ecosystem is to be effectively managed and conserved. Few attempts were made to investigate biota at shallow freshwater lakes in Schirmacher Oasis of Antarctica (Komarek and Ruzicka 1966, Kaup 1988, Ingolc and Parulekar 1993). Although species composition and, to a limited extent, ecology of the biota have been determined in a few studies, quantitative data are still inadequate. In general, Antarctic lakes possess relatively short and simple food chain. Kok and Grobbelaar (1978) stated that the zooplankton occupy the top of the food chain due to the absence of fish in Marion island's lakes. They found a significant correlation between average primary production rates measured by Grobbelaar (1974) and zooplankton biomass in various water bodies.
Basic Information
Release Date
:    15/09/2020
Originating Center
:
Data Set Progress
:    Complete
Data Set Language
:
ISO Topic Categories
Category
:   Sun-Earth Interactions
Topic
:   Surface Water
ISO Topic
:   Meteorology
Personnel
Role
:   Principal Investigator
Name
:   Dr. T K   Ghosh
e-mail
:   ictd@ncpor.res.in
Organisation
:   National Environmental Engineering Research Institute (NEERI)
Title
Biotic Features of Selective Surface Water Bodies around Indian Station Maitri in Schirmacher Oasis, Antarctica.
Science Keywords
Category
Sun-Earth Interactions
Topic
Surface Water
ISO Topic
Meteorology
Expedition Year
1993-1994
Project Details
Project Number
12
Project Name
Biotic Features of Selective Surface Water Bodies around Indian Station Maitri in Schirmacher Oasis, Antarctica.
Summary
Abstract
Commensurate to environmental protocol to Antarctic Treaty, monitoring of biota at different water bodies around Indian Station Maitri was carried out in January-February 1994. Studies covered enumeration of individual phytoplankton, zooplankton & meiobenthic organisms; application of Shannon weaver diversity index & similarity index, and evaluation of food web trophic levels & ecological pyramid. Sixteen, 7 and 1 varieties of phytoplankton, zooplankton and meiofauna respectively were recorded in Zub lake. The lake which receives water from nearby glaciers and measures 0.35 sq.km. is the source of water for Maitri. Besides plankton, the lake represented detritus and moss at different trophic levels. Considering producer and first consumers as the two-step trophic structure, ecological pyramid on the basis of biomass has been formulated for Zub lake. Details towards variations of flora and fauna among different water bodies, probable reasons for such variations and ecological efficiency
Purpose
The continuously increasing interest in, and exploitation of, the natural resources of the Antarctic continent and its surrounding waters by a number of nations, requires a comprehensive knowledge of the Antarctic ecosystem if that ecosystem is to be effectively managed and conserved. Few attempts were made to investigate biota at shallow freshwater lakes in Schirmacher Oasis of Antarctica (Komarek and Ruzicka 1966, Kaup 1988, Ingolc and Parulekar 1993). Although species composition and, to a limited extent, ecology of the biota have been determined in a few studies, quantitative data are still inadequate. In general, Antarctic lakes possess relatively short and simple food chain. Kok and Grobbelaar (1978) stated that the zooplankton occupy the top of the food chain due to the absence of fish in Marion island's lakes. They found a significant correlation between average primary production rates measured by Grobbelaar (1974) and zooplankton biomass in various water bodies.
Dataset Citation
Creator
T K GHOSH
Editor
T K GHOSH
Dataset Title
Biotic Features of Selective Surface Water Bodies around Indian Station Maitri in Schirmacher Oasis, Antarctica.
Series Name
1
Release Date
15/09/2020
Release Place
Goa
Version
1
Online Resource
http://14.139.119.23:8080/dspace/bitstream/123456789/712/1/Pages+from+13TH+INDIAN+EXPEDITION+294-303.pdf
Scientist Details
Role
Principal Investigator
Name
Dr. T K   Ghosh
e-mail
ictd@ncpor.res.in
Phone
8322525515
Mobile Number
8322525515
Institute /
Organization
National Environmental Engineering Research Institute (NEERI)
Address
Nehru Marg, Vasant Nagar, Nagpur, Maharashtra-440020.
City
Nagpur
State
Maharashtra
Postal Code
440020
Country
India
Data Center
Short Name
NPDC
Long Name
National Polar Data Center, India
Mail Id
npdc@ncpor.res.in
Phone No
+91 - 832-2525515
Address
Headland Sada
City
Vasco-Da-Gama
State
Goa
Pin Code
403804
Country
India
Instrument Details
Short name
-
Long name
-
Location
Category
Region
Type
Antarctic
Subregion
Schirmacher Oasis
Platform
Short name
-
Long name
-
Data
					Set Progress
Complete
close
save as pdf
If XML not opening,
Click Here!
If download not started,
Click Here!
Search
Quick Links
Contact Us
Data Policy & Guidelines
User Manual
Polar Directory
Data Submission
Common Project Proposal Form
Submit a New Data
For scholars
Dataset by Science Keywords
Dataset by Location
Observation Dataset
Quantarctica
Data Portal
Synoptic Data
Useful Links
Python
Ferret visualization
and analysis Tool
The R Project
© National Centre for Polar and Ocean Research
						(NCPOR), Ministry of Earth Sciences (MoES), Government of India"
Sun-earth Interactions,Water Quality/Water Chemistry,"Water Quality of Some Lakes in Grovnes Promontory, Larsemann Hills, East Antarctica.",https://npdc.ncpor.res.in/npdc/search_mf_data.action?search=title&expedition_type=Antarctic&parameter=MF-120310711&userType=user&parameter1=Water+Quality%2FWater+Chemistry,"META DATA SEARCH
Home
About
Data
Search For Datasets »
Browse by Keyword
Browse by Location
Data Availability
SOE : Scientific Voyage Details
Other Datasets »
Weather and Environment
Search AWS & Meteorological Datasets
Sagar Kanya Cruise Report
Surface Data at Maitri & Gangotri
Synoptic Data From Bharti Station (2016-21)
Submit Your Data »
New Datasets
Last Submitted Datasets
Other Data Links
Important links »
Polar View
NCMRWF - Southern Ocean
NCMRWF - Sea-ice Arctic
NCMRWF - Sea-ice Antarctic
Polar Directory
Search by Data Types
Free Text
Sign
					In
User Manual
Brief Record
Full Record
View XML
Export PDF
Get Data
Title
Water Quality of Some Lakes in Grovnes Promontory, Larsemann Hills, East Antarctica.
Abstract
During the 26th Indian Scientific Expedition to Antarctica, survey of lakes (12 Nos) around the Grovnes promontory (690 24? to 690 26? S; 760 10? to 760 15? E), Larsemann Hills of east Antarctica was carried out. The visual on-site details as well as the collection of water samples from the lakes were done mainly to assess the quality of water.
Purpose
The aim of the present study is to understand the quality of the lakes water present in the Grovnes Promontory (GP hereafter) for drinking purpose. There is a dearth of published data on the lake water quality of GP, therefore, in this paper we attempt to quantify the various bio-physicochemical parameters required for drinking water. We also compare the results with two important drinking water quality guidelines provided by World Health Organisation (WHO) and Bureau of Indian Standards (BIS). This data we hope will give some insight into the water quality of this promontory; however, we recommend further investigation for far-reaching conclusion.
Basic Information
Release Date
:    8/10/2020
Originating Center
:
Data Set Progress
:    Complete
Data Set Language
:
ISO Topic Categories
Category
:   Sun-Earth Interactions
Topic
:   Water Quality/Water Chemistry
ISO Topic
:   Water Chemistry
Personnel
Role
:   Principal Investigator
Name
:   Dr. Khwairakpam    Gajananda
e-mail
:   ictd@ncpor.res.in
Organisation
:   Shriram Institute for Industrial Research (SIIR)
Title
Water Quality of Some Lakes in Grovnes Promontory, Larsemann Hills, East Antarctica.
Science Keywords
Category
Sun-Earth Interactions
Topic
Water Quality/Water Chemistry
ISO Topic
Water Chemistry
Expedition Year
2006-2007
Project Details
Project Number
12
Project Name
Water Quality of Some Lakes in Grovnes Promontory, Larsemann Hills, East Antarctica.
Summary
Abstract
During the 26th Indian Scientific Expedition to Antarctica, survey of lakes (12 Nos) around the Grovnes promontory (690 24? to 690 26? S; 760 10? to 760 15? E), Larsemann Hills of east Antarctica was carried out. The visual on-site details as well as the collection of water samples from the lakes were done mainly to assess the quality of water.
Purpose
The aim of the present study is to understand the quality of the lakes water present in the Grovnes Promontory (GP hereafter) for drinking purpose. There is a dearth of published data on the lake water quality of GP, therefore, in this paper we attempt to quantify the various bio-physicochemical parameters required for drinking water. We also compare the results with two important drinking water quality guidelines provided by World Health Organisation (WHO) and Bureau of Indian Standards (BIS). This data we hope will give some insight into the water quality of this promontory; however, we recommend further investigation for far-reaching conclusion.
Dataset Citation
Creator
Khwairakpam Gajananda
Editor
Khwairakpam Gajananda
Dataset Title
Water Quality of Some Lakes in Grovnes Promontory, Larsemann Hills, East Antarctica.
Series Name
1
Release Date
8/10/2020
Release Place
Goa
Version
1
Online Resource
http://14.139.119.23:8080/dspace/bitstream/123456789/1065/1/379-396+pg.pdf
Scientist Details
Role
Principal Investigator
Name
Dr. Khwairakpam    Gajananda
e-mail
ictd@ncpor.res.in
Phone
8322525515
Mobile Number
8322525515
Institute /
Organization
Shriram Institute for Industrial Research (SIIR)
Address
Shriram Institute for Industrial Research, 19 University Road, Delhi 110 007, India
City
Delhi
State
Delhi
Postal Code
110007
Country
India
Data Center
Short Name
NPDC
Long Name
National Polar Data Center, India
Mail Id
npdc@ncpor.res.in
Phone No
+91 - 832-2525515
Address
Headland Sada
City
Vasco-Da-Gama
State
Goa
Pin Code
403804
Country
India
Instrument Details
Short name
-
Long name
-
Location
Category
Region
Type
Antarctic
Subregion
Larsemann Hill
Platform
Short name
-
Long name
-
Data
					Set Progress
Complete
close
save as pdf
If XML not opening,
Click Here!
If download not started,
Click Here!
Search
Quick Links
Contact Us
Data Policy & Guidelines
User Manual
Polar Directory
Data Submission
Common Project Proposal Form
Submit a New Data
For scholars
Dataset by Science Keywords
Dataset by Location
Observation Dataset
Quantarctica
Data Portal
Synoptic Data
Useful Links
Python
Ferret visualization
and analysis Tool
The R Project
© National Centre for Polar and Ocean Research
						(NCPOR), Ministry of Earth Sciences (MoES), Government of India"
Sun-earth Interactions,Water Quality/Water Chemistry,"Assessment of total mercury in the freshwater lakes of Schirmacher and Larsemann Hills, Antarctica.",https://npdc.ncpor.res.in/npdc/search_mf_data.action?search=title&expedition_type=Antarctic&parameter=MF-1253502272&userType=user&parameter1=Water+Quality%2FWater+Chemistry,"META DATA SEARCH
Home
About
Data
Search For Datasets »
Browse by Keyword
Browse by Location
Data Availability
SOE : Scientific Voyage Details
Other Datasets »
Weather and Environment
Search AWS & Meteorological Datasets
Sagar Kanya Cruise Report
Surface Data at Maitri & Gangotri
Synoptic Data From Bharti Station (2016-21)
Submit Your Data »
New Datasets
Last Submitted Datasets
Other Data Links
Important links »
Polar View
NCMRWF - Southern Ocean
NCMRWF - Sea-ice Arctic
NCMRWF - Sea-ice Antarctic
Polar Directory
Search by Data Types
Free Text
Sign
					In
User Manual
Brief Record
Full Record
View XML
Export PDF
Get Data
Title
Assessment of total mercury in the freshwater lakes of Schirmacher and Larsemann Hills, Antarctica.
Abstract
The Polar Regions have long been recognized as important sinks for the aerosol, including mercury derived from natural and anthropogenic sources at lower latitudes. The volatile metals like Hg and Pb introduce to the atmosphere mostly through burning of fossil fuel. Generally, the distribution of mercury in environmental media is related to pH, oxygen content, organic matter, reducing agents and microbial activity. In this paper we report for the first time, observed concentration of total dissolved mercury in the water samples. Water samples were collected during the austral summer of 2009 from lakes of Schirmacher Hills, and Larsemann Hills- the two sites of Indian research stations in Antarctica. Mercury was determined using a Cold Vapor Atomic Absorption Spectroscopy (CVAAS) method. The results show that mercury distribution varies in the range of 0.063-0.56 ?gL-1 in lakes of Schirmacher Hills and 0.27-0.72 ?gL-1 in lakes of Larsemann Hills ?gL-1.
Purpose
The main objective of this study was to evaluate the concentration of total mercury in the lakes of Schirmacher Hills and Larsemann Hills.
Basic Information
Release Date
:    12/10/2020
Originating Center
:
Data Set Progress
:    Complete
Data Set Language
:
ISO Topic Categories
Category
:   Sun-Earth Interactions
Topic
:   Water Quality/Water Chemistry
ISO Topic
:   Environment
Personnel
Role
:   Principal Investigator
Name
:   Dr. Neelu   Singh
e-mail
:   ictd@ncpor.res.in
Organisation
:   National Centre for Polar and Ocean Research (NCPOR)
Title
Assessment of total mercury in the freshwater lakes of Schirmacher and Larsemann Hills, Antarctica.
Science Keywords
Category
Sun-Earth Interactions
Topic
Water Quality/Water Chemistry
ISO Topic
Environment
Expedition Year
2008-2009
Project Details
Project Number
8
Project Name
Assessment of total mercury in the freshwater lakes of Schirmacher and Larsemann Hills, Antarctica.
Summary
Abstract
The Polar Regions have long been recognized as important sinks for the aerosol, including mercury derived from natural and anthropogenic sources at lower latitudes. The volatile metals like Hg and Pb introduce to the atmosphere mostly through burning of fossil fuel. Generally, the distribution of mercury in environmental media is related to pH, oxygen content, organic matter, reducing agents and microbial activity. In this paper we report for the first time, observed concentration of total dissolved mercury in the water samples. Water samples were collected during the austral summer of 2009 from lakes of Schirmacher Hills, and Larsemann Hills- the two sites of Indian research stations in Antarctica. Mercury was determined using a Cold Vapor Atomic Absorption Spectroscopy (CVAAS) method. The results show that mercury distribution varies in the range of 0.063-0.56 ?gL-1 in lakes of Schirmacher Hills and 0.27-0.72 ?gL-1 in lakes of Larsemann Hills ?gL-1.
Purpose
The main objective of this study was to evaluate the concentration of total mercury in the lakes of Schirmacher Hills and Larsemann Hills.
Dataset Citation
Creator
NEELU SINGH
Editor
NEELU SINGH
Dataset Title
Assessment of total mercury in the freshwater lakes of Schirmacher and Larsemann Hills, Antarctica.
Series Name
1
Release Date
12/10/2020
Release Place
Goa
Version
1
Online Resource
http://14.139.119.23:8080/dspace/bitstream/123456789/1133/1/Chapter+9.pdf
Scientist Details
Role
Principal Investigator
Name
Dr. Neelu   Singh
e-mail
ictd@ncpor.res.in
Phone
8322525515
Mobile Number
8322525515
Institute /
Organization
National Centre for Polar and Ocean Research (NCPOR)
Address
Headland Sada, Vasco da Gama, Goa 403802
City
Vasco da Gama
State
Goa
Postal Code
403802
Country
India
Data Center
Short Name
NPDC
Long Name
National Polar Data Center, India
Mail Id
npdc@ncpor.res.in
Phone No
+91 - 832-2525515
Address
Headland Sada
City
Vasco-Da-Gama
State
Goa
Pin Code
403804
Country
India
Instrument Details
Short name
-
Long name
-
Location
Category
Region
Type
Antarctic
Subregion
Schirmacher and Larsemann Hills
Platform
Short name
-
Long name
-
Data
					Set Progress
Complete
close
save as pdf
If XML not opening,
Click Here!
If download not started,
Click Here!
Search
Quick Links
Contact Us
Data Policy & Guidelines
User Manual
Polar Directory
Data Submission
Common Project Proposal Form
Submit a New Data
For scholars
Dataset by Science Keywords
Dataset by Location
Observation Dataset
Quantarctica
Data Portal
Synoptic Data
Useful Links
Python
Ferret visualization
and analysis Tool
The R Project
© National Centre for Polar and Ocean Research
						(NCPOR), Ministry of Earth Sciences (MoES), Government of India"
Sun-earth Interactions,Water Quality/Water Chemistry,Physico-Chemical Analysis of Waste Materials Produced at Indian Scientific Base Maitri in Antarctica.,https://npdc.ncpor.res.in/npdc/search_mf_data.action?search=title&expedition_type=Antarctic&parameter=MF143726109&userType=user&parameter1=Water+Quality%2FWater+Chemistry,"META DATA SEARCH
Home
About
Data
Search For Datasets »
Browse by Keyword
Browse by Location
Data Availability
SOE : Scientific Voyage Details
Other Datasets »
Weather and Environment
Search AWS & Meteorological Datasets
Sagar Kanya Cruise Report
Surface Data at Maitri & Gangotri
Synoptic Data From Bharti Station (2016-21)
Submit Your Data »
New Datasets
Last Submitted Datasets
Other Data Links
Important links »
Polar View
NCMRWF - Southern Ocean
NCMRWF - Sea-ice Arctic
NCMRWF - Sea-ice Antarctic
Polar Directory
Search by Data Types
Free Text
Sign
					In
User Manual
Brief Record
Full Record
View XML
Export PDF
Get Data
Title
Physico-Chemical Analysis of Waste Materials Produced at Indian Scientific Base Maitri in Antarctica.
Abstract
Activities which can have an effect on the environment at Maitri station are mainly: operation of generator, snow vehicle movement, disposal and treatment of waste, workshop activity, fuel storage and oil spill, station activity, new construction activity, executing science projects etc. Physico-chemical analysis of waste materials viz. wastewater, ash and waste oil samples collected during the 27th expedition under the Environmental Management Plan was carried out. The most important parameter for wastewater, biological oxygen demand (BOD) at inlet to WWTP was found as 397 mg/l and at outlet (after treatment) was 107 mg/l. Food Ash sample was found to have higher iron and magnesium contents 23.2 and 10.4 mg/l respectively. Considerable quantity of zinc was found in waste oil samples.
Purpose
The aim of the study was to carry out a monitoring and assessment study of the waste materials at Indian Scientific Base Maitri and to have their physico-chemical characterizations.
Basic Information
Release Date
:    12/10/2020
Originating Center
:
Data Set Progress
:    Complete
Data Set Language
:
ISO Topic Categories
Category
:   Sun-Earth Interactions
Topic
:   Water Quality/Water Chemistry
ISO Topic
:   Environment
Personnel
Role
:   Principal Investigator
Name
:   Dr. Narendra   Pal
e-mail
:   ictd@ncpor.res.in
Organisation
:   Shriram Institute for Industrial Research (SIIR)
Title
Physico-Chemical Analysis of Waste Materials Produced at Indian Scientific Base Maitri in Antarctica.
Science Keywords
Category
Sun-Earth Interactions
Topic
Water Quality/Water Chemistry
ISO Topic
Environment
Expedition Year
2007-2008
Project Details
Project Number
11
Project Name
Physico-Chemical Analysis of Waste Materials Produced at Indian Scientific Base Maitri in Antarctica.
Summary
Abstract
Activities which can have an effect on the environment at Maitri station are mainly: operation of generator, snow vehicle movement, disposal and treatment of waste, workshop activity, fuel storage and oil spill, station activity, new construction activity, executing science projects etc. Physico-chemical analysis of waste materials viz. wastewater, ash and waste oil samples collected during the 27th expedition under the Environmental Management Plan was carried out. The most important parameter for wastewater, biological oxygen demand (BOD) at inlet to WWTP was found as 397 mg/l and at outlet (after treatment) was 107 mg/l. Food Ash sample was found to have higher iron and magnesium contents 23.2 and 10.4 mg/l respectively. Considerable quantity of zinc was found in waste oil samples.
Purpose
The aim of the study was to carry out a monitoring and assessment study of the waste materials at Indian Scientific Base Maitri and to have their physico-chemical characterizations.
Dataset Citation
Creator
Narendra Pal
Editor
Narendra Pal
Dataset Title
Physico-Chemical Analysis of Waste Materials Produced at Indian Scientific Base Maitri in Antarctica.
Series Name
1
Release Date
12/10/2020
Release Place
Goa
Version
1
Online Resource
http://14.139.119.23:8080/dspace/bitstream/123456789/1096/1/Chapter+5.pdf
Scientist Details
Role
Principal Investigator
Name
Dr. Narendra   Pal
e-mail
ictd@ncpor.res.in
Phone
8322525515
Mobile Number
8322525515
Institute /
Organization
Shriram Institute for Industrial Research (SIIR)
Address
19, University Road, near Hansraj College, Hansraj College, Delhi, 110007
City
Delhi
State
Delhi
Postal Code
110007
Country
India
Data Center
Short Name
NPDC
Long Name
National Polar Data Center, India
Mail Id
npdc@ncpor.res.in
Phone No
+91 - 832-2525515
Address
Headland Sada
City
Vasco-Da-Gama
State
Goa
Pin Code
403804
Country
India
Instrument Details
Short name
-
Long name
-
Location
Category
Region
Type
Antarctic
Subregion
Queen Maud Land
Platform
Short name
-
Long name
-
Data
					Set Progress
Complete
close
save as pdf
If XML not opening,
Click Here!
If download not started,
Click Here!
Search
Quick Links
Contact Us
Data Policy & Guidelines
User Manual
Polar Directory
Data Submission
Common Project Proposal Form
Submit a New Data
For scholars
Dataset by Science Keywords
Dataset by Location
Observation Dataset
Quantarctica
Data Portal
Synoptic Data
Useful Links
Python
Ferret visualization
and analysis Tool
The R Project
© National Centre for Polar and Ocean Research
						(NCPOR), Ministry of Earth Sciences (MoES), Government of India"
Sun-earth Interactions,Water Quality/Water Chemistry,"Water Quality : Lakes of Schirmacher Oasis, Antarctica.",https://npdc.ncpor.res.in/npdc/search_mf_data.action?search=title&expedition_type=Antarctic&parameter=MF-1760235978&userType=user&parameter1=Water+Quality%2FWater+Chemistry,"META DATA SEARCH
Home
About
Data
Search For Datasets »
Browse by Keyword
Browse by Location
Data Availability
SOE : Scientific Voyage Details
Other Datasets »
Weather and Environment
Search AWS & Meteorological Datasets
Sagar Kanya Cruise Report
Surface Data at Maitri & Gangotri
Synoptic Data From Bharti Station (2016-21)
Submit Your Data »
New Datasets
Last Submitted Datasets
Other Data Links
Important links »
Polar View
NCMRWF - Southern Ocean
NCMRWF - Sea-ice Arctic
NCMRWF - Sea-ice Antarctic
Polar Directory
Search by Data Types
Free Text
Sign
					In
User Manual
Brief Record
Full Record
View XML
Export PDF
Get Data
Title
Water Quality : Lakes of Schirmacher Oasis, Antarctica.
Abstract
The Antarctic continental margins are remarkably known for the diverse group of takes, ponds, and even streams. These water bodies may chemically range from distilled water of crystal clarity to salt-laden brines. Thirty-eight lakes out of a total of around hundred at Schirmacher Oasis, Antarctica were selected and surveyed during the austral summer (Jan-Feb. 1999). These included (a) twenty-two glacier-fed and glacier-fed intermountainous lakes, (b) twelve intermountainous lakes, and (c) four grounding-line lakes.
Purpose
During the present investigation, selected physical and chemical characteristics of water samples from thirty-eight lakes of Schirmacher Oasis were determined.
Basic Information
Release Date
:    28/09/2020
Originating Center
:
Data Set Progress
:    Complete
Data Set Language
:
ISO Topic Categories
Category
:   Sun-Earth Interactions
Topic
:   Water Quality/Water Chemistry
ISO Topic
:   Oceanography
Personnel
Role
:   Principal Investigator
Name
:   Dr. Pradeep   Kumar
e-mail
:   ictd@ncpor.res.in
Organisation
:   Iranian National Centre for Oceanography, Tehran, Iran
Title
Water Quality : Lakes of Schirmacher Oasis, Antarctica.
Science Keywords
Category
Sun-Earth Interactions
Topic
Water Quality/Water Chemistry
ISO Topic
Oceanography
Expedition Year
1998-1999
Project Details
Project Number
11
Project Name
Water Quality : Lakes of Schirmacher Oasis, Antarctica.
Summary
Abstract
The Antarctic continental margins are remarkably known for the diverse group of takes, ponds, and even streams. These water bodies may chemically range from distilled water of crystal clarity to salt-laden brines. Thirty-eight lakes out of a total of around hundred at Schirmacher Oasis, Antarctica were selected and surveyed during the austral summer (Jan-Feb. 1999). These included (a) twenty-two glacier-fed and glacier-fed intermountainous lakes, (b) twelve intermountainous lakes, and (c) four grounding-line lakes.
Purpose
During the present investigation, selected physical and chemical characteristics of water samples from thirty-eight lakes of Schirmacher Oasis were determined.
Dataset Citation
Creator
Pradeep Kumar
Editor
Pradeep Kumar
Dataset Title
Water Quality : Lakes of Schirmacher Oasis, Antarctica.
Series Name
1
Release Date
28/09/2020
Release Place
Goa
Version
1
Online Resource
http://14.139.119.23:8080/dspace/bitstream/123456789/553/3/ARTICLE+13.pdf
Scientist Details
Role
Principal Investigator
Name
Dr. Pradeep   Kumar
e-mail
ictd@ncpor.res.in
Phone
8322525515
Mobile Number
8322525515
Institute /
Organization
Iranian National Centre for Oceanography, Tehran, Iran
Address
Tehran Province, Tehran, Etemadzadeh St, No. 3, 14118 13389, Iran.
City
Iran
State
Tehran
Postal Code
1411813389
Country
Iran
Data Center
Short Name
NPDC
Long Name
National Polar Data Center, India
Mail Id
npdc@ncpor.res.in
Phone No
+91 - 832-2525515
Address
Headland Sada
City
Vasco-Da-Gama
State
Goa
Pin Code
403804
Country
India
Instrument Details
Short name
-
Long name
-
Location
Category
Region
Type
Antarctic
Subregion
Schirmacher Oasis
Platform
Short name
-
Long name
-
Data
					Set Progress
Complete
close
save as pdf
If XML not opening,
Click Here!
If download not started,
Click Here!
Search
Quick Links
Contact Us
Data Policy & Guidelines
User Manual
Polar Directory
Data Submission
Common Project Proposal Form
Submit a New Data
For scholars
Dataset by Science Keywords
Dataset by Location
Observation Dataset
Quantarctica
Data Portal
Synoptic Data
Useful Links
Python
Ferret visualization
and analysis Tool
The R Project
© National Centre for Polar and Ocean Research
						(NCPOR), Ministry of Earth Sciences (MoES), Government of India"
Sun-earth Interactions,Water Quality/Water Chemistry,"Multi-year measurements of mercury in the Antarctic environment: assessing trends in global emissions, fate and transport of mercury, and bioaccumulation in the Antarctic.",https://npdc.ncpor.res.in/npdc/search_mf_data.action?search=title&expedition_type=Antarctic&parameter=MF1883766679&userType=user&parameter1=Water+Quality%2FWater+Chemistry,"META DATA SEARCH
Home
About
Data
Search For Datasets »
Browse by Keyword
Browse by Location
Data Availability
SOE : Scientific Voyage Details
Other Datasets »
Weather and Environment
Search AWS & Meteorological Datasets
Sagar Kanya Cruise Report
Surface Data at Maitri & Gangotri
Synoptic Data From Bharti Station (2016-21)
Submit Your Data »
New Datasets
Last Submitted Datasets
Other Data Links
Important links »
Polar View
NCMRWF - Southern Ocean
NCMRWF - Sea-ice Arctic
NCMRWF - Sea-ice Antarctic
Polar Directory
Search by Data Types
Free Text
Sign
					In
User Manual
Brief Record
Full Record
View XML
Export PDF
Data pending
Title
Multi-year measurements of mercury in the Antarctic environment: assessing trends in global emissions, fate and transport of mercury, and bioaccumulation in the Antarctic.
Abstract
This proposed work will be carried out under collaboration between IIT Hyderabad and NCPOR. Two standard atmospheric mercury measurement instruments (from different manufacturers) will be installed at the Maitri research station during every summer months for five continuous years. Two instruments will allow us to reduce measurement uncertainties that may be introduced due to the inherent manufacturing setup of individual instrument. Both instruments will record atmospheric mercury every 15 minutes for the entire summer months for five years.Overall, this work will provide an important dataset that will be help understand mercury emissions and cycling in the global environment. They anticipate that the results will be publishable in internationally reputed journal(s).
Purpose
Long-term (multi-year) measurements of mercury in the Antarctic environment, including air, water and biota. Analysis of temporal trends in observations. Assessing the changes in global emissions, fate and transport characteristics of mercury, including possible effects of climate change.
Basic Information
Release Date
:    24/02/2021
Originating Center
:
Data Set Progress
:    Complete
Data Set Language
:
ISO Topic Categories
Category
:   Sun-Earth Interactions
Topic
:   Water Quality/Water Chemistry
ISO Topic
:   Environment
Personnel
Role
:   Principal Investigator
Name
:   Dr. Asif    Qureshi
e-mail
:   ictd@ncpor.res.in
Organisation
:   Indian Institute of Technology Hyderabad
Title
Multi-year measurements of mercury in the Antarctic environment: assessing trends in global emissions, fate and transport of mercury, and bioaccumulation in the Antarctic.
Science Keywords
Category
Sun-Earth Interactions
Topic
Water Quality/Water Chemistry
ISO Topic
Environment
Expedition Year
2015-2016
2016-2017
2017-2018
Project Details
Project Number
BES-2, BES-1 & BES-13
Project Name
Multi-year measurements of mercury in the Antarctic environment: assessing trends in global emissions, fate and transport of mercury, and bioaccumulation in the Antarctic.
Summary
Abstract
This proposed work will be carried out under collaboration between IIT Hyderabad and NCPOR. Two standard atmospheric mercury measurement instruments (from different manufacturers) will be installed at the Maitri research station during every summer months for five continuous years. Two instruments will allow us to reduce measurement uncertainties that may be introduced due to the inherent manufacturing setup of individual instrument. Both instruments will record atmospheric mercury every 15 minutes for the entire summer months for five years.Overall, this work will provide an important dataset that will be help understand mercury emissions and cycling in the global environment. They anticipate that the results will be publishable in internationally reputed journal(s).
Purpose
Long-term (multi-year) measurements of mercury in the Antarctic environment, including air, water and biota. Analysis of temporal trends in observations. Assessing the changes in global emissions, fate and transport characteristics of mercury, including possible effects of climate change.
Dataset Citation
Creator
Asif Qureshi
Editor
Asif Qureshi
Dataset Title
Multi-year measurements of mercury in the Antarctic environment: assessing trends in global emissions, fate and transport of mercury, and bioaccumulation in the Antarctic.
Series Name
1
Release Date
24/02/2021
Release Place
Goa
Version
1
Online Resource
Scientist Details
Role
Principal Investigator
Name
Dr. Asif    Qureshi
e-mail
ictd@ncpor.res.in
Phone
914023017100
Mobile Number
914023017100
Institute /
Organization
Indian Institute of Technology Hyderabad
Address
116, IIT Hyderabad, ODF, Yeddumailaram 502205, Telangana
City
Telangana
State
Andhra Pradesh
Postal Code
502205
Country
India
Data Center
Short Name
NPDC
Long Name
National Polar Data Center, India
Mail Id
npdc@ncpor.res.in
Phone No
+91 - 832-2525515
Address
Headland Sada
City
Vasco-Da-Gama
State
Goa
Pin Code
403804
Country
India
Instrument Details
Short name
-
Long name
-
Location
Category
Region
Type
Antarctic
Subregion
Maitri
Platform
Short name
-
Long name
-
Data
					Set Progress
Complete
close
save as pdf
If XML not opening,
Click Here!
If download not started,
Click Here!
Search
Quick Links
Contact Us
Data Policy & Guidelines
User Manual
Polar Directory
Data Submission
Common Project Proposal Form
Submit a New Data
For scholars
Dataset by Science Keywords
Dataset by Location
Observation Dataset
Quantarctica
Data Portal
Synoptic Data
Useful Links
Python
Ferret visualization
and analysis Tool
The R Project
© National Centre for Polar and Ocean Research
						(NCPOR), Ministry of Earth Sciences (MoES), Government of India"
Sun-earth Interactions,Water Quality/Water Chemistry,"Assessment of Wastewater Treatment Scheme at Indian Antarctic Station, Maitri.",https://npdc.ncpor.res.in/npdc/search_mf_data.action?search=title&expedition_type=Antarctic&parameter=MF-298099350&userType=user&parameter1=Water+Quality%2FWater+Chemistry,"META DATA SEARCH
Home
About
Data
Search For Datasets »
Browse by Keyword
Browse by Location
Data Availability
SOE : Scientific Voyage Details
Other Datasets »
Weather and Environment
Search AWS & Meteorological Datasets
Sagar Kanya Cruise Report
Surface Data at Maitri & Gangotri
Synoptic Data From Bharti Station (2016-21)
Submit Your Data »
New Datasets
Last Submitted Datasets
Other Data Links
Important links »
Polar View
NCMRWF - Southern Ocean
NCMRWF - Sea-ice Arctic
NCMRWF - Sea-ice Antarctic
Polar Directory
Search by Data Types
Free Text
Sign
					In
User Manual
Brief Record
Full Record
View XML
Export PDF
Get Data
Title
Assessment of Wastewater Treatment Scheme at Indian Antarctic Station, Maitri.
Abstract
Wastewater treatment (WWT) system adopted at Indian Antarctic Station ?Maitri? for treating kitchen, urinal and bathroom wastewater was studied during the 20th Antarctica expedition. Two numbers of WWT system working on rotating biological contactor principle treats kitchen wastewater and urinal/bathroom wastewater separately. The average chemical oxygen demand (COD) of urinal/bathroom wastewater at the inlet to WWT was found to be 281 mg/1 and at the outlet it was 160 mg/1. The average COD of kitchen wastewater laden with vegetable oil at the inlet of WWT was found to be about 6626 mg/1 and at the outlet of WWT, 3607 mg/1. Observations reveal that the WWT units were never seeded with biological culture and therefore the treatment was not effective. The rotating disc in the bioreactor was stopped to make the system as a settling chamber and COD of the in fluent and effluent were determined.
Purpose
Analysis of existing wastewater treatment scheme and wastewater characteristics that is generated at Maitri station is presented with the intention of providing data for wastewater system design in the future.
Basic Information
Release Date
:    30/09/2020
Originating Center
:
Data Set Progress
:    Complete
Data Set Language
:
ISO Topic Categories
Category
:   Sun-Earth Interactions
Topic
:   Water Quality/Water Chemistry
ISO Topic
:   Atmosphere
Personnel
Role
:   Principal Investigator
Name
:   Dr. M H   Ansari
e-mail
:   ictd@ncpor.res.in
Organisation
:   National Environmental Engineering Research Institute (NEERI)
Title
Assessment of Wastewater Treatment Scheme at Indian Antarctic Station, Maitri.
Science Keywords
Category
Sun-Earth Interactions
Topic
Water Quality/Water Chemistry
ISO Topic
Atmosphere
Expedition Year
2000-2001
Project Details
Project Number
11
Project Name
Assessment of Wastewater Treatment Scheme at Indian Antarctic Station, Maitri.
Summary
Abstract
Wastewater treatment (WWT) system adopted at Indian Antarctic Station ?Maitri? for treating kitchen, urinal and bathroom wastewater was studied during the 20th Antarctica expedition. Two numbers of WWT system working on rotating biological contactor principle treats kitchen wastewater and urinal/bathroom wastewater separately. The average chemical oxygen demand (COD) of urinal/bathroom wastewater at the inlet to WWT was found to be 281 mg/1 and at the outlet it was 160 mg/1. The average COD of kitchen wastewater laden with vegetable oil at the inlet of WWT was found to be about 6626 mg/1 and at the outlet of WWT, 3607 mg/1. Observations reveal that the WWT units were never seeded with biological culture and therefore the treatment was not effective. The rotating disc in the bioreactor was stopped to make the system as a settling chamber and COD of the in fluent and effluent were determined.
Purpose
Analysis of existing wastewater treatment scheme and wastewater characteristics that is generated at Maitri station is presented with the intention of providing data for wastewater system design in the future.
Dataset Citation
Creator
M H Ansari
Editor
M H Ansari
Dataset Title
Assessment of Wastewater Treatment Scheme at Indian Antarctic Station, Maitri.
Series Name
1
Release Date
30/09/2020
Release Place
Goa
Version
1
Online Resource
http://14.139.119.23:8080/dspace/bitstream/123456789/821/1/Technical+Publication+No.+18%2C+pp+205-214.pdf
Scientist Details
Role
Principal Investigator
Name
Dr. M H   Ansari
e-mail
ictd@ncpor.res.in
Phone
8322525515
Mobile Number
8322525515
Institute /
Organization
National Environmental Engineering Research Institute (NEERI)
Address
Nehru Marg, Nagpur- 440020, Maharashtra, India.
City
Nagpur
State
Maharashtra
Postal Code
440020
Country
India
Data Center
Short Name
NPDC
Long Name
National Polar Data Center, India
Mail Id
npdc@ncpor.res.in
Phone No
+91 - 832-2525515
Address
Headland Sada
City
Vasco-Da-Gama
State
Goa
Pin Code
403804
Country
India
Instrument Details
Short name
-
Long name
-
Location
Category
Region
Type
Antarctic
Subregion
Maitri
Platform
Short name
-
Long name
-
Data
					Set Progress
Complete
close
save as pdf
If XML not opening,
Click Here!
If download not started,
Click Here!
Search
Quick Links
Contact Us
Data Policy & Guidelines
User Manual
Polar Directory
Data Submission
Common Project Proposal Form
Submit a New Data
For scholars
Dataset by Science Keywords
Dataset by Location
Observation Dataset
Quantarctica
Data Portal
Synoptic Data
Useful Links
Python
Ferret visualization
and analysis Tool
The R Project
© National Centre for Polar and Ocean Research
						(NCPOR), Ministry of Earth Sciences (MoES), Government of India"
Sun-earth Interactions,Polar Ionosphere,Study of Ozonehole Phenomena and Meteorological Parameters at schirmacher Oasis Antarctica During 18th Indian Antarctic Expedition 1998-2000.,https://npdc.ncpor.res.in/npdc/search_mf_data.action?search=title&expedition_type=Antarctic&parameter=MF-1192602244&userType=user&parameter1=Polar+Ionosphere,"META DATA SEARCH
Home
About
Data
Search For Datasets »
Browse by Keyword
Browse by Location
Data Availability
SOE : Scientific Voyage Details
Other Datasets »
Weather and Environment
Search AWS & Meteorological Datasets
Sagar Kanya Cruise Report
Surface Data at Maitri & Gangotri
Synoptic Data From Bharti Station (2016-21)
Submit Your Data »
New Datasets
Last Submitted Datasets
Other Data Links
Important links »
Polar View
NCMRWF - Southern Ocean
NCMRWF - Sea-ice Arctic
NCMRWF - Sea-ice Antarctic
Polar Directory
Search by Data Types
Free Text
Sign
					In
User Manual
Brief Record
Full Record
View XML
Export PDF
Get Data
Title
Study of Ozonehole Phenomena and Meteorological Parameters at schirmacher Oasis Antarctica During 18th Indian Antarctic Expedition 1998-2000.
Abstract
India Meteorological Department has an ongoing meteorological programme in the Antarctic Expeditions. During the XVIII Indian Scientific Antarctic Expedition installation of Brewer Spectrophotometer, for measurement of Total atmospheric Ozone, Sulphur dioxide and Nitrogen dioxide, Damaging Ultraviolet radiation, to supplement the ozonesonde programme for the study of Ozone hole phenomena was undertaken in the year 1999. In addition to total Ozone, D U V, S 0 2, NO2 measurements using Brewer Spectrophotometer, Atmospheric Ozone profile by Ozonesonde, Meteorological and Climatological features observed during the year 1999 has been discussed.
Purpose
The India Meteorological Department has been continuously participating in all Indian Scientific Antarctic Expeditions from the beginning. This is an ongoing Programme of recording and analysing the meteorological data. N e w members continue to collect and record the different meteorological data during their stay at Indian Antarctic Station Maitri located in Schirmacher Oasis Antarctica. During the 18th expedition a new Programme was included i.e. the installation of Brewer Spectrophotometer for measuring Total Atmospheric Ozone, Sulphur dioxide, Nitrogen dioxide and Damaging Ultraviolet-B Radiation. This Programme will be continued in future with the other meteorological parameter. Standard equipment and techniques approved as of world standard by World Meteorological Organization is being used for the data collection. The synoptic weather data generated is also transmitted over global telecommunication network on real time basis for the use of weather forecasting world over.
Basic Information
Release Date
:    25/09/2020
Originating Center
:
Data Set Progress
:    Complete
Data Set Language
:
ISO Topic Categories
Category
:   Sun-Earth Interactions
Topic
:   Polar Ionosphere
ISO Topic
:   Meteorology
Personnel
Role
:   Principal Investigator
Name
:   Dr. R P   Lal
e-mail
:   ictd@ncpor.res.in
Organisation
:   India Meteorological Department (IMD)
Title
Study of Ozonehole Phenomena and Meteorological Parameters at schirmacher Oasis Antarctica During 18th Indian Antarctic Expedition 1998-2000.
Science Keywords
Category
Sun-Earth Interactions
Topic
Polar Ionosphere
ISO Topic
Meteorology
Expedition Year
1998-1999
Project Details
Project Number
3
Project Name
Study of Ozonehole Phenomena and Meteorological Parameters at schirmacher Oasis Antarctica During 18th Indian Antarctic Expedition 1998-2000.
Summary
Abstract
India Meteorological Department has an ongoing meteorological programme in the Antarctic Expeditions. During the XVIII Indian Scientific Antarctic Expedition installation of Brewer Spectrophotometer, for measurement of Total atmospheric Ozone, Sulphur dioxide and Nitrogen dioxide, Damaging Ultraviolet radiation, to supplement the ozonesonde programme for the study of Ozone hole phenomena was undertaken in the year 1999. In addition to total Ozone, D U V, S 0 2, NO2 measurements using Brewer Spectrophotometer, Atmospheric Ozone profile by Ozonesonde, Meteorological and Climatological features observed during the year 1999 has been discussed.
Purpose
The India Meteorological Department has been continuously participating in all Indian Scientific Antarctic Expeditions from the beginning. This is an ongoing Programme of recording and analysing the meteorological data. N e w members continue to collect and record the different meteorological data during their stay at Indian Antarctic Station Maitri located in Schirmacher Oasis Antarctica. During the 18th expedition a new Programme was included i.e. the installation of Brewer Spectrophotometer for measuring Total Atmospheric Ozone, Sulphur dioxide, Nitrogen dioxide and Damaging Ultraviolet-B Radiation. This Programme will be continued in future with the other meteorological parameter. Standard equipment and techniques approved as of world standard by World Meteorological Organization is being used for the data collection. The synoptic weather data generated is also transmitted over global telecommunication network on real time basis for the use of weather forecasting world over.
Dataset Citation
Creator
R P LAL
Editor
R P LAL
Dataset Title
Study of Ozonehole Phenomena and Meteorological Parameters at schirmacher Oasis Antarctica During 18th Indian Antarctic Expedition 1998-2000.
Series Name
1
Release Date
25/09/2020
Release Place
Goa
Version
1
Online Resource
https://data.ncpor.res.in/static/datasets/m_imd_surfaceozone.txt
Scientist Details
Role
Principal Investigator
Name
Dr. R P   Lal
e-mail
ictd@ncpor.res.in
Phone
8322525515
Mobile Number
8322525515
Institute /
Organization
India Meteorological Department (IMD)
Address
University Rd, Revenue Colony, Shivajinagar, Pune, Maharashtra 411005
City
Pune
State
Maharashtra
Postal Code
411005
Country
India
Data Center
Short Name
NPDC
Long Name
National Polar Data Center, India
Mail Id
npdc@ncpor.res.in
Phone No
+91 - 832-2525515
Address
Headland Sada
City
Vasco-Da-Gama
State
Goa
Pin Code
403804
Country
India
Instrument Details
Short name
-
Long name
-
Location
Category
Region
Type
Antarctic
Subregion
Schirmacher Oasis
Platform
Short name
-
Long name
-
Data
					Set Progress
Complete
close
save as pdf
If XML not opening,
Click Here!
If download not started,
Click Here!
Search
Quick Links
Contact Us
Data Policy & Guidelines
User Manual
Polar Directory
Data Submission
Common Project Proposal Form
Submit a New Data
For scholars
Dataset by Science Keywords
Dataset by Location
Observation Dataset
Quantarctica
Data Portal
Synoptic Data
Useful Links
Python
Ferret visualization
and analysis Tool
The R Project
© National Centre for Polar and Ocean Research
						(NCPOR), Ministry of Earth Sciences (MoES), Government of India"
Agriculture,Agricultural Plant Science,Optimisation of Greenhouse Climate and PAR at Maitri.,https://npdc.ncpor.res.in/npdc/search_mf_data.action?search=title&expedition_type=Antarctic&parameter=MF-1057609035&userType=user&parameter1=Agricultural+Plant+Science,"META DATA SEARCH
Home
About
Data
Search For Datasets »
Browse by Keyword
Browse by Location
Data Availability
SOE : Scientific Voyage Details
Other Datasets »
Weather and Environment
Search AWS & Meteorological Datasets
Sagar Kanya Cruise Report
Surface Data at Maitri & Gangotri
Synoptic Data From Bharti Station (2016-21)
Submit Your Data »
New Datasets
Last Submitted Datasets
Other Data Links
Important links »
Polar View
NCMRWF - Southern Ocean
NCMRWF - Sea-ice Arctic
NCMRWF - Sea-ice Antarctic
Polar Directory
Search by Data Types
Free Text
Sign
					In
User Manual
Brief Record
Full Record
View XML
Export PDF
Get Data
Title
Optimisation of Greenhouse Climate and PAR at Maitri.
Abstract
The optimization of greenhouse climate at Maitri station in Antarctica is described. Strategies for controlling temperature, humidity, light and CO2 concentration are described. Heating load has been estimated. July was the coldest month and required most heating. Annual heating degree days at 25? C indoor temperature were 13277.3, while those for 20? C and 15? C indoor temperatures were 11452.3 and 9627.3 respectively. Annual heating loads at 25, 20 and 15? C indoor temperatures were 77038.56, 66449.04 and 55859.28 MJ respectively. Monthly heating loads varied between 4424.88 and 8993.52 MJ at 25? C indoor temperature. Annual heating loads varied in accordance with the greenhouse temperature as Hmj = 24166.57 +2114.04 *Tg Maximum PAR (Photosynthetically Active Radiation) level at the ice surface reaches upto 90000 lux. PAR levels inside the greenhouse varied between 100 and 45000 lux during polar day.
Purpose
Antarctica, the most isolated continent, has only 2% of its area as free of ice. Apart from snow algae, lower species of plant kingdom viz. moss and lichens are found in these zones. Antarctic water and soil have a little amount of nutrients, so the growth of these species is poor. The severe Antarctic climate limits the number of land plants that are able to grow. Higher plants can not survive here because of extremely low temperatures; although two vascular plants: Colobanthus quitensis and Deschampsia antarctica have been reported to grow in Antarctic peninsula. In order to grow plants in Antarctica, protected cultivation is the only way as outlined by Joshi and Banerjee (1988) and Kononov and Kiran (1988). Intensive production of vegetables is possible in greenhouses under controlled environment. In order to study plant growth and yield of vegetable crops, a greenhouse was constructed at Maitri station during the IX Antarctic Expedition.
Basic Information
Release Date
:    14/09/2020
Originating Center
:
Data Set Progress
:    Complete
Data Set Language
:
ISO Topic Categories
Category
:   Agriculture
Topic
:   Agricultural Plant Science
ISO Topic
:   Farming
Personnel
Role
:   Principal Investigator
Name
:   Dr. A B   Dhaulakhandi
e-mail
:   ictd@ncpor.res.in
Organisation
:   Defence Agricultural Research Laboratory (DLS)
Title
Optimisation of Greenhouse Climate and PAR at Maitri.
Science Keywords
Category
Agriculture
Topic
Agricultural Plant Science
ISO Topic
Farming
Expedition Year
1990-1991
Project Details
Project Number
15
Project Name
Optimisation of Greenhouse Climate and PAR at Maitri.
Summary
Abstract
The optimization of greenhouse climate at Maitri station in Antarctica is described. Strategies for controlling temperature, humidity, light and CO2 concentration are described. Heating load has been estimated. July was the coldest month and required most heating. Annual heating degree days at 25? C indoor temperature were 13277.3, while those for 20? C and 15? C indoor temperatures were 11452.3 and 9627.3 respectively. Annual heating loads at 25, 20 and 15? C indoor temperatures were 77038.56, 66449.04 and 55859.28 MJ respectively. Monthly heating loads varied between 4424.88 and 8993.52 MJ at 25? C indoor temperature. Annual heating loads varied in accordance with the greenhouse temperature as Hmj = 24166.57 +2114.04 *Tg Maximum PAR (Photosynthetically Active Radiation) level at the ice surface reaches upto 90000 lux. PAR levels inside the greenhouse varied between 100 and 45000 lux during polar day.
Purpose
Antarctica, the most isolated continent, has only 2% of its area as free of ice. Apart from snow algae, lower species of plant kingdom viz. moss and lichens are found in these zones. Antarctic water and soil have a little amount of nutrients, so the growth of these species is poor. The severe Antarctic climate limits the number of land plants that are able to grow. Higher plants can not survive here because of extremely low temperatures; although two vascular plants: Colobanthus quitensis and Deschampsia antarctica have been reported to grow in Antarctic peninsula. In order to grow plants in Antarctica, protected cultivation is the only way as outlined by Joshi and Banerjee (1988) and Kononov and Kiran (1988). Intensive production of vegetables is possible in greenhouses under controlled environment. In order to study plant growth and yield of vegetable crops, a greenhouse was constructed at Maitri station during the IX Antarctic Expedition.
Dataset Citation
Creator
A B DHAULAKHANDI
Editor
A B DHAULAKHANDI
Dataset Title
Optimisation of Greenhouse Climate and PAR at Maitri.
Series Name
1
Release Date
14/09/2020
Release Place
Goa
Version
1
Online Resource
http://14.139.119.23:8080/dspace/bitstream/123456789/387/3/ARTICLE+11.pdf
Scientist Details
Role
Principal Investigator
Name
Dr. A B   Dhaulakhandi
e-mail
ictd@ncpor.res.in
Phone
8322525515
Mobile Number
8322525515
Institute /
Organization
Defence Agricultural Research Laboratory (DLS)
Address
Defence Institute of Bio-Energy Research (DIBER)Goraparao, PO, Arjunpur Haldwani-263139 (Uttarakhand).
City
Haldwani
State
Uttaranchal
Postal Code
263139
Country
India
Data Center
Short Name
NPDC
Long Name
National Polar Data Center, India
Mail Id
npdc@ncpor.res.in
Phone No
+91 - 832-2525515
Address
Headland Sada
City
Vasco-Da-Gama
State
Goa
Pin Code
403804
Country
India
Instrument Details
Short name
-
Long name
-
Location
Category
Region
Type
Antarctic
Subregion
Maitri
Platform
Short name
-
Long name
-
Data
					Set Progress
Complete
close
save as pdf
If XML not opening,
Click Here!
If download not started,
Click Here!
Search
Quick Links
Contact Us
Data Policy & Guidelines
User Manual
Polar Directory
Data Submission
Common Project Proposal Form
Submit a New Data
For scholars
Dataset by Science Keywords
Dataset by Location
Observation Dataset
Quantarctica
Data Portal
Synoptic Data
Useful Links
Python
Ferret visualization
and analysis Tool
The R Project
© National Centre for Polar and Ocean Research
						(NCPOR), Ministry of Earth Sciences (MoES), Government of India"
Agriculture,Agricultural Plant Science,"Establishing a green house for cultivation of vegetables at Maitri, in the Schirmacher Oasis (Queen Maud Land-East Antarctica).",https://npdc.ncpor.res.in/npdc/search_mf_data.action?search=title&expedition_type=Antarctic&parameter=MF-1251070002&userType=user&parameter1=Agricultural+Plant+Science,"META DATA SEARCH
Home
About
Data
Search For Datasets »
Browse by Keyword
Browse by Location
Data Availability
SOE : Scientific Voyage Details
Other Datasets »
Weather and Environment
Search AWS & Meteorological Datasets
Sagar Kanya Cruise Report
Surface Data at Maitri & Gangotri
Synoptic Data From Bharti Station (2016-21)
Submit Your Data »
New Datasets
Last Submitted Datasets
Other Data Links
Important links »
Polar View
NCMRWF - Southern Ocean
NCMRWF - Sea-ice Arctic
NCMRWF - Sea-ice Antarctic
Polar Directory
Search by Data Types
Free Text
Sign
					In
User Manual
Brief Record
Full Record
View XML
Export PDF
Get Data
Title
Establishing a green house for cultivation of vegetables at Maitri, in the Schirmacher Oasis (Queen Maud Land-East Antarctica).
Abstract
Antarctica lacks higher forms of plants except few species of grasses. However, lower plant species like algae, mosses and lichens exist, maintain their survival during winter and grow very slowly in summer when snow melts in lakes and
stream begin to flow, In such a place where there is a harsh combination of rapidly changing temperature, strong dry winds, irregular nutrient and water supply, frequent snow drifts and blizzards, the only way of growing plants is through protected cultivation.
Purpose
DARL suggested a plan for establishing a green house for cultivation of vegetables at Maitri, in the Schirmacher Oasis (Queen Maud Land-East Antarctica). In a properly oriented green house, as at Maitri, auxiliary heating is not required during summer months except during high speed winds and blizzards. During Ninth Antarctic Expedition some vegetables like tomato, coriander and few flowers were grown in greenhouse. The environmental control systems were non functional. The temperature was being maintained manually to some extent.
Basic Information
Release Date
:    11/09/2020
Originating Center
:
Data Set Progress
:    Complete
Data Set Language
:
ISO Topic Categories
Category
:   Agriculture
Topic
:   Agricultural Plant Science
ISO Topic
:   Farming
Personnel
Role
:   Principal Investigator
Name
:   Dr. R P   Joshi
e-mail
:   ictd@ncpor.res.in
Organisation
:   Defence Research and Development Organisation (DRDO)
Title
Establishing a green house for cultivation of vegetables at Maitri, in the Schirmacher Oasis (Queen Maud Land-East Antarctica).
Science Keywords
Category
Agriculture
Topic
Agricultural Plant Science
ISO Topic
Farming
Expedition Year
1990-1991
Project Details
Project Number
11
Project Name
Establishing a green house for cultivation of vegetables at Maitri, in the Schirmacher Oasis (Queen Maud Land-East Antarctica).
Summary
Abstract
Antarctica lacks higher forms of plants except few species of grasses. However, lower plant species like algae, mosses and lichens exist, maintain their survival during winter and grow very slowly in summer when snow melts in lakes and
stream begin to flow, In such a place where there is a harsh combination of rapidly changing temperature, strong dry winds, irregular nutrient and water supply, frequent snow drifts and blizzards, the only way of growing plants is through protected cultivation.
Purpose
DARL suggested a plan for establishing a green house for cultivation of vegetables at Maitri, in the Schirmacher Oasis (Queen Maud Land-East Antarctica). In a properly oriented green house, as at Maitri, auxiliary heating is not required during summer months except during high speed winds and blizzards. During Ninth Antarctic Expedition some vegetables like tomato, coriander and few flowers were grown in greenhouse. The environmental control systems were non functional. The temperature was being maintained manually to some extent.
Dataset Citation
Creator
R P JOSHI
Editor
R P JOSHI
Dataset Title
Establishing a green house for cultivation of vegetables at Maitri, in the Schirmacher Oasis (Queen Maud Land-East Antarctica).
Series Name
1
Release Date
11/09/2020
Release Place
Goa
Version
1
Online Resource
http://14.139.119.23:8080/dspace/bitstream/123456789/391/3/ARTICLE+15.pdf
Scientist Details
Role
Principal Investigator
Name
Dr. R P   Joshi
e-mail
ictd@ncpor.res.in
Phone
8322525515
Mobile Number
8322525515
Institute /
Organization
Defence Research and Development Organisation (DRDO)
Address
Bareilly road, Goraparao P.O., Arjunpur, Haldwani, Uttarakhand 263139.
City
Haldwani
State
Uttaranchal
Postal Code
263139
Country
India
Data Center
Short Name
NPDC
Long Name
National Polar Data Center, India
Mail Id
npdc@ncpor.res.in
Phone No
+91 - 832-2525515
Address
Headland Sada
City
Vasco-Da-Gama
State
Goa
Pin Code
403804
Country
India
Instrument Details
Short name
-
Long name
-
Location
Category
Region
Type
Antarctic
Subregion
Schirmacher Oasis
Platform
Short name
-
Long name
-
Data
					Set Progress
Complete
close
save as pdf
If XML not opening,
Click Here!
If download not started,
Click Here!
Search
Quick Links
Contact Us
Data Policy & Guidelines
User Manual
Polar Directory
Data Submission
Common Project Proposal Form
Submit a New Data
For scholars
Dataset by Science Keywords
Dataset by Location
Observation Dataset
Quantarctica
Data Portal
Synoptic Data
Useful Links
Python
Ferret visualization
and analysis Tool
The R Project
© National Centre for Polar and Ocean Research
						(NCPOR), Ministry of Earth Sciences (MoES), Government of India"
Agriculture,Agricultural Plant Science,"A Study on Growth and Development of Five Leguminous Plant Species: Gram (Cicer arietinum), Peas (Pisum sativum), Lobia (Vigna cinensis), Mung (Phaseolus aureus) and Rajma (Dotichos lablab) in Antarctic Soil.",https://npdc.ncpor.res.in/npdc/search_mf_data.action?search=title&expedition_type=Antarctic&parameter=MF-1300478019&userType=user&parameter1=Agricultural+Plant+Science,"META DATA SEARCH
Home
About
Data
Search For Datasets »
Browse by Keyword
Browse by Location
Data Availability
SOE : Scientific Voyage Details
Other Datasets »
Weather and Environment
Search AWS & Meteorological Datasets
Sagar Kanya Cruise Report
Surface Data at Maitri & Gangotri
Synoptic Data From Bharti Station (2016-21)
Submit Your Data »
New Datasets
Last Submitted Datasets
Other Data Links
Important links »
Polar View
NCMRWF - Southern Ocean
NCMRWF - Sea-ice Arctic
NCMRWF - Sea-ice Antarctic
Polar Directory
Search by Data Types
Free Text
Sign
					In
User Manual
Brief Record
Full Record
View XML
Export PDF
Get Data
Title
A Study on Growth and Development of Five Leguminous Plant Species: Gram (Cicer arietinum), Peas (Pisum sativum), Lobia (Vigna cinensis), Mung (Phaseolus aureus) and Rajma (Dotichos lablab) in Antarctic Soil.
Abstract
A study on growth of five leguminous plant species viz. gram (Cicer arietinum), peas (Pisum sativum), lobia (Vigna sinensis), mung (Phaseolus aureus ) and rajma (Dolichos lablab) in Tenth Antarctic Expedition during polar summer 1990-91 is described. The experiment was conducted at Maitri station using Antarctic soil. Growth analysis was carried out by measuring RLA, RGR, LAR and NAR. Growth was poor. Flowering and seed formation were observed in peas after 34 and 40 days of sowing the seed. Weekly increase in plant height and leaf area for all four crops are presented. Average values of weekly increase in plant height and leaf area for all four crops are presented. Shoot FW (Fresh weight) per plant of gram, peas, rajma, lobia and mung were 1171?160, 2934?290, 2545?280, 1880+170, 1567?160 mg respectively after five weeks of emergence. Average weekly increase in plant height was 9.84,3.70,5.36,2.80 and 1.90 cm; in leaf area was 9.84,24.20,7.65,3.22, 1.58 cm.
Purpose
The experiment was conducted in the greenhouse at Maitri (India's permanent research station; Lat.70?4-5' 39.4"":Long.l 1?41' 48.6"") during the polar summer of 1990-91. The greenhouse was sufficiently airtight for snow and cold winds. Temperature (20?C) was maintained by hot water radiators and electrical heaters. Relative humidity of 64% was maintained by humidifiers. Plants were grown in natural light. The experiment was performed in pots in randomized block design with three replicates. Well sterilised seeds of five species of leguminous plants viz. gram (cv. K-4), peas (cv. Arkel), rajma (cv. Pusa early prolific), lobia (cv. Pusa phalguni) and mung (cv. Pusa baisakhi) were sown on 3 Jan.91. Soil was collected from the area around the station and filtered with a fine mesh. Total 5 kg soil was taken. Its composition was 4.5 kg soil and 0.5 kg soil mixed with moss (both naturally occurring in Antarctica). This soil was fortified with 10 g urea and 10 g KH2PO4.
Basic Information
Release Date
:    11/09/2020
Originating Center
:
Data Set Progress
:    Complete
Data Set Language
:
ISO Topic Categories
Category
:   Agriculture
Topic
:   Agricultural Plant Science
ISO Topic
:   Farming
Personnel
Role
:   Principal Investigator
Name
:   Dr. A B   Dhaulakhandi
e-mail
:   ictd@ncpor.res.in
Organisation
:   Defence Agricultural Research Laboratory (DLS)
Title
A Study on Growth and Development of Five Leguminous Plant Species: Gram (Cicer arietinum), Peas (Pisum sativum), Lobia (Vigna cinensis), Mung (Phaseolus aureus) and Rajma (Dotichos lablab) in Antarctic Soil.
Science Keywords
Category
Agriculture
Topic
Agricultural Plant Science
ISO Topic
Farming
Expedition Year
1990-1991
Project Details
Project Number
13
Project Name
A Study on Growth and Development of Five Leguminous Plant Species: Gram (Cicer arietinum), Peas (Pisum sativum), Lobia (Vigna cinensis), Mung (Phaseolus aureus) and Rajma (Dotichos lablab) in Antarctic Soil.
Summary
Abstract
A study on growth of five leguminous plant species viz. gram (Cicer arietinum), peas (Pisum sativum), lobia (Vigna sinensis), mung (Phaseolus aureus ) and rajma (Dolichos lablab) in Tenth Antarctic Expedition during polar summer 1990-91 is described. The experiment was conducted at Maitri station using Antarctic soil. Growth analysis was carried out by measuring RLA, RGR, LAR and NAR. Growth was poor. Flowering and seed formation were observed in peas after 34 and 40 days of sowing the seed. Weekly increase in plant height and leaf area for all four crops are presented. Average values of weekly increase in plant height and leaf area for all four crops are presented. Shoot FW (Fresh weight) per plant of gram, peas, rajma, lobia and mung were 1171?160, 2934?290, 2545?280, 1880+170, 1567?160 mg respectively after five weeks of emergence. Average weekly increase in plant height was 9.84,3.70,5.36,2.80 and 1.90 cm; in leaf area was 9.84,24.20,7.65,3.22, 1.58 cm.
Purpose
The experiment was conducted in the greenhouse at Maitri (India's permanent research station; Lat.70?4-5' 39.4"":Long.l 1?41' 48.6"") during the polar summer of 1990-91. The greenhouse was sufficiently airtight for snow and cold winds. Temperature (20?C) was maintained by hot water radiators and electrical heaters. Relative humidity of 64% was maintained by humidifiers. Plants were grown in natural light. The experiment was performed in pots in randomized block design with three replicates. Well sterilised seeds of five species of leguminous plants viz. gram (cv. K-4), peas (cv. Arkel), rajma (cv. Pusa early prolific), lobia (cv. Pusa phalguni) and mung (cv. Pusa baisakhi) were sown on 3 Jan.91. Soil was collected from the area around the station and filtered with a fine mesh. Total 5 kg soil was taken. Its composition was 4.5 kg soil and 0.5 kg soil mixed with moss (both naturally occurring in Antarctica). This soil was fortified with 10 g urea and 10 g KH2PO4.
Dataset Citation
Creator
A B DHAULAKHANDI
Editor
A B DHAULAKHANDI
Dataset Title
A Study on Growth and Development of Five Leguminous Plant Species: Gram (Cicer arietinum), Peas (Pisum sativum), Lobia (Vigna cinensis), Mung (Phaseolus aureus) and Rajma (Dotichos lablab) in Antarctic Soil.
Series Name
1
Release Date
11/09/2020
Release Place
Goa
Version
1
Online Resource
http://14.139.119.23:8080/dspace/bitstream/123456789/388/3/ARTICLE+12.p
Scientist Details
Role
Principal Investigator
Name
Dr. A B   Dhaulakhandi
e-mail
ictd@ncpor.res.in
Phone
8322525515
Mobile Number
8322525515
Institute /
Organization
Defence Agricultural Research Laboratory (DLS)
Address
Defence Institute of Bio-Energy Research (DIBER)Goraparao, PO, Arjunpur Haldwani-263139 (Uttarakhand).
City
Haldwani
State
Uttaranchal
Postal Code
263139
Country
India
Data Center
Short Name
NPDC
Long Name
National Polar Data Center, India
Mail Id
npdc@ncpor.res.in
Phone No
+91 - 832-2525515
Address
Headland Sada
City
Vasco-Da-Gama
State
Goa
Pin Code
403804
Country
India
Instrument Details
Short name
-
Long name
-
Location
Category
Region
Type
Antarctic
Subregion
Maitri
Data Resolution
Latitude Resolution
70
o
45'   39""
Longitude Resolution
11
o
41'   48""
Horizontal Resolution Range
Vertical Resolution
Vertical Resolution Range
Temporal Resolution
Temporal Resolution Range
Platform
Short name
-
Long name
-
Data
					Set Progress
Complete
close
save as pdf
If XML not opening,
Click Here!
If download not started,
Click Here!
Search
Quick Links
Contact Us
Data Policy & Guidelines
User Manual
Polar Directory
Data Submission
Common Project Proposal Form
Submit a New Data
For scholars
Dataset by Science Keywords
Dataset by Location
Observation Dataset
Quantarctica
Data Portal
Synoptic Data
Useful Links
Python
Ferret visualization
and analysis Tool
The R Project
© National Centre for Polar and Ocean Research
						(NCPOR), Ministry of Earth Sciences (MoES), Government of India"
Agriculture,Agricultural Plant Science,"Occurrence of Invertebrate Fauna in Schirmacher Oasis, Antarctica.",https://npdc.ncpor.res.in/npdc/search_mf_data.action?search=title&expedition_type=Antarctic&parameter=MF-1328995534&userType=user&parameter1=Agricultural+Plant+Science,"META DATA SEARCH
Home
About
Data
Search For Datasets »
Browse by Keyword
Browse by Location
Data Availability
SOE : Scientific Voyage Details
Other Datasets »
Weather and Environment
Search AWS & Meteorological Datasets
Sagar Kanya Cruise Report
Surface Data at Maitri & Gangotri
Synoptic Data From Bharti Station (2016-21)
Submit Your Data »
New Datasets
Last Submitted Datasets
Other Data Links
Important links »
Polar View
NCMRWF - Southern Ocean
NCMRWF - Sea-ice Arctic
NCMRWF - Sea-ice Antarctic
Polar Directory
Search by Data Types
Free Text
Sign
					In
User Manual
Brief Record
Full Record
View XML
Export PDF
Get Data
Title
Occurrence of Invertebrate Fauna in Schirmacher Oasis, Antarctica.
Abstract
The Schirmacher Oasis region in East Antarctica was surveyed during the eleventh Indian expedition to Antarctica in the austral summer of 1991-92. Samples of water, soil, moss, lichen and algae showed presence of invertebrate fauna like earthworm, nematods, mites, springtail, dipterous flies, larvae and a single specimen of moth.
Purpose
Terrestrial animals of Antarctica arc confined to microbes and a few small invertebrates. A total of 387 invertebrate fauna have so far been recorded in the sub-Antarctic, 127 in maritime Antarctica and 107 on the continent itself; many of these occurring in more than one of these zones (May,1988 and Laws,I989). These are mostly microscopic, which live in the plantlitter, moss, peat, soil, lichen, algae, birds' litter md in the micro-climate under the rocks. They range from protozoa, rotifers, tradigrades and nematodes to arthropods. Out of 137 species of Arthropods reported from Antarctica, the principal Arthropod groups represent Acarina (70 species of mites), Mallophaga (37 species of biting lice), Collembola (20 species of springtaila), Anoplura (5 species of sucking lice), Diptera (2 species of midges), Siphonoptera (1 species of fleas) and Coleoptera (2 species of beetles probably alien or known from islands near the Antarctic Peninsula)
Basic Information
Release Date
:    14/09/2020
Originating Center
:
Data Set Progress
:    Complete
Data Set Language
:
ISO Topic Categories
Category
:   Agriculture
Topic
:   Agricultural Plant Science
ISO Topic
:   Farming
Personnel
Role
:   Principal Investigator
Name
:   Dr. Mohommad   Arif
e-mail
:   ictd@ncpor.res.in
Organisation
:   Defence Agricultural Research Laboratory (DLS)
Title
Occurrence of Invertebrate Fauna in Schirmacher Oasis, Antarctica.
Science Keywords
Category
Agriculture
Topic
Agricultural Plant Science
ISO Topic
Farming
Expedition Year
1991-1992
Project Details
Project Number
9
Project Name
Occurrence of Invertebrate Fauna in Schirmacher Oasis, Antarctica.
Summary
Abstract
The Schirmacher Oasis region in East Antarctica was surveyed during the eleventh Indian expedition to Antarctica in the austral summer of 1991-92. Samples of water, soil, moss, lichen and algae showed presence of invertebrate fauna like earthworm, nematods, mites, springtail, dipterous flies, larvae and a single specimen of moth.
Purpose
Terrestrial animals of Antarctica arc confined to microbes and a few small invertebrates. A total of 387 invertebrate fauna have so far been recorded in the sub-Antarctic, 127 in maritime Antarctica and 107 on the continent itself; many of these occurring in more than one of these zones (May,1988 and Laws,I989). These are mostly microscopic, which live in the plantlitter, moss, peat, soil, lichen, algae, birds' litter md in the micro-climate under the rocks. They range from protozoa, rotifers, tradigrades and nematodes to arthropods. Out of 137 species of Arthropods reported from Antarctica, the principal Arthropod groups represent Acarina (70 species of mites), Mallophaga (37 species of biting lice), Collembola (20 species of springtaila), Anoplura (5 species of sucking lice), Diptera (2 species of midges), Siphonoptera (1 species of fleas) and Coleoptera (2 species of beetles probably alien or known from islands near the Antarctic Peninsula)
Dataset Citation
Creator
MOHOMMAD ARIF
Editor
MOHOMMAD ARIF
Dataset Title
Occurrence of Invertebrate Fauna in Schirmacher Oasis, Antarctica.
Series Name
1
Release Date
14/09/2020
Release Place
Goa
Version
1
Online Resource
http://14.139.119.23:8080/dspace/bitstream/123456789/744/1/301-311.pdf
Scientist Details
Role
Principal Investigator
Name
Dr. Mohommad   Arif
e-mail
ictd@ncpor.res.in
Phone
8322525515
Mobile Number
8322525515
Institute /
Organization
Defence Agricultural Research Laboratory (DLS)
Address
APS Road, Pithoragarh, Uttarakhand 262501.
City
Pithoragarh
State
Uttaranchal
Postal Code
262501
Country
India
Data Center
Short Name
NPDC
Long Name
National Polar Data Center, India
Mail Id
npdc@ncpor.res.in
Phone No
+91 - 832-2525515
Address
Headland Sada
City
Vasco-Da-Gama
State
Goa
Pin Code
403804
Country
India
Instrument Details
Short name
-
Long name
-
Location
Category
Region
Type
Antarctic
Subregion
Schirmacher Oasis
Platform
Short name
-
Long name
-
Data
					Set Progress
Complete
close
save as pdf
If XML not opening,
Click Here!
If download not started,
Click Here!
Search
Quick Links
Contact Us
Data Policy & Guidelines
User Manual
Polar Directory
Data Submission
Common Project Proposal Form
Submit a New Data
For scholars
Dataset by Science Keywords
Dataset by Location
Observation Dataset
Quantarctica
Data Portal
Synoptic Data
Useful Links
Python
Ferret visualization
and analysis Tool
The R Project
© National Centre for Polar and Ocean Research
						(NCPOR), Ministry of Earth Sciences (MoES), Government of India"
Agriculture,Agricultural Plant Science,"Growth and Yield of Fenugreek (Trigonella foenum graecum L.), Spinach (Spinacea oleracea L.), Coriander (Coriandrum sativum L.) and Lettuce (Lactuca saliva L.) under Continuous Daylight Condition in Antarctica.",https://npdc.ncpor.res.in/npdc/search_mf_data.action?search=title&expedition_type=Antarctic&parameter=MF1956559381&userType=user&parameter1=Agricultural+Plant+Science,"META DATA SEARCH
Home
About
Data
Search For Datasets »
Browse by Keyword
Browse by Location
Data Availability
SOE : Scientific Voyage Details
Other Datasets »
Weather and Environment
Search AWS & Meteorological Datasets
Sagar Kanya Cruise Report
Surface Data at Maitri & Gangotri
Synoptic Data From Bharti Station (2016-21)
Submit Your Data »
New Datasets
Last Submitted Datasets
Other Data Links
Important links »
Polar View
NCMRWF - Southern Ocean
NCMRWF - Sea-ice Arctic
NCMRWF - Sea-ice Antarctic
Polar Directory
Search by Data Types
Free Text
Sign
					In
User Manual
Brief Record
Full Record
View XML
Export PDF
Get Data
Title
Growth and Yield of Fenugreek (Trigonella foenum graecum L.), Spinach (Spinacea oleracea L.), Coriander (Coriandrum sativum L.) and Lettuce (Lactuca saliva L.) under Continuous Daylight Condition in Antarctica.
Abstract
A study on growth and yield of fenugreek, spinach (Spinacea oleracea L.),coriander (Coriandrum sativum L.) and lettucse(Lactuca sativa L.) during polar summer 1990-91 is described. The plants were grown in peatmoss using NFT culture. The plants maintained a good growth and crops matured within five weeks of emergence. Flowering was observed in fenugreek, coriander and spinach after 33, 27 and 34 days of emergence respectively, while no flowering was observed in lettuce. The yields recorded were fenugreek 0,775 kg/m2 , spinach 1.007 kg/m2 , coriander 1.317 kg/m2 and lettuce 0.888 kg/m2 . The growth analysis was carried out by computing RGR, RLA, NAR and LAR. Significant correlation between FW and LA was observed. Exponential regression equations between FW and LA calculated for all four crops are described. The shoot FW/plant of fenugreek, spinach, coriander and lettuce were 1059?101,1802?102, 663?80 and 1189?98 mg, respectively after five weeks of emergence.
Purpose
The experiment was conducted in the greenhouse at India's permanent research station Maitri (70 45'39.4"": 11 44'48.6"") during Tenth Indian Scientific Expedition to Antarctica. The greenhouse was sufficiently airtight for snow and cold winds and well controlled. Temperature (20C) was maintained by hot water radiators and electrical heaters. Relative humidity (60 %) was maintained by humidifiers. Plants were grown in the natural light. The experiment was performed in plastic trays in randomised block design with three replicates. Peatmoss was used as the growing
medium. The nutrient solution consisted of Yamasaki recipe (for macro nutrients) and Hoagland solution (for micronutrients).
Basic Information
Release Date
:    14/09/2020
Originating Center
:
Data Set Progress
:    Complete
Data Set Language
:
ISO Topic Categories
Category
:   Agriculture
Topic
:   Agricultural Plant Science
ISO Topic
:   Farming
Personnel
Role
:   Principal Investigator
Name
:   Dr. A B   Dhaulakhandi
e-mail
:   ictd@ncpor.res.in
Organisation
:   Defence Agricultural Research Laboratory (DLS)
Title
Growth and Yield of Fenugreek (Trigonella foenum graecum L.), Spinach (Spinacea oleracea L.), Coriander (Coriandrum sativum L.) and Lettuce (Lactuca saliva L.) under Continuous Daylight Condition in Antarctica.
Science Keywords
Category
Agriculture
Topic
Agricultural Plant Science
ISO Topic
Farming
Expedition Year
1990-1991
Project Details
Project Number
14
Project Name
Growth and Yield of Fenugreek (Trigonella foenum graecum L.), Spinach (Spinacea oleracea L.), Coriander (Coriandrum sativum L.) and Lettuce (Lactuca saliva L.) under Continuous Daylight Condition in Antarctica.
Summary
Abstract
A study on growth and yield of fenugreek, spinach (Spinacea oleracea L.),coriander (Coriandrum sativum L.) and lettucse(Lactuca sativa L.) during polar summer 1990-91 is described. The plants were grown in peatmoss using NFT culture. The plants maintained a good growth and crops matured within five weeks of emergence. Flowering was observed in fenugreek, coriander and spinach after 33, 27 and 34 days of emergence respectively, while no flowering was observed in lettuce. The yields recorded were fenugreek 0,775 kg/m2 , spinach 1.007 kg/m2 , coriander 1.317 kg/m2 and lettuce 0.888 kg/m2 . The growth analysis was carried out by computing RGR, RLA, NAR and LAR. Significant correlation between FW and LA was observed. Exponential regression equations between FW and LA calculated for all four crops are described. The shoot FW/plant of fenugreek, spinach, coriander and lettuce were 1059?101,1802?102, 663?80 and 1189?98 mg, respectively after five weeks of emergence.
Purpose
The experiment was conducted in the greenhouse at India's permanent research station Maitri (70 45'39.4"": 11 44'48.6"") during Tenth Indian Scientific Expedition to Antarctica. The greenhouse was sufficiently airtight for snow and cold winds and well controlled. Temperature (20C) was maintained by hot water radiators and electrical heaters. Relative humidity (60 %) was maintained by humidifiers. Plants were grown in the natural light. The experiment was performed in plastic trays in randomised block design with three replicates. Peatmoss was used as the growing
medium. The nutrient solution consisted of Yamasaki recipe (for macro nutrients) and Hoagland solution (for micronutrients).
Dataset Citation
Creator
A B DHAULAKHANDI
Editor
A B DHAULAKHANDI
Dataset Title
Growth and Yield of Fenugreek (Trigonella foenum graecum L.), Spinach (Spinacea oleracea L.), Coriander (Coriandrum sativum L.) and Lettuce (Lactuca saliva L.) under Continuous Daylight Condition in Antarctica.
Series Name
1
Release Date
14/09/2020
Release Place
Goa
Version
1
Online Resource
http://14.139.119.23:8080/dspace/bitstream/123456789/388/3/ARTICLE+12.pdf
Scientist Details
Role
Principal Investigator
Name
Dr. A B   Dhaulakhandi
e-mail
ictd@ncpor.res.in
Phone
8322525515
Mobile Number
8322525515
Institute /
Organization
Defence Agricultural Research Laboratory (DLS)
Address
Defence Institute of Bio-Energy Research (DIBER)Goraparao, PO, Arjunpur Haldwani-263139 (Uttarakhand).
City
Haldwani
State
Uttaranchal
Postal Code
263139
Country
India
Data Center
Short Name
NPDC
Long Name
National Polar Data Center, India
Mail Id
npdc@ncpor.res.in
Phone No
+91 - 832-2525515
Address
Headland Sada
City
Vasco-Da-Gama
State
Goa
Pin Code
403804
Country
India
Instrument Details
Short name
-
Long name
-
Location
Category
Region
Type
Antarctic
Subregion
Maitri
Data Resolution
Latitude Resolution
70
o
45'   39""
Longitude Resolution
11
o
44'   48""
Horizontal Resolution Range
Vertical Resolution
Vertical Resolution Range
Temporal Resolution
Temporal Resolution Range
Platform
Short name
-
Long name
-
Data
					Set Progress
Complete
close
save as pdf
If XML not opening,
Click Here!
If download not started,
Click Here!
Search
Quick Links
Contact Us
Data Policy & Guidelines
User Manual
Polar Directory
Data Submission
Common Project Proposal Form
Submit a New Data
For scholars
Dataset by Science Keywords
Dataset by Location
Observation Dataset
Quantarctica
Data Portal
Synoptic Data
Useful Links
Python
Ferret visualization
and analysis Tool
The R Project
© National Centre for Polar and Ocean Research
						(NCPOR), Ministry of Earth Sciences (MoES), Government of India"
Agriculture,Agricultural Plant Science,"Comparative Performance of Thirty Two Crops Grown in Antarctic Soil, Antarctic Moss and Peat MOSS Under Glass House Conditions in Antarctica.",https://npdc.ncpor.res.in/npdc/search_mf_data.action?search=title&expedition_type=Antarctic&parameter=MF-609465171&userType=user&parameter1=Agricultural+Plant+Science,"META DATA SEARCH
Home
About
Data
Search For Datasets »
Browse by Keyword
Browse by Location
Data Availability
SOE : Scientific Voyage Details
Other Datasets »
Weather and Environment
Search AWS & Meteorological Datasets
Sagar Kanya Cruise Report
Surface Data at Maitri & Gangotri
Synoptic Data From Bharti Station (2016-21)
Submit Your Data »
New Datasets
Last Submitted Datasets
Other Data Links
Important links »
Polar View
NCMRWF - Southern Ocean
NCMRWF - Sea-ice Arctic
NCMRWF - Sea-ice Antarctic
Polar Directory
Search by Data Types
Free Text
Sign
					In
User Manual
Brief Record
Full Record
View XML
Export PDF
Get Data
Title
Comparative Performance of Thirty Two Crops Grown in Antarctic Soil, Antarctic Moss and Peat MOSS Under Glass House Conditions in Antarctica.
Abstract
Eighty one varieties of 29 different vegetables, two varieties of grass and one variety of maize were grown in three different media viz. Antarctic soil, Antarctic moss and Peat moss. Performance of leafy vegetables (Spinach, fenugreek, lettuce, parseley, garlic, onion, mint and coriander), cucurbits (cucumber, bittergourd and squash), beans, brinjal, chilli and tomato was quite promising. Cruciferous plants (radish, knol khol, turnip, lai, cabbage and cauliflower) did not respond well during austral summer.
Purpose
The cold desert of Antarctica supports only an impoverished community of cold tolerant land plants that are capable of surviving lengthy winter months of total or near total darkness during which period photosynthesis can not take place. However, vascular flora in Antarctica consist of only three species of flowering plants (Green and Green, 1963). Growth must occur during short summer period which lasts for a few days to a few months depending on diverse factors like latitude, seasonal snow packs, elevation, topography etc. Moisture is the most important single variable provided mainly by atmospheric water vapour and by local melt supplies from snow, drift snow and permafrost. Stream run-off is exceedingly rare. Extreme cold, high winds and aridity inhibit growth even during 'summer' in most areas. Antarctic plants total about 800 species (Benton,1980) of which 350 are lichens and 100 are bryophytes.
Basic Information
Release Date
:    14/09/2020
Originating Center
:
Data Set Progress
:    Complete
Data Set Language
:
ISO Topic Categories
Category
:   Agriculture
Topic
:   Agricultural Plant Science
ISO Topic
:   Farming
Personnel
Role
:   Principal Investigator
Name
:   Dr. Mohommad   Arif
e-mail
:   ictd@ncpor.res.in
Organisation
:   Defence Agricultural Research Laboratory (DLS)
Title
Comparative Performance of Thirty Two Crops Grown in Antarctic Soil, Antarctic Moss and Peat MOSS Under Glass House Conditions in Antarctica.
Science Keywords
Category
Agriculture
Topic
Agricultural Plant Science
ISO Topic
Farming
Expedition Year
1991-1992
Project Details
Project Number
10
Project Name
Comparative Performance of Thirty Two Crops Grown in Antarctic Soil, Antarctic Moss and Peat MOSS Under Glass House Conditions in Antarctica.
Summary
Abstract
Eighty one varieties of 29 different vegetables, two varieties of grass and one variety of maize were grown in three different media viz. Antarctic soil, Antarctic moss and Peat moss. Performance of leafy vegetables (Spinach, fenugreek, lettuce, parseley, garlic, onion, mint and coriander), cucurbits (cucumber, bittergourd and squash), beans, brinjal, chilli and tomato was quite promising. Cruciferous plants (radish, knol khol, turnip, lai, cabbage and cauliflower) did not respond well during austral summer.
Purpose
The cold desert of Antarctica supports only an impoverished community of cold tolerant land plants that are capable of surviving lengthy winter months of total or near total darkness during which period photosynthesis can not take place. However, vascular flora in Antarctica consist of only three species of flowering plants (Green and Green, 1963). Growth must occur during short summer period which lasts for a few days to a few months depending on diverse factors like latitude, seasonal snow packs, elevation, topography etc. Moisture is the most important single variable provided mainly by atmospheric water vapour and by local melt supplies from snow, drift snow and permafrost. Stream run-off is exceedingly rare. Extreme cold, high winds and aridity inhibit growth even during 'summer' in most areas. Antarctic plants total about 800 species (Benton,1980) of which 350 are lichens and 100 are bryophytes.
Dataset Citation
Creator
MOHOMMAD ARIF
Editor
MOHOMMAD ARIF
Dataset Title
Comparative Performance of Thirty Two Crops Grown in Antarctic Soil, Antarctic Moss and Peat MOSS Under Glass House Conditions in Antarctica.
Series Name
1
Release Date
14/09/2020
Release Place
Goa
Version
1
Online Resource
http://14.139.119.23:8080/dspace/bitstream/123456789/743/1/Pages+from+IITH+INDIAN+EXPEDITION++267-300.pdf
Scientist Details
Role
Principal Investigator
Name
Dr. Mohommad   Arif
e-mail
ictd@ncpor.res.in
Phone
8322525515
Mobile Number
8322525515
Institute /
Organization
Defence Agricultural Research Laboratory (DLS)
Address
Bareilly road, Goraparao P.O., Arjunpur, Haldwani, Uttarakhand 263139.
City
Haldwani
State
Uttaranchal
Postal Code
263139
Country
India
Data Center
Short Name
NPDC
Long Name
National Polar Data Center, India
Mail Id
npdc@ncpor.res.in
Phone No
+91 - 832-2525515
Address
Headland Sada
City
Vasco-Da-Gama
State
Goa
Pin Code
403804
Country
India
Instrument Details
Short name
-
Long name
-
Location
Category
Region
Type
Antarctic
Subregion
Maitri
Platform
Short name
-
Long name
-
Data
					Set Progress
Complete
close
save as pdf
If XML not opening,
Click Here!
If download not started,
Click Here!
Search
Quick Links
Contact Us
Data Policy & Guidelines
User Manual
Polar Directory
Data Submission
Common Project Proposal Form
Submit a New Data
For scholars
Dataset by Science Keywords
Dataset by Location
Observation Dataset
Quantarctica
Data Portal
Synoptic Data
Useful Links
Python
Ferret visualization
and analysis Tool
The R Project
© National Centre for Polar and Ocean Research
						(NCPOR), Ministry of Earth Sciences (MoES), Government of India"
Agriculture,Agricultural Plant Science,"Studies on the Use of Cyanobacteria As Biofertilizer For Vegetable Cultivation in Hydroponic System, in Schirmacher Oasis Region, East Antarctica.",https://npdc.ncpor.res.in/npdc/search_mf_data.action?search=title&expedition_type=Antarctic&parameter=MF-67942642&userType=user&parameter1=Agricultural+Plant+Science,"META DATA SEARCH
Home
About
Data
Search For Datasets »
Browse by Keyword
Browse by Location
Data Availability
SOE : Scientific Voyage Details
Other Datasets »
Weather and Environment
Search AWS & Meteorological Datasets
Sagar Kanya Cruise Report
Surface Data at Maitri & Gangotri
Synoptic Data From Bharti Station (2016-21)
Submit Your Data »
New Datasets
Last Submitted Datasets
Other Data Links
Important links »
Polar View
NCMRWF - Southern Ocean
NCMRWF - Sea-ice Arctic
NCMRWF - Sea-ice Antarctic
Polar Directory
Search by Data Types
Free Text
Sign
					In
User Manual
Brief Record
Full Record
View XML
Export PDF
Get Data
Title
Studies on the Use of Cyanobacteria As Biofertilizer For Vegetable Cultivation in Hydroponic System, in Schirmacher Oasis Region, East Antarctica.
Abstract
During the eleventh Indian expedition to Antarctica an attempt was made to grow vegetables, using blue green algae (Cyanobaeteria) as fertilizer.
Purpose
Algae form a conspicuous part of the Antarctic vegetation and occupy bare patches of low lying rocks where melt water is plentiful (Komarek and Ruzicka,1966). The blue green algae (cyanobacteria) are capable of fixing the atmospheric nitrogen and convert it into an available form of ammonium required for plant growth. Attempt towards the cultivation of vegetables viz., radish, spinach, methi, tomato and cucumber has been made in the soil media in Antarctica (Joshi and Banerjee, 1988). Later on the cultivation of vegetables was undertaken through hydroponic system using the micronutrients in water during the tenth Indian expedition to Antarctica. Literature reveals that blue green algae (cyanobacteria) already available in Antarctic soil have not yet been used as biofertilizer for vegetable cultivation in ice covered continent. The present study deals with the isolation and mass culture of cyanobacteria and to study their effect as biofertilizer on the performance of vegetables.
Basic Information
Release Date
:    14/09/2020
Originating Center
:
Data Set Progress
:    Complete
Data Set Language
:
ISO Topic Categories
Category
:   Agriculture
Topic
:   Agricultural Plant Science
ISO Topic
:   Farming
Personnel
Role
:   Principal Investigator
Name
:   Dr. Mohommad   Arif
e-mail
:   ictd@ncpor.res.in
Organisation
:   Defence Agricultural Research Laboratory (DLS)
Title
Studies on the Use of Cyanobacteria As Biofertilizer For Vegetable Cultivation in Hydroponic System, in Schirmacher Oasis Region, East Antarctica.
Science Keywords
Category
Agriculture
Topic
Agricultural Plant Science
ISO Topic
Farming
Expedition Year
1991-1992
Project Details
Project Number
12
Project Name
Studies on the Use of Cyanobacteria As Biofertilizer For Vegetable Cultivation in Hydroponic System, in Schirmacher Oasis Region, East Antarctica.
Summary
Abstract
During the eleventh Indian expedition to Antarctica an attempt was made to grow vegetables, using blue green algae (Cyanobaeteria) as fertilizer.
Purpose
Algae form a conspicuous part of the Antarctic vegetation and occupy bare patches of low lying rocks where melt water is plentiful (Komarek and Ruzicka,1966). The blue green algae (cyanobacteria) are capable of fixing the atmospheric nitrogen and convert it into an available form of ammonium required for plant growth. Attempt towards the cultivation of vegetables viz., radish, spinach, methi, tomato and cucumber has been made in the soil media in Antarctica (Joshi and Banerjee, 1988). Later on the cultivation of vegetables was undertaken through hydroponic system using the micronutrients in water during the tenth Indian expedition to Antarctica. Literature reveals that blue green algae (cyanobacteria) already available in Antarctic soil have not yet been used as biofertilizer for vegetable cultivation in ice covered continent. The present study deals with the isolation and mass culture of cyanobacteria and to study their effect as biofertilizer on the performance of vegetables.
Dataset Citation
Creator
MOHOMMAD ARIF
Editor
MOHOMMAD ARIF
Dataset Title
Studies on the Use of Cyanobacteria As Biofertilizer For Vegetable Cultivation in Hydroponic System, in Schirmacher Oasis Region, East Antarctica.
Series Name
1
Release Date
14/09/2020
Release Place
Goa
Version
1
Online Resource
http://14.139.119.23:8080/dspace/bitstream/123456789/739/1/Pages+from+243-246.pdf
Scientist Details
Role
Principal Investigator
Name
Dr. Mohommad   Arif
e-mail
ictd@ncpor.res.in
Phone
8322525515
Mobile Number
8322525515
Institute /
Organization
Defence Agricultural Research Laboratory (DLS)
Address
Bareilly road, Goraparao P.O., Arjunpur, Haldwani, Uttarakhand 263139
City
Haldwani
State
Uttaranchal
Postal Code
263139
Country
India
Data Center
Short Name
NPDC
Long Name
National Polar Data Center, India
Mail Id
npdc@ncpor.res.in
Phone No
+91 - 832-2525515
Address
Headland Sada
City
Vasco-Da-Gama
State
Goa
Pin Code
403804
Country
India
Instrument Details
Short name
-
Long name
-
Location
Category
Region
Type
Antarctic
Subregion
Schirmacher Oasis
Platform
Short name
-
Long name
-
Data
					Set Progress
Complete
close
save as pdf
If XML not opening,
Click Here!
If download not started,
Click Here!
Search
Quick Links
Contact Us
Data Policy & Guidelines
User Manual
Polar Directory
Data Submission
Common Project Proposal Form
Submit a New Data
For scholars
Dataset by Science Keywords
Dataset by Location
Observation Dataset
Quantarctica
Data Portal
Synoptic Data
Useful Links
Python
Ferret visualization
and analysis Tool
The R Project
© National Centre for Polar and Ocean Research
						(NCPOR), Ministry of Earth Sciences (MoES), Government of India"
Agriculture,Food Science,Effect of Cyanobacteria on Various Vegetables Grown in Antarctica.,https://npdc.ncpor.res.in/npdc/search_mf_data.action?search=title&expedition_type=Antarctic&parameter=MF-32159236&userType=user&parameter1=Food+Science,"META DATA SEARCH
Home
About
Data
Search For Datasets »
Browse by Keyword
Browse by Location
Data Availability
SOE : Scientific Voyage Details
Other Datasets »
Weather and Environment
Search AWS & Meteorological Datasets
Sagar Kanya Cruise Report
Surface Data at Maitri & Gangotri
Synoptic Data From Bharti Station (2016-21)
Submit Your Data »
New Datasets
Last Submitted Datasets
Other Data Links
Important links »
Polar View
NCMRWF - Southern Ocean
NCMRWF - Sea-ice Arctic
NCMRWF - Sea-ice Antarctic
Polar Directory
Search by Data Types
Free Text
Sign
					In
User Manual
Brief Record
Full Record
View XML
Export PDF
Get Data
Title
Effect of Cyanobacteria on Various Vegetables Grown in Antarctica.
Abstract
Mass culture of available in Schirmacher Oasis of East Antartica, was prepared under artificial condition inside a glass ,house. Cyanobacterial culture was used as biofertilizer and its effect was studied on 31 species of 14 vegetables viz., capsicum, chilli, okra, pea, watermelon, muskmelon, cucumber bittergourd, bottlegourd, bean, lettuce, beetroot and summer squash.
Purpose
Biological nitrogen fixation is restricted to a small group of bacteria, blue green algae or cyanobacteria and actinomycetes. About 26 genera or approxi mately 16 per cent of the known blue green algae are reported to fix nitrogen (Lie, 1984), out of which three types can be distinguished. These are unicellular filamentous non-heterocystous algae and filamentous algae with heterocyst Antarctic cyanobacteria are filamentous algae with heterocyst i.e. thick walled cells with reduced pigmentation present at irregular intervals on the filament. This group of cyanobacteria fixes nitrogen under aerobic conditions and Nostoc and Anabaena genera belong to this group. Komarek and Ruzicka (1966) were the first to report the occurrence of algae as a conspicuous part of the vegetation in Antarctica. Pankow et al.(1989) reported 220 species of algae from Schirmacher Oasis region in East Antarctica out of which 100 species belong to cyanophyceae.
Basic Information
Release Date
:    14/09/2020
Originating Center
:
Data Set Progress
:    Complete
Data Set Language
:
ISO Topic Categories
Category
:   Agriculture
Topic
:   Food Science
ISO Topic
:   Farming
Personnel
Role
:   Principal Investigator
Name
:   Dr. Mohommad   Arif
e-mail
:   ictd@ncpor.res.in
Organisation
:   Defence Agricultural Research Laboratory (DLS)
Title
Effect of Cyanobacteria on Various Vegetables Grown in Antarctica.
Science Keywords
Category
Agriculture
Topic
Food Science
ISO Topic
Farming
Expedition Year
1991-1992
Project Details
Project Number
11
Project Name
Effect of Cyanobacteria on Various Vegetables Grown in Antarctica.
Summary
Abstract
Mass culture of available in Schirmacher Oasis of East Antartica, was prepared under artificial condition inside a glass ,house. Cyanobacterial culture was used as biofertilizer and its effect was studied on 31 species of 14 vegetables viz., capsicum, chilli, okra, pea, watermelon, muskmelon, cucumber bittergourd, bottlegourd, bean, lettuce, beetroot and summer squash.
Purpose
Biological nitrogen fixation is restricted to a small group of bacteria, blue green algae or cyanobacteria and actinomycetes. About 26 genera or approxi mately 16 per cent of the known blue green algae are reported to fix nitrogen (Lie, 1984), out of which three types can be distinguished. These are unicellular filamentous non-heterocystous algae and filamentous algae with heterocyst Antarctic cyanobacteria are filamentous algae with heterocyst i.e. thick walled cells with reduced pigmentation present at irregular intervals on the filament. This group of cyanobacteria fixes nitrogen under aerobic conditions and Nostoc and Anabaena genera belong to this group. Komarek and Ruzicka (1966) were the first to report the occurrence of algae as a conspicuous part of the vegetation in Antarctica. Pankow et al.(1989) reported 220 species of algae from Schirmacher Oasis region in East Antarctica out of which 100 species belong to cyanophyceae.
Dataset Citation
Creator
MOHOMMAD ARIF
Editor
MOHOMMAD ARIF
Dataset Title
Effect of Cyanobacteria on Various Vegetables Grown in Antarctica.
Series Name
1
Release Date
14/09/2020
Release Place
Goa
Version
1
Online Resource
http://14.139.119.23:8080/dspace/bitstream/123456789/742/1/Pages+from+IITH+INDIAN+EXPEDITION+247-265.pdf
Scientist Details
Role
Principal Investigator
Name
Dr. Mohommad   Arif
e-mail
ictd@ncpor.res.in
Phone
8322525515
Mobile Number
8322525515
Institute /
Organization
Defence Agricultural Research Laboratory (DLS)
Address
APS Road, Pithoragarh, Uttarakhand 262501
City
Pithoragarh
State
Uttaranchal
Postal Code
262501
Country
India
Data Center
Short Name
NPDC
Long Name
National Polar Data Center, India
Mail Id
npdc@ncpor.res.in
Phone No
+91 - 832-2525515
Address
Headland Sada
City
Vasco-Da-Gama
State
Goa
Pin Code
403804
Country
India
Instrument Details
Short name
-
Long name
-
Location
Category
Region
Type
Antarctic
Subregion
Schirmacher Oasis
Platform
Short name
-
Long name
-
Data
					Set Progress
Complete
close
save as pdf
If XML not opening,
Click Here!
If download not started,
Click Here!
Search
Quick Links
Contact Us
Data Policy & Guidelines
User Manual
Polar Directory
Data Submission
Common Project Proposal Form
Submit a New Data
For scholars
Dataset by Science Keywords
Dataset by Location
Observation Dataset
Quantarctica
Data Portal
Synoptic Data
Useful Links
Python
Ferret visualization
and analysis Tool
The R Project
© National Centre for Polar and Ocean Research
						(NCPOR), Ministry of Earth Sciences (MoES), Government of India"
Agriculture,Plant Commodities,Prospects of Horticulture in Antarctica.,https://npdc.ncpor.res.in/npdc/search_mf_data.action?search=title&expedition_type=Antarctic&parameter=MF-1844654138&userType=user&parameter1=Plant+Commodities,"META DATA SEARCH
Home
About
Data
Search For Datasets »
Browse by Keyword
Browse by Location
Data Availability
SOE : Scientific Voyage Details
Other Datasets »
Weather and Environment
Search AWS & Meteorological Datasets
Sagar Kanya Cruise Report
Surface Data at Maitri & Gangotri
Synoptic Data From Bharti Station (2016-21)
Submit Your Data »
New Datasets
Last Submitted Datasets
Other Data Links
Important links »
Polar View
NCMRWF - Southern Ocean
NCMRWF - Sea-ice Arctic
NCMRWF - Sea-ice Antarctic
Polar Directory
Search by Data Types
Free Text
Sign
					In
User Manual
Brief Record
Full Record
View XML
Export PDF
Get Data
Title
Prospects of Horticulture in Antarctica.
Abstract
Horticultural experiments to cultivate some vegetables indoors were initiated during the Fifth Indian Expedition, at both Dakshin Gangotri and Maitri. Plants grew at both places well showing that the local soil is as good as the Indian soil. Preliminary surveys at DG and Maitri revealed that it is possible to obtain congenial indoor temperature. The indoor lighting and solar illumination were found to be inadequate. These, however, could be brought to the required level by doing the necessary adjustments.
Purpose
Antarctic flora, typical of a desert tundra, is mostly restricted to lichens, mosses and other lower forms, though totalling about 800 plant species (Benton, 1980) some of them growing as far poleward as 80?S. Vascular flora in Antarctica consists of only three species of flowering plants (Greene and Greene, 1963), growing mostly in Graham Land and its offshore islands, limited to the 64th parallel (Llano, 1962).
Basic Information
Release Date
:    8/09/2020
Originating Center
:
Data Set Progress
:    Complete
Data Set Language
:
ISO Topic Categories
Category
:   Agriculture
Topic
:   Plant Commodities
ISO Topic
:   Biodiversity and Biotechnological Potential
Personnel
Role
:   Principal Investigator
Name
:   Dr. M C    Josh
e-mail
:   ictd@ncpor.res.in
Organisation
:   Defence Agricultural Research Laboratory (DLS)
Title
Prospects of Horticulture in Antarctica.
Science Keywords
Category
Agriculture
Topic
Plant Commodities
ISO Topic
Biodiversity and Biotechnological Potential
Expedition Year
1985-1986
Project Details
Project Number
26
Project Name
Prospects of Horticulture in Antarctica.
Summary
Abstract
Horticultural experiments to cultivate some vegetables indoors were initiated during the Fifth Indian Expedition, at both Dakshin Gangotri and Maitri. Plants grew at both places well showing that the local soil is as good as the Indian soil. Preliminary surveys at DG and Maitri revealed that it is possible to obtain congenial indoor temperature. The indoor lighting and solar illumination were found to be inadequate. These, however, could be brought to the required level by doing the necessary adjustments.
Purpose
Antarctic flora, typical of a desert tundra, is mostly restricted to lichens, mosses and other lower forms, though totalling about 800 plant species (Benton, 1980) some of them growing as far poleward as 80?S. Vascular flora in Antarctica consists of only three species of flowering plants (Greene and Greene, 1963), growing mostly in Graham Land and its offshore islands, limited to the 64th parallel (Llano, 1962).
Dataset Citation
Creator
MC JOSH
Editor
MC JOSH
Dataset Title
Prospects of Horticulture in Antarctica.
Series Name
1
Release Date
8/09/2020
Release Place
Goa
Version
1
Online Resource
http://14.139.119.23:8080/dspace/bitstream/123456789/325/3/article37.pdf
Scientist Details
Role
Principal Investigator
Name
Dr. M C    Josh
e-mail
ictd@ncpor.res.in
Phone
8322525515
Mobile Number
8322525515
Institute /
Organization
Defence Agricultural Research Laboratory (DLS)
Address
Mall Rd, Near AIC, Khatyari, Almora, Uttarakhand-263602
City
Almora
State
Uttaranchal
Postal Code
263602
Country
India
Data Center
Short Name
NPDC
Long Name
National Polar Data Center, India
Mail Id
npdc@ncpor.res.in
Phone No
+91 - 832-2525515
Address
Headland Sada
City
Vasco-Da-Gama
State
Goa
Pin Code
403804
Country
India
Instrument Details
Short name
-
Long name
-
Location
Category
Region
Type
Antarctic
Subregion
Dakshin Gangotri
Platform
Short name
-
Long name
-
Data
					Set Progress
Complete
close
save as pdf
If XML not opening,
Click Here!
If download not started,
Click Here!
Search
Quick Links
Contact Us
Data Policy & Guidelines
User Manual
Polar Directory
Data Submission
Common Project Proposal Form
Submit a New Data
For scholars
Dataset by Science Keywords
Dataset by Location
Observation Dataset
Quantarctica
Data Portal
Synoptic Data
Useful Links
Python
Ferret visualization
and analysis Tool
The R Project
© National Centre for Polar and Ocean Research
						(NCPOR), Ministry of Earth Sciences (MoES), Government of India"
Spectral/Engineering,Ionosphere/Magnetosphere Dynamics,Mr,https://npdc.ncpor.res.in/npdc/search_mf_data.action?search=title&expedition_type=Antarctic&parameter=MF532639879&userType=user&parameter1=Ionosphere%2FMagnetosphere+Dynamics,"META DATA SEARCH
Home
About
Data
Search For Datasets »
Browse by Keyword
Browse by Location
Data Availability
SOE : Scientific Voyage Details
Other Datasets »
Weather and Environment
Search AWS & Meteorological Datasets
Sagar Kanya Cruise Report
Surface Data at Maitri & Gangotri
Synoptic Data From Bharti Station (2016-21)
Submit Your Data »
New Datasets
Last Submitted Datasets
Other Data Links
Important links »
Polar View
NCMRWF - Southern Ocean
NCMRWF - Sea-ice Arctic
NCMRWF - Sea-ice Antarctic
Polar Directory
Search by Data Types
Free Text
Sign
					In
User Manual
Brief Record
Full Record
View XML
Export PDF
Get Data
Title
Characterization of radio frequency environment for cosmology experiments
Abstract
The database includes drift scans from radio observations conducted to characterize the radio frequency environment at the site in Ny-?lesund, Svalbard, covering a frequency range of 5?500 MHz. Each scan is accompanied by its Local Sidereal Time (LST). The bandwidth is divided into 1001 frequency channels. The data is provided in CSV format.
Purpose
The 5?500 MHz radio spectrum survey was conducted to evaluate the suitability of Ny-?lesund, Svalbard, for SARAS observations. Its purpose was to assess the radio quietness of the location for precision cosmology experiments at radio frequencies. This information is crucial for deploying the SARAS radio telescope in an environment with minimal terrestrial interference, such as FM, digital TV, and power lines.

The survey findings will help ensure that Ny-?lesund can support robust observations required for precision cosmology experiments at radio frequencies. The location?s polar night conditions further enhance its suitability, offering extended observation periods free from solar interference, thereby maximizing the available time for studying the radio-quiet night sky.
Basic Information
Release Date
:    25/11/2024
Originating Center
:
Data Set Progress
:    In Work
Data Set Language
:
ISO Topic Categories
Category
:   Spectral/Engineering
Topic
:   Ionosphere/Magnetosphere Dynamics
ISO Topic
:   Environment
Personnel
Role
:   Project Incharge
Name
:   Dr. Saurabh   Singh
e-mail
:   saurabhs@rri.res.in
Organisation
:   Raman Research Institute
Title
Characterization of radio frequency environment for cosmology experiments
Science Keywords
Category
Spectral/Engineering
Topic
Ionosphere/Magnetosphere Dynamics
ISO Topic
Environment
Expedition Year
2023-2024
Project Details
Project Number
NCPOR/ARC/WIAE-2023-24/08
Project Name
Characterization of radio frequency environment for cosmology experiments
Summary
Abstract
The database includes drift scans from radio observations conducted to characterize the radio frequency environment at the site in Ny-?lesund, Svalbard, covering a frequency range of 5?500 MHz. Each scan is accompanied by its Local Sidereal Time (LST). The bandwidth is divided into 1001 frequency channels. The data is provided in CSV format.
Purpose
The 5?500 MHz radio spectrum survey was conducted to evaluate the suitability of Ny-?lesund, Svalbard, for SARAS observations. Its purpose was to assess the radio quietness of the location for precision cosmology experiments at radio frequencies. This information is crucial for deploying the SARAS radio telescope in an environment with minimal terrestrial interference, such as FM, digital TV, and power lines.

The survey findings will help ensure that Ny-?lesund can support robust observations required for precision cosmology experiments at radio frequencies. The location?s polar night conditions further enhance its suitability, offering extended observation periods free from solar interference, thereby maximizing the available time for studying the radio-quiet night sky.
Dataset Citation
Creator
Yash Agrawal
Editor
Yash Agrawal
Dataset Title
Mr
Series Name
-
Release Date
25/11/2024
Release Place
Bengaluru
Version
Online Resource
https://data.ncpor.res.in/static/datasets/MF532639879_2024_01_08_181743.csv
Scientist Details
Role
Project Incharge
Name
Dr. Saurabh   Singh
e-mail
saurabhs@rri.res.in
Phone
9972751497
Mobile Number
9972751497
Institute /
Organization
Raman Research Institute
Address
Raman Research Institute
Sadashivanagar, CV Raman Avenue, Bengaluru 560080
City
Bengaluru
State
Karnataka
Postal Code
560080
Country
India
Data Center
Short Name
NPDC
Long Name
National Polar Data Center, India
Mail Id
npdc@ncpor.res.in
Phone No
+91 - 832-2525515
Address
Headland Sada
City
Vasco-Da-Gama
State
Goa
Pin Code
403804
Country
India
Instrument Details
Short name
RFI survey system
Long name
RFI drift scan radio spectrometer
Location
Category
Region
Type
Arctic
Subregion
Ny-Alesund
Platform
Short name
-
Long name
-
Data
					Set Progress
In Work
close
save as pdf
If XML not opening,
Click Here!
If download not started,
Click Here!
Search
Quick Links
Contact Us
Data Policy & Guidelines
User Manual
Polar Directory
Data Submission
Common Project Proposal Form
Submit a New Data
For scholars
Dataset by Science Keywords
Dataset by Location
Observation Dataset
Quantarctica
Data Portal
Synoptic Data
Useful Links
Python
Ferret visualization
and analysis Tool
The R Project
© National Centre for Polar and Ocean Research
						(NCPOR), Ministry of Earth Sciences (MoES), Government of India"
Spectral/Engineering,Ionosphere/Magnetosphere Dynamics,Observations of Ionospheric Electron Content at Maitri Antarctica.,https://npdc.ncpor.res.in/npdc/search_mf_data.action?search=title&expedition_type=Antarctic&parameter=MF847423712&userType=user&parameter1=Ionosphere%2FMagnetosphere+Dynamics,"META DATA SEARCH
Home
About
Data
Search For Datasets »
Browse by Keyword
Browse by Location
Data Availability
SOE : Scientific Voyage Details
Other Datasets »
Weather and Environment
Search AWS & Meteorological Datasets
Sagar Kanya Cruise Report
Surface Data at Maitri & Gangotri
Synoptic Data From Bharti Station (2016-21)
Submit Your Data »
New Datasets
Last Submitted Datasets
Other Data Links
Important links »
Polar View
NCMRWF - Southern Ocean
NCMRWF - Sea-ice Arctic
NCMRWF - Sea-ice Antarctic
Polar Directory
Search by Data Types
Free Text
Sign
					In
User Manual
Brief Record
Full Record
View XML
Export PDF
Get Data
Title
Observations of Ionospheric Electron Content at Maitri Antarctica.
Abstract
Observations of Total Electron Content (TEC) of the ionosphere were carried out at the Indian station MAITRI, Antarctica from Jan. 12, 1998 to Feb. 6, 1998 during the 17th Indian Scientific Expedition to Antarctica. For this purpose signals from Global Positioning System (GPS) satellites were monitored. Diurnal range in variation of TEC is found to be much less than that at low latitudes. Signatures of large scale disturbances are seen superposed on the Diurnal variation of TEC.
Purpose
Global Positioning System satellite observations were recorded at the Indian station MAITRI, in Antarctica from Jan. 12, 1998 to Feb. 6, 1998 during the 17th Indian Scientific Expedition to Antarctica.
Basic Information
Release Date
:    21/09/2020
Originating Center
:
Data Set Progress
:    Complete
Data Set Language
:
ISO Topic Categories
Category
:   Spectral/Engineering
Topic
:   Ionosphere/Magnetosphere Dynamics
ISO Topic
:   Meteorology
Personnel
Role
:   Principal Investigator
Name
:   Dr. Lakha   Singh
e-mail
:   ictd@ncpor.res.in
Organisation
:   National Physical Laboratory (NPL)
Title
Observations of Ionospheric Electron Content at Maitri Antarctica.
Science Keywords
Category
Spectral/Engineering
Topic
Ionosphere/Magnetosphere Dynamics
ISO Topic
Meteorology
Expedition Year
1997-1998
Project Details
Project Number
3
Project Name
Observations of Ionospheric Electron Content at Maitri Antarctica.
Summary
Abstract
Observations of Total Electron Content (TEC) of the ionosphere were carried out at the Indian station MAITRI, Antarctica from Jan. 12, 1998 to Feb. 6, 1998 during the 17th Indian Scientific Expedition to Antarctica. For this purpose signals from Global Positioning System (GPS) satellites were monitored. Diurnal range in variation of TEC is found to be much less than that at low latitudes. Signatures of large scale disturbances are seen superposed on the Diurnal variation of TEC.
Purpose
Global Positioning System satellite observations were recorded at the Indian station MAITRI, in Antarctica from Jan. 12, 1998 to Feb. 6, 1998 during the 17th Indian Scientific Expedition to Antarctica.
Dataset Citation
Creator
Lakha Singh
Editor
Lakha Singh
Dataset Title
Observations of Ionospheric Electron Content at Maitri Antarctica.
Series Name
1
Release Date
21/09/2020
Release Place
Goa
Version
1
Online Resource
http://14.139.119.23:8080/dspace/bitstream/123456789/514/3/ARTICLE+4.pdf
Scientist Details
Role
Principal Investigator
Name
Dr. Lakha   Singh
e-mail
ictd@ncpor.res.in
Phone
8322525515
Mobile Number
8322525515
Institute /
Organization
National Physical Laboratory (NPL)
Address
Dr KS Krishnan Marg, Pusa, New Delhi, Delhi 110012
City
New Delhi
State
Delhi
Postal Code
110012
Country
India
Data Center
Short Name
NPDC
Long Name
National Polar Data Center, India
Mail Id
npdc@ncpor.res.in
Phone No
+91 - 832-2525515
Address
Headland Sada
City
Vasco-Da-Gama
State
Goa
Pin Code
403804
Country
India
Instrument Details
Short name
-
Long name
-
Location
Category
Region
Type
Antarctic
Subregion
Maitri
Platform
Short name
-
Long name
-
Data
					Set Progress
Complete
close
save as pdf
If XML not opening,
Click Here!
If download not started,
Click Here!
Search
Quick Links
Contact Us
Data Policy & Guidelines
User Manual
Polar Directory
Data Submission
Common Project Proposal Form
Submit a New Data
For scholars
Dataset by Science Keywords
Dataset by Location
Observation Dataset
Quantarctica
Data Portal
Synoptic Data
Useful Links
Python
Ferret visualization
and analysis Tool
The R Project
© National Centre for Polar and Ocean Research
						(NCPOR), Ministry of Earth Sciences (MoES), Government of India"
Spectral/Engineering,Solar Activity,Analysis of an Umbral Flare Observed from Antarctica.,https://npdc.ncpor.res.in/npdc/search_mf_data.action?search=title&expedition_type=Antarctic&parameter=MF-1232203745&userType=user&parameter1=Solar+Activity,"META DATA SEARCH
Home
About
Data
Search For Datasets »
Browse by Keyword
Browse by Location
Data Availability
SOE : Scientific Voyage Details
Other Datasets »
Weather and Environment
Search AWS & Meteorological Datasets
Sagar Kanya Cruise Report
Surface Data at Maitri & Gangotri
Synoptic Data From Bharti Station (2016-21)
Submit Your Data »
New Datasets
Last Submitted Datasets
Other Data Links
Important links »
Polar View
NCMRWF - Southern Ocean
NCMRWF - Sea-ice Arctic
NCMRWF - Sea-ice Antarctic
Polar Directory
Search by Data Types
Free Text
Sign
					In
User Manual
Brief Record
Full Record
View XML
Export PDF
Get Data
Title
Analysis of an Umbral Flare Observed from Antarctica.
Abstract
The observations in Call K of an umbral solar flare of optical importance class SF (subflare) which occurred on 12 Feb, 1990 . These observations have been correlated with the ones taken in H-alpha and in the radio region reported in Solar Geophysical Data (SGD). Though the umbral flare was small, it showed the impulsion behaviour in microwave region. We conclude that this is a special and very rare class of an umbral flare which is more energetic in microwave and radiowave regions than in the optical region.
Purpose
When the sun is observed in white light, the centres of activity on the solar disk (photosphere) are visible as the well known groups of sunspots. Central dark part of the sunspot is known as umbra where strong magnetic field exists and the outer less dark part is known as the penumbra. If we observe the sun through a filter having a very narrow pass band of about, say 1 A or less, centred on the H-alpha line (the first line of the Balmer series of hydrogen, 6563 A) or of the Call K (singly ionized calcium, 3934 A), the centres of activity are seen as bright plages surrounding the sunspot groups. We then observe the higher layers in the chromosphere above the sunspots which are at about 104 K temperature. An optical flare is seen as a rapid brightening of a part of such a plage in the active centres where the magnetic field strength is more and its gradient higher than outside this region.
Basic Information
Release Date
:    8/09/2020
Originating Center
:
Data Set Progress
:    Complete
Data Set Language
:
ISO Topic Categories
Category
:   Spectral/Engineering
Topic
:   Solar Activity
ISO Topic
:   Meteorology
Personnel
Role
:   Principal Investigator
Name
:   Dr. Wahab   Uddin
e-mail
:   ictd@ncpor.res.in
Organisation
:   Uttar Pradesh State Observatory
Title
Analysis of an Umbral Flare Observed from Antarctica.
Science Keywords
Category
Spectral/Engineering
Topic
Solar Activity
ISO Topic
Meteorology
Expedition Year
1989-1990
Project Details
Project Number
1
Project Name
Analysis of an Umbral Flare Observed from Antarctica.
Summary
Abstract
The observations in Call K of an umbral solar flare of optical importance class SF (subflare) which occurred on 12 Feb, 1990 . These observations have been correlated with the ones taken in H-alpha and in the radio region reported in Solar Geophysical Data (SGD). Though the umbral flare was small, it showed the impulsion behaviour in microwave region. We conclude that this is a special and very rare class of an umbral flare which is more energetic in microwave and radiowave regions than in the optical region.
Purpose
When the sun is observed in white light, the centres of activity on the solar disk (photosphere) are visible as the well known groups of sunspots. Central dark part of the sunspot is known as umbra where strong magnetic field exists and the outer less dark part is known as the penumbra. If we observe the sun through a filter having a very narrow pass band of about, say 1 A or less, centred on the H-alpha line (the first line of the Balmer series of hydrogen, 6563 A) or of the Call K (singly ionized calcium, 3934 A), the centres of activity are seen as bright plages surrounding the sunspot groups. We then observe the higher layers in the chromosphere above the sunspots which are at about 104 K temperature. An optical flare is seen as a rapid brightening of a part of such a plage in the active centres where the magnetic field strength is more and its gradient higher than outside this region.
Dataset Citation
Creator
WAHAB UDDIN
Editor
WAHAB UDDIN
Dataset Title
Analysis of an Umbral Flare Observed from Antarctica.
Series Name
1
Release Date
8/09/2020
Release Place
Goa
Version
1
Online Resource
http://14.139.119.23:8080/dspace/bitstream/123456789/338/3/ARTICLE+3.pdf
Scientist Details
Role
Principal Investigator
Name
Dr. Wahab   Uddin
e-mail
ictd@ncpor.res.in
Phone
8322525515
Mobile Number
8322525515
Institute /
Organization
Uttar Pradesh State Observatory
Address
Uttar Pradesh State Observatory, Manora Peak, Nainital - 263129
City
Nainital
State
Uttaranchal
Postal Code
263129
Country
India
Data Center
Short Name
NPDC
Long Name
National Polar Data Center, India
Mail Id
npdc@ncpor.res.in
Phone No
+91 - 832-2525515
Address
Headland Sada
City
Vasco-Da-Gama
State
Goa
Pin Code
403804
Country
India
Instrument Details
Short name
-
Long name
-
Location
Category
Region
Type
Antarctic
Subregion
Maitri
Platform
Short name
-
Long name
-
Data
					Set Progress
Complete
close
save as pdf
If XML not opening,
Click Here!
If download not started,
Click Here!
Search
Quick Links
Contact Us
Data Policy & Guidelines
User Manual
Polar Directory
Data Submission
Common Project Proposal Form
Submit a New Data
For scholars
Dataset by Science Keywords
Dataset by Location
Observation Dataset
Quantarctica
Data Portal
Synoptic Data
Useful Links
Python
Ferret visualization
and analysis Tool
The R Project
© National Centre for Polar and Ocean Research
						(NCPOR), Ministry of Earth Sciences (MoES), Government of India"
Spectral/Engineering,Solar Activity,First Indian Solar Astronomical Program at Antarctica: Study of Large Convective Cells.,https://npdc.ncpor.res.in/npdc/search_mf_data.action?search=title&expedition_type=Antarctic&parameter=MF259326839&userType=user&parameter1=Solar+Activity,"META DATA SEARCH
Home
About
Data
Search For Datasets »
Browse by Keyword
Browse by Location
Data Availability
SOE : Scientific Voyage Details
Other Datasets »
Weather and Environment
Search AWS & Meteorological Datasets
Sagar Kanya Cruise Report
Surface Data at Maitri & Gangotri
Synoptic Data From Bharti Station (2016-21)
Submit Your Data »
New Datasets
Last Submitted Datasets
Other Data Links
Important links »
Polar View
NCMRWF - Southern Ocean
NCMRWF - Sea-ice Arctic
NCMRWF - Sea-ice Antarctic
Polar Directory
Search by Data Types
Free Text
Sign
					In
User Manual
Brief Record
Full Record
View XML
Export PDF
Get Data
Title
First Indian Solar Astronomical Program at Antarctica: Study of Large Convective Cells.
Abstract
Continuous monitoring of the sun has great advantage in finding answer to many problems such as helioseismology, evolution of activity and supergranulation which has a lifetime of about 20 hours. To study the evolution and decay of these large convective cells known as supergranules, a solar telescope was set up at the Maitri station in Antarctica region during the local summer months (December 1989 through March 1990). The need for astronomical observations from Antarctica, the experimental set up to obtain the filtergrams of the sun through K-line(l .2 A pass band) filter and the observing conditions at Maitri have been described.
Purpose
The study of evolution of these large cells will reveal the physical characteristics of the deeper convective layers and manifestation of the magnetic fields on the sun. To achieve this goal one needs data at least for 2-3 days without the interruption of day-night cycle. To obtain continuous data first attempt was made, during the international Geophysical year (July 1957-December 1958) by setting up worldwide network of small telescopes equipped with hydrogen H-alpha filters to record solar activity (Harvey, Pomerantz and Duvall, 1982). The collective contribution from different observatories, although substantial, lacked uniformity and there were frequent gaps in the data. Despite these problems, a network station is still the accepted method for carrying out solar research requiring continuity over long periods of time. A network of 6 stations known as Global Oscillation Network Group is being planned to study oscillations on the solar surface and thereby probe the interior of sun.
Basic Information
Release Date
:    8/09/2020
Originating Center
:
Data Set Progress
:    Complete
Data Set Language
:
ISO Topic Categories
Category
:   Spectral/Engineering
Topic
:   Solar Activity
ISO Topic
:   Meteorology
Personnel
Role
:   Principal Investigator
Name
:   Dr. Jagdev   Singh
e-mail
:   ictd@ncpor.res.in
Organisation
:   Indian Institute of Astrophysics
Title
First Indian Solar Astronomical Program at Antarctica: Study of Large Convective Cells.
Science Keywords
Category
Spectral/Engineering
Topic
Solar Activity
ISO Topic
Meteorology
Expedition Year
1989-1990
Project Details
Project Number
2
Project Name
First Indian Solar Astronomical Program at Antarctica: Study of Large Convective Cells.
Summary
Abstract
Continuous monitoring of the sun has great advantage in finding answer to many problems such as helioseismology, evolution of activity and supergranulation which has a lifetime of about 20 hours. To study the evolution and decay of these large convective cells known as supergranules, a solar telescope was set up at the Maitri station in Antarctica region during the local summer months (December 1989 through March 1990). The need for astronomical observations from Antarctica, the experimental set up to obtain the filtergrams of the sun through K-line(l .2 A pass band) filter and the observing conditions at Maitri have been described.
Purpose
The study of evolution of these large cells will reveal the physical characteristics of the deeper convective layers and manifestation of the magnetic fields on the sun. To achieve this goal one needs data at least for 2-3 days without the interruption of day-night cycle. To obtain continuous data first attempt was made, during the international Geophysical year (July 1957-December 1958) by setting up worldwide network of small telescopes equipped with hydrogen H-alpha filters to record solar activity (Harvey, Pomerantz and Duvall, 1982). The collective contribution from different observatories, although substantial, lacked uniformity and there were frequent gaps in the data. Despite these problems, a network station is still the accepted method for carrying out solar research requiring continuity over long periods of time. A network of 6 stations known as Global Oscillation Network Group is being planned to study oscillations on the solar surface and thereby probe the interior of sun.
Dataset Citation
Creator
JAGDEV SINGH
Editor
JAGDEV SINGH
Dataset Title
First Indian Solar Astronomical Program at Antarctica: Study of Large Convective Cells.
Series Name
1
Release Date
8/09/2020
Release Place
Goa
Version
1
Online Resource
http://14.139.119.23:8080/dspace/bitstream/123456789/337/3/ARTICLE+2.pdf
Scientist Details
Role
Principal Investigator
Name
Dr. Jagdev   Singh
e-mail
ictd@ncpor.res.in
Phone
8322525515
Mobile Number
8322525515
Institute /
Organization
Indian Institute of Astrophysics
Address
Sarjapur Main Road, 2nd Block, Koramangala, Bengaluru, Karnataka 560034
City
Bangalore
State
Karnataka
Postal Code
560034
Country
India
Data Center
Short Name
NPDC
Long Name
National Polar Data Center, India
Mail Id
npdc@ncpor.res.in
Phone No
+91 - 832-2525515
Address
Headland Sada
City
Vasco-Da-Gama
State
Goa
Pin Code
403804
Country
India
Instrument Details
Short name
-
Long name
-
Location
Category
Region
Type
Antarctic
Subregion
Maitri
Data Resolution
Latitude Resolution
40
o
45'   39""
Longitude Resolution
11
o
44'   49""
Horizontal Resolution Range
Vertical Resolution
Vertical Resolution Range
Temporal Resolution
Temporal Resolution Range
Platform
Short name
-
Long name
-
Data
					Set Progress
Complete
close
save as pdf
If XML not opening,
Click Here!
If download not started,
Click Here!
Search
Quick Links
Contact Us
Data Policy & Guidelines
User Manual
Polar Directory
Data Submission
Common Project Proposal Form
Submit a New Data
For scholars
Dataset by Science Keywords
Dataset by Location
Observation Dataset
Quantarctica
Data Portal
Synoptic Data
Useful Links
Python
Ferret visualization
and analysis Tool
The R Project
© National Centre for Polar and Ocean Research
						(NCPOR), Ministry of Earth Sciences (MoES), Government of India"
Spectral/Engineering,Solar Energetic Particle Flux,"Temporal and Spatial Variations of Meteorological Parameters, Energy Fluxes and study of Ice Sheet Dynamics using Remote Sensing and In situ Measurements",https://npdc.ncpor.res.in/npdc/search_mf_data.action?search=title&expedition_type=Antarctic&parameter=MF-1042478008&userType=user&parameter1=Solar+Energetic+Particle+Flux,"META DATA SEARCH
Home
About
Data
Search For Datasets »
Browse by Keyword
Browse by Location
Data Availability
SOE : Scientific Voyage Details
Other Datasets »
Weather and Environment
Search AWS & Meteorological Datasets
Sagar Kanya Cruise Report
Surface Data at Maitri & Gangotri
Synoptic Data From Bharti Station (2016-21)
Submit Your Data »
New Datasets
Last Submitted Datasets
Other Data Links
Important links »
Polar View
NCMRWF - Southern Ocean
NCMRWF - Sea-ice Arctic
NCMRWF - Sea-ice Antarctic
Polar Directory
Search by Data Types
Free Text
Sign
					In
User Manual
Brief Record
Full Record
View XML
Export PDF
Get Data
Title
Temporal and Spatial Variations of Meteorological Parameters, Energy Fluxes and study of Ice Sheet Dynamics using Remote Sensing and In situ Measurements
Abstract
The connection between snow albedo and climate has long been recognized as an important feedback mechanism. Snow albedo feedback mechanism has been shown significantly to amplify global warming. Thus, it is clearly important to monitor and calculate the variability of the albedo of snow and ice of the continent using satellite technology and ground based information. The reflection, absorption and transmission of solar radiation from any geological surface govern the radiative energy budget, and hence, the surface conditions. The radiation budget estimation of strongly reflecting surfaces of different snow and ice media in Antarctica (i.e. continental ice, shelf ice, natural snow, fast ice, pancake ice etc.) makes the study of their optical properties imperative in order to estimate the global energy balance and climate modeling. However, during summer, the melting process exposes the blue ice regions and causes wide variations in reflectance characteristics.
Purpose
Study of spatial and temporal variation of energy fluxes in shelf and continental ice sheet. Study of ice sheet velocity using remote sensing and in situ measurements. Thickness mapping along the grounding line using GPR and remote sensing techniques Mapping of crevasse vulnerable zones and probable shelf ice break.
Basic Information
Release Date
:    24/02/2021
Originating Center
:
Data Set Progress
:    Complete
Data Set Language
:
ISO Topic Categories
Category
:   Spectral/Engineering
Topic
:   Solar Energetic Particle Flux
ISO Topic
:   Meteorology
Personnel
Role
:   Principal Investigator
Name
:   Dr. H S    Gusain
e-mail
:   ictd@ncpor.res.in
Organisation
:   Snow and Avalanche Study Establishment (SASE)
Title
Temporal and Spatial Variations of Meteorological Parameters, Energy Fluxes and study of Ice Sheet Dynamics using Remote Sensing and In situ Measurements
Science Keywords
Category
Spectral/Engineering
Topic
Solar Energetic Particle Flux
ISO Topic
Meteorology
Expedition Year
2015-2016
2016-2017
Project Details
Project Number
AM-11 & MAS-5
Project Name
Temporal and Spatial Variations of Meteorological Parameters, Energy Fluxes and study of Ice Sheet Dynamics using Remote Sensing and In situ Measurements
Summary
Abstract
The connection between snow albedo and climate has long been recognized as an important feedback mechanism. Snow albedo feedback mechanism has been shown significantly to amplify global warming. Thus, it is clearly important to monitor and calculate the variability of the albedo of snow and ice of the continent using satellite technology and ground based information. The reflection, absorption and transmission of solar radiation from any geological surface govern the radiative energy budget, and hence, the surface conditions. The radiation budget estimation of strongly reflecting surfaces of different snow and ice media in Antarctica (i.e. continental ice, shelf ice, natural snow, fast ice, pancake ice etc.) makes the study of their optical properties imperative in order to estimate the global energy balance and climate modeling. However, during summer, the melting process exposes the blue ice regions and causes wide variations in reflectance characteristics.
Purpose
Study of spatial and temporal variation of energy fluxes in shelf and continental ice sheet. Study of ice sheet velocity using remote sensing and in situ measurements. Thickness mapping along the grounding line using GPR and remote sensing techniques Mapping of crevasse vulnerable zones and probable shelf ice break.
Dataset Citation
Creator
H S Gusain
Editor
H S Gusain
Dataset Title
Temporal and Spatial Variations of Meteorological Parameters, Energy Fluxes and study of Ice Sheet Dynamics using Remote Sensing and In situ Measurements
Series Name
1
Release Date
24/02/2021
Release Place
Goa
Version
1
Online Resource
http://npdc.ncpor.res.in/pdc/Aws/sasedata/sasedata1.jsp
Scientist Details
Role
Principal Investigator
Name
Dr. H S    Gusain
e-mail
ictd@ncpor.res.in
Phone
01722699804
Mobile Number
01722699804
Institute /
Organization
Snow and Avalanche Study Establishment (SASE)
Address
Snow & Avalanche Study Establishment, Him Parisar, Plot No.1, Sector 37-A Chandigarh (UT)  160036
City
Chandigarh
State
Punjab
Postal Code
160036
Country
India
Data Center
Short Name
NPDC
Long Name
National Polar Data Center, India
Mail Id
npdc@ncpor.res.in
Phone No
+91 - 832-2525515
Address
Headland Sada
City
Vasco-Da-Gama
State
Goa
Pin Code
403804
Country
India
Instrument Details
Short name
-
Long name
-
Location
Category
Region
Type
Antarctic
Subregion
Maitri
Platform
Short name
-
Long name
-
Data
					Set Progress
Complete
close
save as pdf
If XML not opening,
Click Here!
If download not started,
Click Here!
Search
Quick Links
Contact Us
Data Policy & Guidelines
User Manual
Polar Directory
Data Submission
Common Project Proposal Form
Submit a New Data
For scholars
Dataset by Science Keywords
Dataset by Location
Observation Dataset
Quantarctica
Data Portal
Synoptic Data
Useful Links
Python
Ferret visualization
and analysis Tool
The R Project
© National Centre for Polar and Ocean Research
						(NCPOR), Ministry of Earth Sciences (MoES), Government of India"
Spectral/Engineering,Solar Energetic Particle Flux,Temporal and Spatial Variations of Energy Fluxes of Different Snow and Ice Media in Antarctica Using Radio Based Remote Telemetry System Data.,https://npdc.ncpor.res.in/npdc/search_mf_data.action?search=title&expedition_type=Antarctic&parameter=MF-1264127224&userType=user&parameter1=Solar+Energetic+Particle+Flux,"META DATA SEARCH
Home
About
Data
Search For Datasets »
Browse by Keyword
Browse by Location
Data Availability
SOE : Scientific Voyage Details
Other Datasets »
Weather and Environment
Search AWS & Meteorological Datasets
Sagar Kanya Cruise Report
Surface Data at Maitri & Gangotri
Synoptic Data From Bharti Station (2016-21)
Submit Your Data »
New Datasets
Last Submitted Datasets
Other Data Links
Important links »
Polar View
NCMRWF - Southern Ocean
NCMRWF - Sea-ice Arctic
NCMRWF - Sea-ice Antarctic
Polar Directory
Search by Data Types
Free Text
Sign
					In
User Manual
Brief Record
Full Record
View XML
Export PDF
Get Data
Title
Temporal and Spatial Variations of Energy Fluxes of Different Snow and Ice Media in Antarctica Using Radio Based Remote Telemetry System Data.
Abstract
Ice Sheet Met parameters for the year 2008 have been collected using two Automatic Weather Stations. Net Radiation, Heat Flux and Energy Balance have been calculated from these observations.
Purpose
1. Estimation of Albedo and its temporal variation.
2. Estimation of the various energy fluxes over different snow/ice media e.g. short wave radiation flux, long wave radiation flux, latent heat flux and sensible heat flux. Estimation of the hourly, weekly, monthly, seasonal and yearly Net Energy Budget of the Antarctic ice sheet and its temporal variation.
Basic Information
Release Date
:    12/10/2020
Originating Center
:
Data Set Progress
:    Complete
Data Set Language
:
ISO Topic Categories
Category
:   Spectral/Engineering
Topic
:   Solar Energetic Particle Flux
ISO Topic
:   Meteorology
Personnel
Role
:   Principal Investigator
Name
:   Dr. R P   Shukla
e-mail
:   ictd@ncpor.res.in
Organisation
:   Snow and Avalanche Study Establishment (SASE)
Title
Temporal and Spatial Variations of Energy Fluxes of Different Snow and Ice Media in Antarctica Using Radio Based Remote Telemetry System Data.
Science Keywords
Category
Spectral/Engineering
Topic
Solar Energetic Particle Flux
ISO Topic
Meteorology
Expedition Year
2007-2008
Project Details
Project Number
3
Project Name
Temporal and Spatial Variations of Energy Fluxes of Different Snow and Ice Media in Antarctica Using Radio Based Remote Telemetry System Data.
Summary
Abstract
Ice Sheet Met parameters for the year 2008 have been collected using two Automatic Weather Stations. Net Radiation, Heat Flux and Energy Balance have been calculated from these observations.
Purpose
1. Estimation of Albedo and its temporal variation.
2. Estimation of the various energy fluxes over different snow/ice media e.g. short wave radiation flux, long wave radiation flux, latent heat flux and sensible heat flux. Estimation of the hourly, weekly, monthly, seasonal and yearly Net Energy Budget of the Antarctic ice sheet and its temporal variation.
Dataset Citation
Creator
R P Shukla
Editor
R P Shukla
Dataset Title
Temporal and Spatial Variations of Energy Fluxes of Different Snow and Ice Media in Antarctica Using Radio Based Remote Telemetry System Data.
Series Name
1
Release Date
12/10/2020
Release Place
Goa
Version
1
Online Resource
https://data.ncpor.res.in/static/datasets/M_IIG-DFM.txt
Scientist Details
Role
Principal Investigator
Name
Dr. R P   Shukla
e-mail
ictd@ncpor.res.in
Phone
8322525515
Mobile Number
8322525515
Institute /
Organization
Snow and Avalanche Study Establishment (SASE)
Address
Him Parisar, near Bhaskar Chowk, Sector 37A, Sector 37, Chandigarh, 160036
City
Himparisar
State
Chandigarh
Postal Code
160036
Country
India
Data Center
Short Name
NPDC
Long Name
National Polar Data Center, India
Mail Id
npdc@ncpor.res.in
Phone No
+91 - 832-2525515
Address
Headland Sada
City
Vasco-Da-Gama
State
Goa
Pin Code
403804
Country
India
Instrument Details
Short name
-
Long name
-
Location
Category
Region
Type
Antarctic
Subregion
Maitri
Platform
Short name
-
Long name
-
Data
					Set Progress
Complete
close
save as pdf
If XML not opening,
Click Here!
If download not started,
Click Here!
Search
Quick Links
Contact Us
Data Policy & Guidelines
User Manual
Polar Directory
Data Submission
Common Project Proposal Form
Submit a New Data
For scholars
Dataset by Science Keywords
Dataset by Location
Observation Dataset
Quantarctica
Data Portal
Synoptic Data
Useful Links
Python
Ferret visualization
and analysis Tool
The R Project
© National Centre for Polar and Ocean Research
						(NCPOR), Ministry of Earth Sciences (MoES), Government of India"
Spectral/Engineering,Solar Energetic Particle Flux,Temporal and Spatial Variations of Meteorological Parameters and Energy Budget of Different Snow-Ice Media in Antarctica Using Remote Weather Station and Satellite Remote Sensing data,https://npdc.ncpor.res.in/npdc/search_mf_data.action?search=title&expedition_type=Antarctic&parameter=MF1897826667&userType=user&parameter1=Solar+Energetic+Particle+Flux,"META DATA SEARCH
Home
About
Data
Search For Datasets »
Browse by Keyword
Browse by Location
Data Availability
SOE : Scientific Voyage Details
Other Datasets »
Weather and Environment
Search AWS & Meteorological Datasets
Sagar Kanya Cruise Report
Surface Data at Maitri & Gangotri
Synoptic Data From Bharti Station (2016-21)
Submit Your Data »
New Datasets
Last Submitted Datasets
Other Data Links
Important links »
Polar View
NCMRWF - Southern Ocean
NCMRWF - Sea-ice Arctic
NCMRWF - Sea-ice Antarctic
Polar Directory
Search by Data Types
Free Text
Sign
					In
User Manual
Brief Record
Full Record
View XML
Export PDF
Get Data
Title
Temporal and Spatial Variations of Meteorological Parameters and Energy Budget of Different Snow-Ice Media in Antarctica Using Remote Weather Station and Satellite Remote Sensing data
Abstract
Snow is the brightest substance of considerable extent on the surface of our planet and because of its high reflectance compared to other natural surfaces seasonal and perennial snow cover plays a significant role in the global energy balance. The connection between snow albedo and climate has long been recognized as an important feedback mechanism. Snow Albedo feedback mechanism has been shown significantly to amplify global warming. Snow and ice cover large areas of the earths  surface  especially in the Polar Regions. Snow and ice reflect solar radiation very efficiently such that little of the incoming solar radiation is absorbed at the surface of these regions. Even small changes in surface reflectance can affect the Earth- atmosphere energy balance. Thus, it is clearly important to monitor and calculate the variability of the albedo of snow and ice of the continent using satellite technology and ground based information.
Purpose
Dynamic Modelling for Energy Balance using RRTS and Satellite Remote Sensing. Study of Hyper spectral Characteristics of different snow and ice Media in Antarctica. Development of algorithm for narrow band to broad band albedo for satellite images. GPR survey on the continental and shelf ice for Mass Balance. Long term monitoring of Aerosol and Ozone using Sun photometer
Basic Information
Release Date
:    18/02/2021
Originating Center
:
Data Set Progress
:    Complete
Data Set Language
:
ISO Topic Categories
Category
:   Spectral/Engineering
Topic
:   Solar Energetic Particle Flux
ISO Topic
:   Meteorology
Personnel
Role
:   Principal Investigator
Name
:   Dr. V D   Mishra
e-mail
:   ictd@ncpor.res.in
Organisation
:   Snow and Avalanche Study Establishment (SASE)
Title
Temporal and Spatial Variations of Meteorological Parameters and Energy Budget of Different Snow-Ice Media in Antarctica Using Remote Weather Station and Satellite Remote Sensing data
Science Keywords
Category
Spectral/Engineering
Topic
Solar Energetic Particle Flux
ISO Topic
Meteorology
Expedition Year
2012-2013
2013-2014
2014-2015
Project Details
Project Number
AMC-1 & AMC 6
Project Name
Temporal and Spatial Variations of Meteorological Parameters and Energy Budget of Different Snow-Ice Media in Antarctica Using Remote Weather Station and Satellite Remote Sensing data
Summary
Abstract
Snow is the brightest substance of considerable extent on the surface of our planet and because of its high reflectance compared to other natural surfaces seasonal and perennial snow cover plays a significant role in the global energy balance. The connection between snow albedo and climate has long been recognized as an important feedback mechanism. Snow Albedo feedback mechanism has been shown significantly to amplify global warming. Snow and ice cover large areas of the earths  surface  especially in the Polar Regions. Snow and ice reflect solar radiation very efficiently such that little of the incoming solar radiation is absorbed at the surface of these regions. Even small changes in surface reflectance can affect the Earth- atmosphere energy balance. Thus, it is clearly important to monitor and calculate the variability of the albedo of snow and ice of the continent using satellite technology and ground based information.
Purpose
Dynamic Modelling for Energy Balance using RRTS and Satellite Remote Sensing. Study of Hyper spectral Characteristics of different snow and ice Media in Antarctica. Development of algorithm for narrow band to broad band albedo for satellite images. GPR survey on the continental and shelf ice for Mass Balance. Long term monitoring of Aerosol and Ozone using Sun photometer
Dataset Citation
Creator
V D Mishra
Editor
V D Mishra
Dataset Title
Temporal and Spatial Variations of Meteorological Parameters and Energy Budget of Different Snow-Ice Media in Antarctica Using Remote Weather Station and Satellite Remote Sensing data
Series Name
1
Release Date
18/02/2021
Release Place
Goa
Version
1
Online Resource
http://npdc.ncpor.res.in/pdc/Aws/sasedata/sasedata1.jsp
Scientist Details
Role
Principal Investigator
Name
Dr. V D   Mishra
e-mail
ictd@ncpor.res.in
Phone
0172269980
Mobile Number
0172269980
Institute /
Organization
Snow and Avalanche Study Establishment (SASE)
Address
Research & Development Center Defence Research & Development Organization Him Parisar, Plot No.1, Sector 37-A Chandigarh (UT)  160036
City
Chandigarh
State
Punjab
Postal Code
160036
Country
India
Data Center
Short Name
NPDC
Long Name
National Polar Data Center, India
Mail Id
npdc@ncpor.res.in
Phone No
+91 - 832-2525515
Address
Headland Sada
City
Vasco-Da-Gama
State
Goa
Pin Code
403804
Country
India
Instrument Details
Short name
-
Long name
-
Location
Category
Region
Type
Antarctic
Subregion
Maitri
Platform
Short name
-
Long name
-
Data
					Set Progress
Complete
close
save as pdf
If XML not opening,
Click Here!
If download not started,
Click Here!
Search
Quick Links
Contact Us
Data Policy & Guidelines
User Manual
Polar Directory
Data Submission
Common Project Proposal Form
Submit a New Data
For scholars
Dataset by Science Keywords
Dataset by Location
Observation Dataset
Quantarctica
Data Portal
Synoptic Data
Useful Links
Python
Ferret visualization
and analysis Tool
The R Project
© National Centre for Polar and Ocean Research
						(NCPOR), Ministry of Earth Sciences (MoES), Government of India"
