category,subcategory,title,url
Atmosphere,Aerosols,Search For Datasets »,https://npdc.ncpor.res.in/npdc/search_mf_title_all.action?search=title&expedition_type=all&parameter=Atmosphere&parameter1=Aerosols#
Atmosphere,Aerosols,Data Availability,http://data.ncpor.res.in/newhtml
Atmosphere,Aerosols,SOE : Scientific Voyage Details,https://npdc.ncpor.res.in/npdc/voyage.action
Atmosphere,Aerosols,Weather and Environment,https://npdc.ncpor.res.in/npdc/weather_and_env.action
Atmosphere,Aerosols,Search AWS & Meteorological Datasets,https://npdc.ncpor.res.in/pdc
Atmosphere,Aerosols,Sagar Kanya Cruise Report,https://npdc.ncpor.res.in/npdc/cruiseSummary.jsp
Atmosphere,Aerosols,Surface Data at Maitri & Gangotri,https://npdc.ncpor.res.in/npdc/surfacedata_gangotri_maitri.jsp
Atmosphere,Aerosols,Synoptic Data From Bharti Station (2016-21),http://synopticdata.ncpor.res.in:8000/
Atmosphere,Aerosols,New Datasets,https://npdc.ncpor.res.in/npdc/submit_new_dataset.action
Atmosphere,Aerosols,Last Submitted Datasets,https://npdc.ncpor.res.in/npdc/recent_user_submissions.action
Atmosphere,Aerosols,Polar View,https://www.polarview.aq/antarctic
Atmosphere,Aerosols,NCMRWF - Southern Ocean,https://www.ncmrwf.gov.in/product_main_sout_mihir.php
Atmosphere,Aerosols,NCMRWF - Sea-ice Arctic,https://www.ncmrwf.gov.in/product_main_polar.php
Atmosphere,Aerosols,NCMRWF - Sea-ice Antarctic,https://www.ncmrwf.gov.in/product_main_polar_antarctic.php
Atmosphere,Aerosols,Search by Data Types,https://data.ncpor.res.in/search/
Atmosphere,Aerosols,Free Text,https://npdc.ncpor.res.in/npdc/freeTextSearch_all.action
Atmosphere,Aerosols,"Sign
					In",https://npdc.ncpor.res.in/npdc/sign_in.action
Atmosphere,Aerosols,View metadata,https://npdc.ncpor.res.in/npdc/search_mf_data.action?search=title&expedition_type=Antarctic&parameter=MF-1045999464&userType=user&parameter1=Aerosols
Atmosphere,Aerosols,View metadata,https://npdc.ncpor.res.in/npdc/search_mf_data.action?search=title&expedition_type=Antarctic&parameter=MF-1136515254&userType=user&parameter1=Aerosols
Atmosphere,Aerosols,View metadata,https://npdc.ncpor.res.in/npdc/search_mf_data.action?search=title&expedition_type=Antarctic&parameter=MF1230666191&userType=user&parameter1=Aerosols
Atmosphere,Aerosols,View metadata,https://npdc.ncpor.res.in/npdc/search_mf_data.action?search=title&expedition_type=Antarctic&parameter=MF1247982761&userType=user&parameter1=Aerosols
Atmosphere,Aerosols,View metadata,https://npdc.ncpor.res.in/npdc/search_mf_data.action?search=title&expedition_type=Antarctic&parameter=MF1320263485&userType=user&parameter1=Aerosols
Atmosphere,Aerosols,View metadata,https://npdc.ncpor.res.in/npdc/search_mf_data.action?search=title&expedition_type=Antarctic&parameter=MF-1374843428&userType=user&parameter1=Aerosols
Atmosphere,Aerosols,View metadata,https://npdc.ncpor.res.in/npdc/search_mf_data.action?search=title&expedition_type=Antarctic&parameter=MF-1502717976&userType=user&parameter1=Aerosols
Atmosphere,Aerosols,View metadata,https://npdc.ncpor.res.in/npdc/search_mf_data.action?search=title&expedition_type=Antarctic&parameter=MF-1521993989&userType=user&parameter1=Aerosols
Atmosphere,Aerosols,View metadata,https://npdc.ncpor.res.in/npdc/search_mf_data.action?search=title&expedition_type=Antarctic&parameter=MF-157694453&userType=user&parameter1=Aerosols
Atmosphere,Aerosols,View metadata,https://npdc.ncpor.res.in/npdc/search_mf_data.action?search=title&expedition_type=Antarctic&parameter=MF-1680161851&userType=user&parameter1=Aerosols
Atmosphere,Aerosols,View metadata,https://npdc.ncpor.res.in/npdc/search_mf_data.action?search=title&expedition_type=Antarctic&parameter=MF1754638948&userType=user&parameter1=Aerosols
Atmosphere,Aerosols,View metadata,https://npdc.ncpor.res.in/npdc/search_mf_data.action?search=title&expedition_type=Antarctic&parameter=MF1763574713&userType=user&parameter1=Aerosols
Atmosphere,Aerosols,View metadata,https://npdc.ncpor.res.in/npdc/search_mf_data.action?search=title&expedition_type=Antarctic&parameter=MF1795963969&userType=user&parameter1=Aerosols
Atmosphere,Aerosols,View metadata,https://npdc.ncpor.res.in/npdc/search_mf_data.action?search=title&expedition_type=Antarctic&parameter=MF1805771574&userType=user&parameter1=Aerosols
Atmosphere,Aerosols,View metadata,https://npdc.ncpor.res.in/npdc/search_mf_data.action?search=title&expedition_type=Antarctic&parameter=MF-2012960409&userType=user&parameter1=Aerosols
Atmosphere,Aerosols,View metadata,https://npdc.ncpor.res.in/npdc/search_mf_data.action?search=title&expedition_type=Antarctic&parameter=MF-2101208991&userType=user&parameter1=Aerosols
Atmosphere,Aerosols,View metadata,https://npdc.ncpor.res.in/npdc/search_mf_data.action?search=title&expedition_type=Antarctic&parameter=MF287925077&userType=user&parameter1=Aerosols
Atmosphere,Aerosols,View metadata,https://npdc.ncpor.res.in/npdc/search_mf_data.action?search=title&expedition_type=Antarctic&parameter=MF319204951&userType=user&parameter1=Aerosols
Atmosphere,Aerosols,View metadata,https://npdc.ncpor.res.in/npdc/search_mf_data.action?search=title&expedition_type=Antarctic&parameter=MF338242295&userType=user&parameter1=Aerosols
Atmosphere,Aerosols,View metadata,https://npdc.ncpor.res.in/npdc/search_mf_data.action?search=title&expedition_type=Antarctic&parameter=MF-372426576&userType=user&parameter1=Aerosols
Atmosphere,Aerosols,View metadata,https://npdc.ncpor.res.in/npdc/search_mf_data.action?search=title&expedition_type=Antarctic&parameter=MF430767373&userType=user&parameter1=Aerosols
Atmosphere,Aerosols,View metadata,https://npdc.ncpor.res.in/npdc/search_mf_data.action?search=title&expedition_type=Antarctic&parameter=MF-48266438&userType=user&parameter1=Aerosols
Atmosphere,Aerosols,View metadata,https://npdc.ncpor.res.in/npdc/search_mf_data.action?search=title&expedition_type=Antarctic&parameter=MF493213217&userType=user&parameter1=Aerosols
Atmosphere,Aerosols,View metadata,https://npdc.ncpor.res.in/npdc/search_mf_data.action?search=title&expedition_type=Antarctic&parameter=MF505644936&userType=user&parameter1=Aerosols
Atmosphere,Aerosols,View metadata,https://npdc.ncpor.res.in/npdc/search_mf_data.action?search=title&expedition_type=Antarctic&parameter=MF572860981&userType=user&parameter1=Aerosols
Atmosphere,Aerosols,View metadata,https://npdc.ncpor.res.in/npdc/search_mf_data.action?search=title&expedition_type=Antarctic&parameter=MF-589293744&userType=user&parameter1=Aerosols
Atmosphere,Aerosols,View metadata,https://npdc.ncpor.res.in/npdc/search_mf_data.action?search=title&expedition_type=Antarctic&parameter=MF646040343&userType=user&parameter1=Aerosols
Atmosphere,Aerosols,View metadata,https://npdc.ncpor.res.in/npdc/search_mf_data.action?search=title&expedition_type=Antarctic&parameter=MF655555208&userType=user&parameter1=Aerosols
Atmosphere,Aerosols,View metadata,https://npdc.ncpor.res.in/npdc/search_mf_data.action?search=title&expedition_type=Antarctic&parameter=MF687435215&userType=user&parameter1=Aerosols
Atmosphere,Aerosols,View metadata,https://npdc.ncpor.res.in/npdc/search_mf_data.action?search=title&expedition_type=Antarctic&parameter=MF69033634&userType=user&parameter1=Aerosols
Atmosphere,Aerosols,View metadata,https://npdc.ncpor.res.in/npdc/search_mf_data.action?search=title&expedition_type=Antarctic&parameter=MF725112866&userType=user&parameter1=Aerosols
Atmosphere,Aerosols,View metadata,https://npdc.ncpor.res.in/npdc/search_mf_data.action?search=title&expedition_type=Antarctic&parameter=MF-752352652&userType=user&parameter1=Aerosols
Atmosphere,Aerosols,View metadata,https://npdc.ncpor.res.in/npdc/search_mf_data.action?search=title&expedition_type=Antarctic&parameter=MF-761925082&userType=user&parameter1=Aerosols
Atmosphere,Aerosols,View metadata,https://npdc.ncpor.res.in/npdc/search_mf_data.action?search=title&expedition_type=Antarctic&parameter=MF801139890&userType=user&parameter1=Aerosols
Atmosphere,Aerosols,View metadata,https://npdc.ncpor.res.in/npdc/search_mf_data.action?search=title&expedition_type=Antarctic&parameter=MF-820657579&userType=user&parameter1=Aerosols
Atmosphere,Aerosols,Dataset by Science Keywords,https://npdc.ncpor.res.in/npdc/browse_by_keyword.action
Atmosphere,Aerosols,Dataset by Location,https://npdc.ncpor.res.in/npdc/browse_by_location.action
Atmosphere,Aerosols,Observation Dataset,https://data.ncpor.res.in/dataset/blackcarbon/
Atmosphere,Aerosols,Quantarctica,https://www.npolar.no/quantarctica/
Atmosphere,Aerosols,Data Portal,https://data.ncpor.res.in/
Atmosphere,Aerosols,Synoptic Data,https://synopticdata.ncpor.res.in/
Atmosphere,Aerosols,Python,https://www.python.org/
Atmosphere,Aerosols,Ferret visualization and analysis Tool,https://ferret.pmel.noaa.gov/Ferret/downloads/ferret-installation-and-update-guide
Atmosphere,Aerosols,The R Project,https://www.r-project.org/
Atmosphere,Air Quality,Search For Datasets »,https://npdc.ncpor.res.in/npdc/search_mf_title_all.action?search=title&expedition_type=all&parameter=Atmosphere&parameter1=Air+Quality#
Atmosphere,Air Quality,View metadata,https://npdc.ncpor.res.in/npdc/search_mf_data.action?search=title&expedition_type=Antarctic&parameter=MF-1591293445&userType=user&parameter1=Air+Quality
Atmosphere,Air Quality,View metadata,https://npdc.ncpor.res.in/npdc/search_mf_data.action?search=title&expedition_type=Antarctic&parameter=MF574026990&userType=user&parameter1=Air+Quality
Atmosphere,Altitude,Search For Datasets »,https://npdc.ncpor.res.in/npdc/search_mf_title_all.action?search=title&expedition_type=all&parameter=Atmosphere&parameter1=Altitude#
Atmosphere,Altitude,View metadata,https://npdc.ncpor.res.in/npdc/search_mf_data.action?search=title&expedition_type=Antarctic&parameter=MF945065548&userType=user&parameter1=Altitude
Atmosphere,Atmospheric Chemistry,Search For Datasets »,https://npdc.ncpor.res.in/npdc/search_mf_title_all.action?search=title&expedition_type=all&parameter=Atmosphere&parameter1=Atmospheric+Chemistry#
Atmosphere,Atmospheric Chemistry,View metadata,https://npdc.ncpor.res.in/npdc/search_mf_data.action?search=title&expedition_type=Antarctic&parameter=MF-1014782652&userType=user&parameter1=Atmospheric+Chemistry
Atmosphere,Atmospheric Chemistry,View metadata,https://npdc.ncpor.res.in/npdc/search_mf_data.action?search=title&expedition_type=Antarctic&parameter=MF1036230840&userType=user&parameter1=Atmospheric+Chemistry
Atmosphere,Atmospheric Chemistry,View metadata,https://npdc.ncpor.res.in/npdc/search_mf_data.action?search=title&expedition_type=Antarctic&parameter=MF1321227778&userType=user&parameter1=Atmospheric+Chemistry
Atmosphere,Atmospheric Chemistry,View metadata,https://npdc.ncpor.res.in/npdc/search_mf_data.action?search=title&expedition_type=Antarctic&parameter=MF-1339741464&userType=user&parameter1=Atmospheric+Chemistry
Atmosphere,Atmospheric Chemistry,View metadata,https://npdc.ncpor.res.in/npdc/search_mf_data.action?search=title&expedition_type=Antarctic&parameter=MF1411608805&userType=user&parameter1=Atmospheric+Chemistry
Atmosphere,Atmospheric Chemistry,View metadata,https://npdc.ncpor.res.in/npdc/search_mf_data.action?search=title&expedition_type=Antarctic&parameter=MF1602808151&userType=user&parameter1=Atmospheric+Chemistry
Atmosphere,Atmospheric Chemistry,View metadata,https://npdc.ncpor.res.in/npdc/search_mf_data.action?search=title&expedition_type=Antarctic&parameter=MF-1651124592&userType=user&parameter1=Atmospheric+Chemistry
Atmosphere,Atmospheric Chemistry,View metadata,https://npdc.ncpor.res.in/npdc/search_mf_data.action?search=title&expedition_type=Antarctic&parameter=MF-1776142345&userType=user&parameter1=Atmospheric+Chemistry
Atmosphere,Atmospheric Chemistry,View metadata,https://npdc.ncpor.res.in/npdc/search_mf_data.action?search=title&expedition_type=Antarctic&parameter=MF191897394&userType=user&parameter1=Atmospheric+Chemistry
Atmosphere,Atmospheric Chemistry,View metadata,https://npdc.ncpor.res.in/npdc/search_mf_data.action?search=title&expedition_type=Antarctic&parameter=MF1962969027&userType=user&parameter1=Atmospheric+Chemistry
Atmosphere,Atmospheric Chemistry,View metadata,https://npdc.ncpor.res.in/npdc/search_mf_data.action?search=title&expedition_type=Antarctic&parameter=MF-2004756988&userType=user&parameter1=Atmospheric+Chemistry
Atmosphere,Atmospheric Chemistry,View metadata,https://npdc.ncpor.res.in/npdc/search_mf_data.action?search=title&expedition_type=Antarctic&parameter=MF-2065724760&userType=user&parameter1=Atmospheric+Chemistry
Atmosphere,Atmospheric Chemistry,View metadata,https://npdc.ncpor.res.in/npdc/search_mf_data.action?search=title&expedition_type=Antarctic&parameter=MF2126005309&userType=user&parameter1=Atmospheric+Chemistry
Atmosphere,Atmospheric Chemistry,View metadata,https://npdc.ncpor.res.in/npdc/search_mf_data.action?search=title&expedition_type=Antarctic&parameter=MF288730353&userType=user&parameter1=Atmospheric+Chemistry
Atmosphere,Atmospheric Chemistry,View metadata,https://npdc.ncpor.res.in/npdc/search_mf_data.action?search=title&expedition_type=Antarctic&parameter=MF-590368608&userType=user&parameter1=Atmospheric+Chemistry
Atmosphere,Atmospheric Chemistry,View metadata,https://npdc.ncpor.res.in/npdc/search_mf_data.action?search=title&expedition_type=Antarctic&parameter=MF593497001&userType=user&parameter1=Atmospheric+Chemistry
Atmosphere,Atmospheric Chemistry,View metadata,https://npdc.ncpor.res.in/npdc/search_mf_data.action?search=title&expedition_type=Antarctic&parameter=MF-622755025&userType=user&parameter1=Atmospheric+Chemistry
Atmosphere,Atmospheric Electricity,Search For Datasets »,https://npdc.ncpor.res.in/npdc/search_mf_title_all.action?search=title&expedition_type=all&parameter=Atmosphere&parameter1=Atmospheric+Electricity#
Atmosphere,Atmospheric Electricity,View metadata,https://npdc.ncpor.res.in/npdc/search_mf_data.action?search=title&expedition_type=Antarctic&parameter=MF1210149422&userType=user&parameter1=Atmospheric+Electricity
Atmosphere,Atmospheric Electricity,View metadata,https://npdc.ncpor.res.in/npdc/search_mf_data.action?search=title&expedition_type=Antarctic&parameter=MF1357650422&userType=user&parameter1=Atmospheric+Electricity
Atmosphere,Atmospheric Electricity,View metadata,https://npdc.ncpor.res.in/npdc/search_mf_data.action?search=title&expedition_type=Antarctic&parameter=MF-1399472374&userType=user&parameter1=Atmospheric+Electricity
Atmosphere,Atmospheric Electricity,View metadata,https://npdc.ncpor.res.in/npdc/search_mf_data.action?search=title&expedition_type=Antarctic&parameter=MF1456473111&userType=user&parameter1=Atmospheric+Electricity
Atmosphere,Atmospheric Electricity,View metadata,https://npdc.ncpor.res.in/npdc/search_mf_data.action?search=title&expedition_type=Antarctic&parameter=MF-2058534009&userType=user&parameter1=Atmospheric+Electricity
Atmosphere,Atmospheric Electricity,View metadata,https://npdc.ncpor.res.in/npdc/search_mf_data.action?search=title&expedition_type=Antarctic&parameter=MF2066457120&userType=user&parameter1=Atmospheric+Electricity
Atmosphere,Atmospheric Electricity,View metadata,https://npdc.ncpor.res.in/npdc/search_mf_data.action?search=title&expedition_type=Antarctic&parameter=MF-230378348&userType=user&parameter1=Atmospheric+Electricity
Atmosphere,Atmospheric Electricity,View metadata,https://npdc.ncpor.res.in/npdc/search_mf_data.action?search=title&expedition_type=Antarctic&parameter=MF-25642239&userType=user&parameter1=Atmospheric+Electricity
Atmosphere,Atmospheric Electricity,View metadata,https://npdc.ncpor.res.in/npdc/search_mf_data.action?search=title&expedition_type=Antarctic&parameter=MF-329946784&userType=user&parameter1=Atmospheric+Electricity
Atmosphere,Atmospheric Electricity,View metadata,https://npdc.ncpor.res.in/npdc/search_mf_data.action?search=title&expedition_type=Antarctic&parameter=MF892234994&userType=user&parameter1=Atmospheric+Electricity
Atmosphere,Atmospheric Electricity,View metadata,https://npdc.ncpor.res.in/npdc/search_mf_data.action?search=title&expedition_type=Antarctic&parameter=MF-92130867&userType=user&parameter1=Atmospheric+Electricity
Atmosphere,Atmospheric Phenomena,Search For Datasets »,https://npdc.ncpor.res.in/npdc/search_mf_title_all.action?search=title&expedition_type=all&parameter=Atmosphere&parameter1=Atmospheric+Phenomena#
Atmosphere,Atmospheric Phenomena,View metadata,https://npdc.ncpor.res.in/npdc/search_mf_data.action?search=title&expedition_type=Antarctic&parameter=MF-106953680&userType=user&parameter1=Atmospheric+Phenomena
Atmosphere,Atmospheric Phenomena,View metadata,https://npdc.ncpor.res.in/npdc/search_mf_data.action?search=title&expedition_type=Antarctic&parameter=MF1081352705&userType=user&parameter1=Atmospheric+Phenomena
Atmosphere,Atmospheric Phenomena,View metadata,https://npdc.ncpor.res.in/npdc/search_mf_data.action?search=title&expedition_type=Antarctic&parameter=MF1090179209&userType=user&parameter1=Atmospheric+Phenomena
Atmosphere,Atmospheric Phenomena,View metadata,https://npdc.ncpor.res.in/npdc/search_mf_data.action?search=title&expedition_type=Antarctic&parameter=MF-1207140250&userType=user&parameter1=Atmospheric+Phenomena
Atmosphere,Atmospheric Phenomena,View metadata,https://npdc.ncpor.res.in/npdc/search_mf_data.action?search=title&expedition_type=Antarctic&parameter=MF1217757811&userType=user&parameter1=Atmospheric+Phenomena
Atmosphere,Atmospheric Phenomena,View metadata,https://npdc.ncpor.res.in/npdc/search_mf_data.action?search=title&expedition_type=Antarctic&parameter=MF1254767399&userType=user&parameter1=Atmospheric+Phenomena
Atmosphere,Atmospheric Phenomena,View metadata,https://npdc.ncpor.res.in/npdc/search_mf_data.action?search=title&expedition_type=Antarctic&parameter=MF-1301930460&userType=user&parameter1=Atmospheric+Phenomena
Atmosphere,Atmospheric Phenomena,View metadata,https://npdc.ncpor.res.in/npdc/search_mf_data.action?search=title&expedition_type=Antarctic&parameter=MF1311130099&userType=user&parameter1=Atmospheric+Phenomena
Atmosphere,Atmospheric Phenomena,View metadata,https://npdc.ncpor.res.in/npdc/search_mf_data.action?search=title&expedition_type=Antarctic&parameter=MF-1380325444&userType=user&parameter1=Atmospheric+Phenomena
Atmosphere,Atmospheric Phenomena,View metadata,https://npdc.ncpor.res.in/npdc/search_mf_data.action?search=title&expedition_type=Antarctic&parameter=MF1426437494&userType=user&parameter1=Atmospheric+Phenomena
Atmosphere,Atmospheric Phenomena,View metadata,https://npdc.ncpor.res.in/npdc/search_mf_data.action?search=title&expedition_type=Antarctic&parameter=MF-1430283994&userType=user&parameter1=Atmospheric+Phenomena
Atmosphere,Atmospheric Phenomena,View metadata,https://npdc.ncpor.res.in/npdc/search_mf_data.action?search=title&expedition_type=Antarctic&parameter=MF-1433171483&userType=user&parameter1=Atmospheric+Phenomena
Atmosphere,Atmospheric Phenomena,View metadata,https://npdc.ncpor.res.in/npdc/search_mf_data.action?search=title&expedition_type=Antarctic&parameter=MF-1547156850&userType=user&parameter1=Atmospheric+Phenomena
Atmosphere,Atmospheric Phenomena,View metadata,https://npdc.ncpor.res.in/npdc/search_mf_data.action?search=title&expedition_type=Antarctic&parameter=MF-1576910331&userType=user&parameter1=Atmospheric+Phenomena
Atmosphere,Atmospheric Phenomena,View metadata,https://npdc.ncpor.res.in/npdc/search_mf_data.action?search=title&expedition_type=Antarctic&parameter=MF1681403345&userType=user&parameter1=Atmospheric+Phenomena
Atmosphere,Atmospheric Phenomena,View metadata,https://npdc.ncpor.res.in/npdc/search_mf_data.action?search=title&expedition_type=Antarctic&parameter=MF-1707125058&userType=user&parameter1=Atmospheric+Phenomena
Atmosphere,Atmospheric Phenomena,View metadata,https://npdc.ncpor.res.in/npdc/search_mf_data.action?search=title&expedition_type=Antarctic&parameter=MF1734278106&userType=user&parameter1=Atmospheric+Phenomena
Atmosphere,Atmospheric Phenomena,View metadata,https://npdc.ncpor.res.in/npdc/search_mf_data.action?search=title&expedition_type=Antarctic&parameter=MF-2085083176&userType=user&parameter1=Atmospheric+Phenomena
Atmosphere,Atmospheric Phenomena,View metadata,https://npdc.ncpor.res.in/npdc/search_mf_data.action?search=title&expedition_type=Antarctic&parameter=MF-2114994637&userType=user&parameter1=Atmospheric+Phenomena
Atmosphere,Atmospheric Phenomena,View metadata,https://npdc.ncpor.res.in/npdc/search_mf_data.action?search=title&expedition_type=Antarctic&parameter=MF2128693529&userType=user&parameter1=Atmospheric+Phenomena
Atmosphere,Atmospheric Phenomena,View metadata,https://npdc.ncpor.res.in/npdc/search_mf_data.action?search=title&expedition_type=Antarctic&parameter=MF253580262&userType=user&parameter1=Atmospheric+Phenomena
Atmosphere,Atmospheric Phenomena,View metadata,https://npdc.ncpor.res.in/npdc/search_mf_data.action?search=title&expedition_type=Antarctic&parameter=MF-348050458&userType=user&parameter1=Atmospheric+Phenomena
Atmosphere,Atmospheric Phenomena,View metadata,https://npdc.ncpor.res.in/npdc/search_mf_data.action?search=title&expedition_type=Antarctic&parameter=MF-485025085&userType=user&parameter1=Atmospheric+Phenomena
Atmosphere,Atmospheric Phenomena,View metadata,https://npdc.ncpor.res.in/npdc/search_mf_data.action?search=title&expedition_type=Antarctic&parameter=MF-623820900&userType=user&parameter1=Atmospheric+Phenomena
Atmosphere,Atmospheric Phenomena,View metadata,https://npdc.ncpor.res.in/npdc/search_mf_data.action?search=title&expedition_type=Antarctic&parameter=MF-634062567&userType=user&parameter1=Atmospheric+Phenomena
Atmosphere,Atmospheric Phenomena,View metadata,https://npdc.ncpor.res.in/npdc/search_mf_data.action?search=title&expedition_type=Antarctic&parameter=MF-666215245&userType=user&parameter1=Atmospheric+Phenomena
Atmosphere,Atmospheric Phenomena,View metadata,https://npdc.ncpor.res.in/npdc/search_mf_data.action?search=title&expedition_type=Antarctic&parameter=MF-713746818&userType=user&parameter1=Atmospheric+Phenomena
Atmosphere,Atmospheric Phenomena,View metadata,https://npdc.ncpor.res.in/npdc/search_mf_data.action?search=title&expedition_type=Antarctic&parameter=MF-758822909&userType=user&parameter1=Atmospheric+Phenomena
Atmosphere,Atmospheric Phenomena,View metadata,https://npdc.ncpor.res.in/npdc/search_mf_data.action?search=title&expedition_type=Antarctic&parameter=MF844716556&userType=user&parameter1=Atmospheric+Phenomena
Atmosphere,Atmospheric Phenomena,View metadata,https://npdc.ncpor.res.in/npdc/search_mf_data.action?search=title&expedition_type=Antarctic&parameter=MF967213255&userType=user&parameter1=Atmospheric+Phenomena
Atmosphere,Atmospheric Pressure,Search For Datasets »,https://npdc.ncpor.res.in/npdc/search_mf_title_all.action?search=title&expedition_type=all&parameter=Atmosphere&parameter1=Atmospheric+Pressure#
Atmosphere,Atmospheric Pressure,View metadata,https://npdc.ncpor.res.in/npdc/search_mf_data.action?search=title&expedition_type=Antarctic&parameter=MF-2021454087&userType=user&parameter1=Atmospheric+Pressure
Atmosphere,Atmospheric Radiation,Search For Datasets »,https://npdc.ncpor.res.in/npdc/search_mf_title_all.action?search=title&expedition_type=all&parameter=Atmosphere&parameter1=Atmospheric+Radiation#
Atmosphere,Atmospheric Radiation,View metadata,https://npdc.ncpor.res.in/npdc/search_mf_data.action?search=title&expedition_type=Antarctic&parameter=MF-1048425422&userType=user&parameter1=Atmospheric+Radiation
Atmosphere,Atmospheric Radiation,View metadata,https://npdc.ncpor.res.in/npdc/search_mf_data.action?search=title&expedition_type=Antarctic&parameter=MF-1165577765&userType=user&parameter1=Atmospheric+Radiation
Atmosphere,Atmospheric Radiation,View metadata,https://npdc.ncpor.res.in/npdc/search_mf_data.action?search=title&expedition_type=Antarctic&parameter=MF1304977038&userType=user&parameter1=Atmospheric+Radiation
Atmosphere,Atmospheric Radiation,View metadata,https://npdc.ncpor.res.in/npdc/search_mf_data.action?search=title&expedition_type=Antarctic&parameter=MF-1331112512&userType=user&parameter1=Atmospheric+Radiation
Atmosphere,Atmospheric Radiation,View metadata,https://npdc.ncpor.res.in/npdc/search_mf_data.action?search=title&expedition_type=Antarctic&parameter=MF-142896316&userType=user&parameter1=Atmospheric+Radiation
Atmosphere,Atmospheric Radiation,View metadata,https://npdc.ncpor.res.in/npdc/search_mf_data.action?search=title&expedition_type=Antarctic&parameter=MF-1482635983&userType=user&parameter1=Atmospheric+Radiation
Atmosphere,Atmospheric Radiation,View metadata,https://npdc.ncpor.res.in/npdc/search_mf_data.action?search=title&expedition_type=Antarctic&parameter=MF1681840914&userType=user&parameter1=Atmospheric+Radiation
Atmosphere,Atmospheric Radiation,View metadata,https://npdc.ncpor.res.in/npdc/search_mf_data.action?search=title&expedition_type=Antarctic&parameter=MF-1818660534&userType=user&parameter1=Atmospheric+Radiation
Atmosphere,Atmospheric Radiation,View metadata,https://npdc.ncpor.res.in/npdc/search_mf_data.action?search=title&expedition_type=Antarctic&parameter=MF1998108267&userType=user&parameter1=Atmospheric+Radiation
Atmosphere,Atmospheric Radiation,View metadata,https://npdc.ncpor.res.in/npdc/search_mf_data.action?search=title&expedition_type=Antarctic&parameter=MF-2115775438&userType=user&parameter1=Atmospheric+Radiation
Atmosphere,Atmospheric Radiation,View metadata,https://npdc.ncpor.res.in/npdc/search_mf_data.action?search=title&expedition_type=Antarctic&parameter=MF217529550&userType=user&parameter1=Atmospheric+Radiation
Atmosphere,Atmospheric Radiation,View metadata,https://npdc.ncpor.res.in/npdc/search_mf_data.action?search=title&expedition_type=Antarctic&parameter=MF-304018176&userType=user&parameter1=Atmospheric+Radiation
Atmosphere,Atmospheric Radiation,View metadata,https://npdc.ncpor.res.in/npdc/search_mf_data.action?search=title&expedition_type=Antarctic&parameter=MF306900572&userType=user&parameter1=Atmospheric+Radiation
Atmosphere,Atmospheric Radiation,View metadata,https://npdc.ncpor.res.in/npdc/search_mf_data.action?search=title&expedition_type=Antarctic&parameter=MF364875270&userType=user&parameter1=Atmospheric+Radiation
Atmosphere,Atmospheric Radiation,View metadata,https://npdc.ncpor.res.in/npdc/search_mf_data.action?search=title&expedition_type=Antarctic&parameter=MF383677090&userType=user&parameter1=Atmospheric+Radiation
Atmosphere,Atmospheric Radiation,View metadata,https://npdc.ncpor.res.in/npdc/search_mf_data.action?search=title&expedition_type=Antarctic&parameter=MF-457636831&userType=user&parameter1=Atmospheric+Radiation
Atmosphere,Atmospheric Radiation,View metadata,https://npdc.ncpor.res.in/npdc/search_mf_data.action?search=title&expedition_type=Antarctic&parameter=MF487729567&userType=user&parameter1=Atmospheric+Radiation
Atmosphere,Atmospheric Radiation,View metadata,https://npdc.ncpor.res.in/npdc/search_mf_data.action?search=title&expedition_type=Antarctic&parameter=MF-651581924&userType=user&parameter1=Atmospheric+Radiation
Atmosphere,Atmospheric Radiation,View metadata,https://npdc.ncpor.res.in/npdc/search_mf_data.action?search=title&expedition_type=Antarctic&parameter=MF-775828343&userType=user&parameter1=Atmospheric+Radiation
Atmosphere,Atmospheric Radiation,View metadata,https://npdc.ncpor.res.in/npdc/search_mf_data.action?search=title&expedition_type=Antarctic&parameter=MF786254639&userType=user&parameter1=Atmospheric+Radiation
Atmosphere,Atmospheric Radiation,View metadata,https://npdc.ncpor.res.in/npdc/search_mf_data.action?search=title&expedition_type=Antarctic&parameter=MF83415034&userType=user&parameter1=Atmospheric+Radiation
Atmosphere,Atmospheric Radiation,View metadata,https://npdc.ncpor.res.in/npdc/search_mf_data.action?search=title&expedition_type=Antarctic&parameter=MF-845088275&userType=user&parameter1=Atmospheric+Radiation
Atmosphere,Atmospheric Radiation,View metadata,https://npdc.ncpor.res.in/npdc/search_mf_data.action?search=title&expedition_type=Antarctic&parameter=MF999210332&userType=user&parameter1=Atmospheric+Radiation
Atmosphere,Atmospheric Temperature,Search For Datasets »,https://npdc.ncpor.res.in/npdc/search_mf_title_all.action?search=title&expedition_type=all&parameter=Atmosphere&parameter1=Atmospheric+Temperature#
Atmosphere,Atmospheric Temperature,View metadata,https://npdc.ncpor.res.in/npdc/search_mf_data.action?search=title&expedition_type=Antarctic&parameter=MF-1002151556&userType=user&parameter1=Atmospheric+Temperature
Atmosphere,Atmospheric Temperature,View metadata,https://npdc.ncpor.res.in/npdc/search_mf_data.action?search=title&expedition_type=Antarctic&parameter=MF1087166273&userType=user&parameter1=Atmospheric+Temperature
Atmosphere,Atmospheric Temperature,View metadata,https://npdc.ncpor.res.in/npdc/search_mf_data.action?search=title&expedition_type=Antarctic&parameter=MF-1230236064&userType=user&parameter1=Atmospheric+Temperature
Atmosphere,Atmospheric Temperature,View metadata,https://npdc.ncpor.res.in/npdc/search_mf_data.action?search=title&expedition_type=Antarctic&parameter=MF-1597447009&userType=user&parameter1=Atmospheric+Temperature
Atmosphere,Atmospheric Temperature,View metadata,https://npdc.ncpor.res.in/npdc/search_mf_data.action?search=title&expedition_type=Antarctic&parameter=MF-1654920342&userType=user&parameter1=Atmospheric+Temperature
Atmosphere,Atmospheric Temperature,View metadata,https://npdc.ncpor.res.in/npdc/search_mf_data.action?search=title&expedition_type=Antarctic&parameter=MF-1684500931&userType=user&parameter1=Atmospheric+Temperature
Atmosphere,Atmospheric Temperature,View metadata,https://npdc.ncpor.res.in/npdc/search_mf_data.action?search=title&expedition_type=Antarctic&parameter=MF-1783311035&userType=user&parameter1=Atmospheric+Temperature
Atmosphere,Atmospheric Temperature,View metadata,https://npdc.ncpor.res.in/npdc/search_mf_data.action?search=title&expedition_type=Antarctic&parameter=MF-1937840508&userType=user&parameter1=Atmospheric+Temperature
Atmosphere,Atmospheric Temperature,View metadata,https://npdc.ncpor.res.in/npdc/search_mf_data.action?search=title&expedition_type=Antarctic&parameter=MF2024782356&userType=user&parameter1=Atmospheric+Temperature
Atmosphere,Atmospheric Temperature,View metadata,https://npdc.ncpor.res.in/npdc/search_mf_data.action?search=title&expedition_type=Antarctic&parameter=MF-226414684&userType=user&parameter1=Atmospheric+Temperature
Atmosphere,Atmospheric Temperature,View metadata,https://npdc.ncpor.res.in/npdc/search_mf_data.action?search=title&expedition_type=Antarctic&parameter=MF374134663&userType=user&parameter1=Atmospheric+Temperature
Atmosphere,Atmospheric Temperature,View metadata,https://npdc.ncpor.res.in/npdc/search_mf_data.action?search=title&expedition_type=Antarctic&parameter=MF412946590&userType=user&parameter1=Atmospheric+Temperature
Atmosphere,Atmospheric Temperature,View metadata,https://npdc.ncpor.res.in/npdc/search_mf_data.action?search=title&expedition_type=Antarctic&parameter=MF-501500787&userType=user&parameter1=Atmospheric+Temperature
Atmosphere,Atmospheric Temperature,View metadata,https://npdc.ncpor.res.in/npdc/search_mf_data.action?search=title&expedition_type=Antarctic&parameter=MF606196943&userType=user&parameter1=Atmospheric+Temperature
Atmosphere,Atmospheric Temperature,View metadata,https://npdc.ncpor.res.in/npdc/search_mf_data.action?search=title&expedition_type=Antarctic&parameter=MF66040013&userType=user&parameter1=Atmospheric+Temperature
Atmosphere,Atmospheric Temperature,View metadata,https://npdc.ncpor.res.in/npdc/search_mf_data.action?search=title&expedition_type=Antarctic&parameter=MF836958519&userType=user&parameter1=Atmospheric+Temperature
Atmosphere,Atmospheric Water Vapor,Search For Datasets »,https://npdc.ncpor.res.in/npdc/search_mf_title_all.action?search=title&expedition_type=all&parameter=Atmosphere&parameter1=Atmospheric+Water+Vapor#
Atmosphere,Atmospheric Water Vapor,View metadata,https://npdc.ncpor.res.in/npdc/search_mf_data.action?search=title&expedition_type=Antarctic&parameter=MF1251230278&userType=user&parameter1=Atmospheric+Water+Vapor
Atmosphere,Atmospheric Water Vapor,View metadata,https://npdc.ncpor.res.in/npdc/search_mf_data.action?search=title&expedition_type=Antarctic&parameter=MF-1268376550&userType=user&parameter1=Atmospheric+Water+Vapor
Atmosphere,Atmospheric Water Vapor,View metadata,https://npdc.ncpor.res.in/npdc/search_mf_data.action?search=title&expedition_type=Antarctic&parameter=MF1555527628&userType=user&parameter1=Atmospheric+Water+Vapor
Atmosphere,Atmospheric Water Vapor,View metadata,https://npdc.ncpor.res.in/npdc/search_mf_data.action?search=title&expedition_type=Antarctic&parameter=MF-240055252&userType=user&parameter1=Atmospheric+Water+Vapor
Atmosphere,Atmospheric Water Vapor,View metadata,https://npdc.ncpor.res.in/npdc/search_mf_data.action?search=title&expedition_type=Antarctic&parameter=MF-5798925&userType=user&parameter1=Atmospheric+Water+Vapor
Atmosphere,Atmospheric Winds,Search For Datasets »,https://npdc.ncpor.res.in/npdc/search_mf_title_all.action?search=title&expedition_type=all&parameter=Atmosphere&parameter1=Atmospheric+Winds#
Atmosphere,Atmospheric Winds,View metadata,https://npdc.ncpor.res.in/npdc/search_mf_data.action?search=title&expedition_type=Antarctic&parameter=MF-117531244&userType=user&parameter1=Atmospheric+Winds
Atmosphere,Atmospheric Winds,View metadata,https://npdc.ncpor.res.in/npdc/search_mf_data.action?search=title&expedition_type=Antarctic&parameter=MF-197898559&userType=user&parameter1=Atmospheric+Winds
Atmosphere,Clouds,Search For Datasets »,https://npdc.ncpor.res.in/npdc/search_mf_title_all.action?search=title&expedition_type=all&parameter=Atmosphere&parameter1=Clouds#
Atmosphere,Clouds,View metadata,https://npdc.ncpor.res.in/npdc/search_mf_data.action?search=title&expedition_type=Antarctic&parameter=MF928140699&userType=user&parameter1=Clouds
Atmosphere,Cryosphere,Search For Datasets »,https://npdc.ncpor.res.in/npdc/search_mf_title_all.action?search=title&expedition_type=all&parameter=Atmosphere&parameter1=Cryosphere#
Atmosphere,Cryosphere,View metadata,https://npdc.ncpor.res.in/npdc/search_mf_data.action?search=title&expedition_type=Antarctic&parameter=MF2007637695&userType=user&parameter1=Cryosphere
Atmosphere,Precipitation,Search For Datasets »,https://npdc.ncpor.res.in/npdc/search_mf_title_all.action?search=title&expedition_type=all&parameter=Atmosphere&parameter1=Precipitation#
Atmosphere,Precipitation,View metadata,https://npdc.ncpor.res.in/npdc/search_mf_data.action?search=title&expedition_type=Antarctic&parameter=MF1065199852&userType=user&parameter1=Precipitation
Atmosphere,Precipitation,View metadata,https://npdc.ncpor.res.in/npdc/search_mf_data.action?search=title&expedition_type=Antarctic&parameter=MF-121131450&userType=user&parameter1=Precipitation
Atmosphere,Precipitation,View metadata,https://npdc.ncpor.res.in/npdc/search_mf_data.action?search=title&expedition_type=Antarctic&parameter=MF1224560391&userType=user&parameter1=Precipitation
Atmosphere,Precipitation,View metadata,https://npdc.ncpor.res.in/npdc/search_mf_data.action?search=title&expedition_type=Antarctic&parameter=MF1429995815&userType=user&parameter1=Precipitation
Atmosphere,Precipitation,View metadata,https://npdc.ncpor.res.in/npdc/search_mf_data.action?search=title&expedition_type=Antarctic&parameter=MF-1522437332&userType=user&parameter1=Precipitation
Atmosphere,Precipitation,View metadata,https://npdc.ncpor.res.in/npdc/search_mf_data.action?search=title&expedition_type=Antarctic&parameter=MF-1558099993&userType=user&parameter1=Precipitation
Atmosphere,Precipitation,View metadata,https://npdc.ncpor.res.in/npdc/search_mf_data.action?search=title&expedition_type=Antarctic&parameter=MF-1603171030&userType=user&parameter1=Precipitation
Atmosphere,Precipitation,View metadata,https://npdc.ncpor.res.in/npdc/search_mf_data.action?search=title&expedition_type=Antarctic&parameter=MF1721543846&userType=user&parameter1=Precipitation
Atmosphere,Precipitation,View metadata,https://npdc.ncpor.res.in/npdc/search_mf_data.action?search=title&expedition_type=Antarctic&parameter=MF-1722125210&userType=user&parameter1=Precipitation
Atmosphere,Precipitation,View metadata,https://npdc.ncpor.res.in/npdc/search_mf_data.action?search=title&expedition_type=Antarctic&parameter=MF-1846716935&userType=user&parameter1=Precipitation
Atmosphere,Precipitation,View metadata,https://npdc.ncpor.res.in/npdc/search_mf_data.action?search=title&expedition_type=Antarctic&parameter=MF2123266320&userType=user&parameter1=Precipitation
Atmosphere,Precipitation,View metadata,https://npdc.ncpor.res.in/npdc/search_mf_data.action?search=title&expedition_type=Antarctic&parameter=MF-375140601&userType=user&parameter1=Precipitation
Atmosphere,Precipitation,View metadata,https://npdc.ncpor.res.in/npdc/search_mf_data.action?search=title&expedition_type=Antarctic&parameter=MF-5491252&userType=user&parameter1=Precipitation
Atmosphere,Precipitation,View metadata,https://npdc.ncpor.res.in/npdc/search_mf_data.action?search=title&expedition_type=Antarctic&parameter=MF-720647263&userType=user&parameter1=Precipitation
Atmosphere,Precipitation,View metadata,https://npdc.ncpor.res.in/npdc/search_mf_data.action?search=title&expedition_type=Antarctic&parameter=MF774778383&userType=user&parameter1=Precipitation
Atmosphere,Precipitation,View metadata,https://npdc.ncpor.res.in/npdc/search_mf_data.action?search=title&expedition_type=Antarctic&parameter=MF-797088029&userType=user&parameter1=Precipitation
Atmosphere,Wind Profiler Radar,Search For Datasets »,https://npdc.ncpor.res.in/npdc/search_mf_title_all.action?search=title&expedition_type=all&parameter=Atmosphere&parameter1=Wind+Profiler+Radar#
Atmosphere,Atmospheric Ozone,Search For Datasets »,https://npdc.ncpor.res.in/npdc/search_mf_title_all.action?search=title&expedition_type=all&parameter=Atmosphere&parameter1=Atmospheric+Ozone#
Atmosphere,Atmospheric Ozone,View metadata,https://npdc.ncpor.res.in/npdc/search_mf_data.action?search=title&expedition_type=Antarctic&parameter=MF-2023515775&userType=user&parameter1=Atmospheric+Ozone
Atmosphere,Ionosphere,Search For Datasets »,https://npdc.ncpor.res.in/npdc/search_mf_title_all.action?search=title&expedition_type=all&parameter=Atmosphere&parameter1=Ionosphere#
Atmosphere,Ionosphere,View metadata,https://npdc.ncpor.res.in/npdc/search_mf_data.action?search=title&expedition_type=Antarctic&parameter=MF-697388350&userType=user&parameter1=Ionosphere
Atmosphere,Ionosphere,View metadata,https://npdc.ncpor.res.in/npdc/search_mf_data.action?search=title&expedition_type=Antarctic&parameter=MF-848162950&userType=user&parameter1=Ionosphere
Atmosphere,Global Electric Circuit,Search For Datasets »,https://npdc.ncpor.res.in/npdc/search_mf_title_all.action?search=title&expedition_type=all&parameter=Atmosphere&parameter1=Global+Electric+Circuit#
Atmosphere,Global Electric Circuit,View metadata,https://npdc.ncpor.res.in/npdc/search_mf_data.action?search=title&expedition_type=Antarctic&parameter=MF2036878427&userType=user&parameter1=Global+Electric+Circuit
Biosphere,Aquatic Ecosystems,Search For Datasets »,https://npdc.ncpor.res.in/npdc/search_mf_title_all.action?search=title&expedition_type=all&parameter=Biosphere&parameter1=Aquatic+Ecosystems#
Biosphere,Aquatic Ecosystems,View metadata,https://npdc.ncpor.res.in/npdc/search_mf_data.action?search=title&expedition_type=Antarctic&parameter=MF-1161013246&userType=user&parameter1=Aquatic+Ecosystems
Biosphere,Aquatic Ecosystems,View metadata,https://npdc.ncpor.res.in/npdc/search_mf_data.action?search=title&expedition_type=Antarctic&parameter=MF1647755471&userType=user&parameter1=Aquatic+Ecosystems
Biosphere,Aquatic Ecosystems,View metadata,https://npdc.ncpor.res.in/npdc/search_mf_data.action?search=title&expedition_type=Antarctic&parameter=MF-1814775546&userType=user&parameter1=Aquatic+Ecosystems
Biosphere,Aquatic Ecosystems,View metadata,https://npdc.ncpor.res.in/npdc/search_mf_data.action?search=title&expedition_type=Antarctic&parameter=MF1998511819&userType=user&parameter1=Aquatic+Ecosystems
Biosphere,Aquatic Ecosystems,View metadata,https://npdc.ncpor.res.in/npdc/search_mf_data.action?search=title&expedition_type=Antarctic&parameter=MF590091307&userType=user&parameter1=Aquatic+Ecosystems
Biosphere,Aquatic Ecosystems,View metadata,https://npdc.ncpor.res.in/npdc/search_mf_data.action?search=title&expedition_type=Antarctic&parameter=MF-634744977&userType=user&parameter1=Aquatic+Ecosystems
Biosphere,Aquatic Ecosystems,View metadata,https://npdc.ncpor.res.in/npdc/search_mf_data.action?search=title&expedition_type=Antarctic&parameter=MF634747355&userType=user&parameter1=Aquatic+Ecosystems
Biosphere,Cryosphere,Search For Datasets »,https://npdc.ncpor.res.in/npdc/search_mf_title_all.action?search=title&expedition_type=all&parameter=Biosphere&parameter1=Cryosphere#
Biosphere,Cryosphere,View metadata,https://npdc.ncpor.res.in/npdc/search_mf_data.action?search=title&expedition_type=Antarctic&parameter=MF-2082494025&userType=user&parameter1=Cryosphere
Biosphere,Cryosphere,View metadata,https://npdc.ncpor.res.in/npdc/search_mf_data.action?search=title&expedition_type=Antarctic&parameter=MF763653900&userType=user&parameter1=Cryosphere
Biosphere,Cryosphere,View metadata,https://npdc.ncpor.res.in/npdc/search_mf_data.action?search=title&expedition_type=Antarctic&parameter=MF95918793&userType=user&parameter1=Cryosphere
Biosphere,Ecological Dynamics,Search For Datasets »,https://npdc.ncpor.res.in/npdc/search_mf_title_all.action?search=title&expedition_type=all&parameter=Biosphere&parameter1=Ecological+Dynamics#
Biosphere,Ecological Dynamics,View metadata,https://npdc.ncpor.res.in/npdc/search_mf_data.action?search=title&expedition_type=Antarctic&parameter=MF1327926559&userType=user&parameter1=Ecological+Dynamics
Biosphere,Ecological Dynamics,View metadata,https://npdc.ncpor.res.in/npdc/search_mf_data.action?search=title&expedition_type=Antarctic&parameter=MF1365694786&userType=user&parameter1=Ecological+Dynamics
Biosphere,Ecological Dynamics,View metadata,https://npdc.ncpor.res.in/npdc/search_mf_data.action?search=title&expedition_type=Antarctic&parameter=MF-1515467174&userType=user&parameter1=Ecological+Dynamics
Biosphere,Ecological Dynamics,View metadata,https://npdc.ncpor.res.in/npdc/search_mf_data.action?search=title&expedition_type=Antarctic&parameter=MF1516985269&userType=user&parameter1=Ecological+Dynamics
Biosphere,Ecological Dynamics,View metadata,https://npdc.ncpor.res.in/npdc/search_mf_data.action?search=title&expedition_type=Antarctic&parameter=MF1534467687&userType=user&parameter1=Ecological+Dynamics
Biosphere,Ecological Dynamics,View metadata,https://npdc.ncpor.res.in/npdc/search_mf_data.action?search=title&expedition_type=Antarctic&parameter=MF-1571584183&userType=user&parameter1=Ecological+Dynamics
Biosphere,Ecological Dynamics,View metadata,https://npdc.ncpor.res.in/npdc/search_mf_data.action?search=title&expedition_type=Antarctic&parameter=MF1733442780&userType=user&parameter1=Ecological+Dynamics
Biosphere,Ecological Dynamics,View metadata,https://npdc.ncpor.res.in/npdc/search_mf_data.action?search=title&expedition_type=Antarctic&parameter=MF2095861595&userType=user&parameter1=Ecological+Dynamics
Biosphere,Ecological Dynamics,View metadata,https://npdc.ncpor.res.in/npdc/search_mf_data.action?search=title&expedition_type=Antarctic&parameter=MF545932361&userType=user&parameter1=Ecological+Dynamics
Biosphere,Ecological Dynamics,View metadata,https://npdc.ncpor.res.in/npdc/search_mf_data.action?search=title&expedition_type=Antarctic&parameter=MF-55877995&userType=user&parameter1=Ecological+Dynamics
Biosphere,Ecological Dynamics,View metadata,https://npdc.ncpor.res.in/npdc/search_mf_data.action?search=title&expedition_type=Antarctic&parameter=MF606186996&userType=user&parameter1=Ecological+Dynamics
Biosphere,Ecological Dynamics,View metadata,https://npdc.ncpor.res.in/npdc/search_mf_data.action?search=title&expedition_type=Antarctic&parameter=MF-714188617&userType=user&parameter1=Ecological+Dynamics
Biosphere,Ecological Dynamics,View metadata,https://npdc.ncpor.res.in/npdc/search_mf_data.action?search=title&expedition_type=Antarctic&parameter=MF-739383261&userType=user&parameter1=Ecological+Dynamics
Biosphere,Ecological Dynamics,View metadata,https://npdc.ncpor.res.in/npdc/search_mf_data.action?search=title&expedition_type=Antarctic&parameter=MF755137413&userType=user&parameter1=Ecological+Dynamics
Biosphere,Ecological Dynamics,View metadata,https://npdc.ncpor.res.in/npdc/search_mf_data.action?search=title&expedition_type=Antarctic&parameter=MF-819596421&userType=user&parameter1=Ecological+Dynamics
Biosphere,Ecological Dynamics,View metadata,https://npdc.ncpor.res.in/npdc/search_mf_data.action?search=title&expedition_type=Antarctic&parameter=MF924796730&userType=user&parameter1=Ecological+Dynamics
Biosphere,Terrestrial Ecosystems,Search For Datasets »,https://npdc.ncpor.res.in/npdc/search_mf_title_all.action?search=title&expedition_type=all&parameter=Biosphere&parameter1=Terrestrial+Ecosystems#
Biosphere,Terrestrial Ecosystems,View metadata,https://npdc.ncpor.res.in/npdc/search_mf_data.action?search=title&expedition_type=Antarctic&parameter=MF-1329233055&userType=user&parameter1=Terrestrial+Ecosystems
Biosphere,Terrestrial Ecosystems,View metadata,https://npdc.ncpor.res.in/npdc/search_mf_data.action?search=title&expedition_type=Antarctic&parameter=MF1344624095&userType=user&parameter1=Terrestrial+Ecosystems
Biosphere,Terrestrial Ecosystems,View metadata,https://npdc.ncpor.res.in/npdc/search_mf_data.action?search=title&expedition_type=Antarctic&parameter=MF-1370269899&userType=user&parameter1=Terrestrial+Ecosystems
Biosphere,Terrestrial Ecosystems,View metadata,https://npdc.ncpor.res.in/npdc/search_mf_data.action?search=title&expedition_type=Antarctic&parameter=MF-1799334097&userType=user&parameter1=Terrestrial+Ecosystems
Biosphere,Terrestrial Ecosystems,View metadata,https://npdc.ncpor.res.in/npdc/search_mf_data.action?search=title&expedition_type=Antarctic&parameter=MF1815599029&userType=user&parameter1=Terrestrial+Ecosystems
Biosphere,Terrestrial Ecosystems,View metadata,https://npdc.ncpor.res.in/npdc/search_mf_data.action?search=title&expedition_type=Antarctic&parameter=MF1915439570&userType=user&parameter1=Terrestrial+Ecosystems
Biosphere,Terrestrial Ecosystems,View metadata,https://npdc.ncpor.res.in/npdc/search_mf_data.action?search=title&expedition_type=Antarctic&parameter=MF696214264&userType=user&parameter1=Terrestrial+Ecosystems
Biosphere,Terrestrial Ecosystems,View metadata,https://npdc.ncpor.res.in/npdc/search_mf_data.action?search=title&expedition_type=Antarctic&parameter=MF787406217&userType=user&parameter1=Terrestrial+Ecosystems
Biosphere,Terrestrial Ecosystems,View metadata,https://npdc.ncpor.res.in/npdc/search_mf_data.action?search=title&expedition_type=Antarctic&parameter=MF814936839&userType=user&parameter1=Terrestrial+Ecosystems
Biosphere,Vegetation,Search For Datasets »,https://npdc.ncpor.res.in/npdc/search_mf_title_all.action?search=title&expedition_type=all&parameter=Biosphere&parameter1=Vegetation#
Biosphere,Ocean/Lake Records,Search For Datasets »,https://npdc.ncpor.res.in/npdc/search_mf_title_all.action?search=title&expedition_type=all&parameter=Biosphere&parameter1=Ocean%2FLake+Records#
Biosphere,Ocean/Lake Records,View metadata,https://npdc.ncpor.res.in/npdc/search_mf_data.action?search=title&expedition_type=Antarctic&parameter=MF294852488&userType=user&parameter1=Ocean%2FLake+Records
Biosphere,Ocean/Lake Records,View metadata,https://npdc.ncpor.res.in/npdc/search_mf_data.action?search=title&expedition_type=Antarctic&parameter=MF527552730&userType=user&parameter1=Ocean%2FLake+Records
Cryosphere,Cryosphere,Search For Datasets »,https://npdc.ncpor.res.in/npdc/search_mf_title_all.action?search=title&expedition_type=all&parameter=Cryosphere&parameter1=Cryosphere#
Cryosphere,Cryosphere,View metadata,https://npdc.ncpor.res.in/npdc/search_mf_data.action?search=title&expedition_type=Antarctic&parameter=MF-1022237674&userType=user&parameter1=Cryosphere
Cryosphere,Cryosphere,View metadata,https://npdc.ncpor.res.in/npdc/search_mf_data.action?search=title&expedition_type=Antarctic&parameter=MF112353102&userType=user&parameter1=Cryosphere
Cryosphere,Cryosphere,View metadata,https://npdc.ncpor.res.in/npdc/search_mf_data.action?search=title&expedition_type=Antarctic&parameter=MF1219839468&userType=user&parameter1=Cryosphere
Cryosphere,Cryosphere,View metadata,https://npdc.ncpor.res.in/npdc/search_mf_data.action?search=title&expedition_type=Antarctic&parameter=MF-1366762605&userType=user&parameter1=Cryosphere
Cryosphere,Cryosphere,View metadata,https://npdc.ncpor.res.in/npdc/search_mf_data.action?search=title&expedition_type=Antarctic&parameter=MF-1469918542&userType=user&parameter1=Cryosphere
Cryosphere,Cryosphere,View metadata,https://npdc.ncpor.res.in/npdc/search_mf_data.action?search=title&expedition_type=Antarctic&parameter=MF-1580091146&userType=user&parameter1=Cryosphere
Cryosphere,Cryosphere,View metadata,https://npdc.ncpor.res.in/npdc/search_mf_data.action?search=title&expedition_type=Antarctic&parameter=MF-1625922048&userType=user&parameter1=Cryosphere
Cryosphere,Cryosphere,View metadata,https://npdc.ncpor.res.in/npdc/search_mf_data.action?search=title&expedition_type=Antarctic&parameter=MF214274926&userType=user&parameter1=Cryosphere
Cryosphere,Cryosphere,View metadata,https://npdc.ncpor.res.in/npdc/search_mf_data.action?search=title&expedition_type=Antarctic&parameter=MF224951078&userType=user&parameter1=Cryosphere
Cryosphere,Cryosphere,View metadata,https://npdc.ncpor.res.in/npdc/search_mf_data.action?search=title&expedition_type=Antarctic&parameter=MF407653146&userType=user&parameter1=Cryosphere
Cryosphere,Cryosphere,View metadata,https://npdc.ncpor.res.in/npdc/search_mf_data.action?search=title&expedition_type=Antarctic&parameter=MF48328291&userType=user&parameter1=Cryosphere
Cryosphere,Frozen Ground,Search For Datasets »,https://npdc.ncpor.res.in/npdc/search_mf_title_all.action?search=title&expedition_type=all&parameter=Cryosphere&parameter1=Frozen+Ground#
Cryosphere,Frozen Ground,View metadata,https://npdc.ncpor.res.in/npdc/search_mf_data.action?search=title&expedition_type=Antarctic&parameter=MF-1803393216&userType=user&parameter1=Frozen+Ground
Cryosphere,Frozen Ground,View metadata,https://npdc.ncpor.res.in/npdc/search_mf_data.action?search=title&expedition_type=Antarctic&parameter=MF-2024368792&userType=user&parameter1=Frozen+Ground
Cryosphere,Glaciers/Ice Sheets,Search For Datasets »,https://npdc.ncpor.res.in/npdc/search_mf_title_all.action?search=title&expedition_type=all&parameter=Cryosphere&parameter1=Glaciers%2FIce+Sheets#
Cryosphere,Glaciers/Ice Sheets,View metadata,https://npdc.ncpor.res.in/npdc/search_mf_data.action?search=title&expedition_type=Antarctic&parameter=MF-1025844776&userType=user&parameter1=Glaciers%2FIce+Sheets
Cryosphere,Glaciers/Ice Sheets,View metadata,https://npdc.ncpor.res.in/npdc/search_mf_data.action?search=title&expedition_type=Antarctic&parameter=MF1051429198&userType=user&parameter1=Glaciers%2FIce+Sheets
Cryosphere,Glaciers/Ice Sheets,View metadata,https://npdc.ncpor.res.in/npdc/search_mf_data.action?search=title&expedition_type=Antarctic&parameter=MF1068226375&userType=user&parameter1=Glaciers%2FIce+Sheets
Cryosphere,Glaciers/Ice Sheets,View metadata,https://npdc.ncpor.res.in/npdc/search_mf_data.action?search=title&expedition_type=Antarctic&parameter=MF-1123791654&userType=user&parameter1=Glaciers%2FIce+Sheets
Cryosphere,Glaciers/Ice Sheets,View metadata,https://npdc.ncpor.res.in/npdc/search_mf_data.action?search=title&expedition_type=Antarctic&parameter=MF-1187384822&userType=user&parameter1=Glaciers%2FIce+Sheets
Cryosphere,Glaciers/Ice Sheets,View metadata,https://npdc.ncpor.res.in/npdc/search_mf_data.action?search=title&expedition_type=Antarctic&parameter=MF-1210498586&userType=user&parameter1=Glaciers%2FIce+Sheets
Cryosphere,Glaciers/Ice Sheets,View metadata,https://npdc.ncpor.res.in/npdc/search_mf_data.action?search=title&expedition_type=Antarctic&parameter=MF-1270757435&userType=user&parameter1=Glaciers%2FIce+Sheets
Cryosphere,Glaciers/Ice Sheets,View metadata,https://npdc.ncpor.res.in/npdc/search_mf_data.action?search=title&expedition_type=Antarctic&parameter=MF-1284362376&userType=user&parameter1=Glaciers%2FIce+Sheets
Cryosphere,Glaciers/Ice Sheets,View metadata,https://npdc.ncpor.res.in/npdc/search_mf_data.action?search=title&expedition_type=Antarctic&parameter=MF1316067944&userType=user&parameter1=Glaciers%2FIce+Sheets
Cryosphere,Glaciers/Ice Sheets,View metadata,https://npdc.ncpor.res.in/npdc/search_mf_data.action?search=title&expedition_type=Antarctic&parameter=MF-13573878&userType=user&parameter1=Glaciers%2FIce+Sheets
Cryosphere,Glaciers/Ice Sheets,View metadata,https://npdc.ncpor.res.in/npdc/search_mf_data.action?search=title&expedition_type=Antarctic&parameter=MF1366409930&userType=user&parameter1=Glaciers%2FIce+Sheets
Cryosphere,Glaciers/Ice Sheets,View metadata,https://npdc.ncpor.res.in/npdc/search_mf_data.action?search=title&expedition_type=Antarctic&parameter=MF1415743679&userType=user&parameter1=Glaciers%2FIce+Sheets
Cryosphere,Glaciers/Ice Sheets,View metadata,https://npdc.ncpor.res.in/npdc/search_mf_data.action?search=title&expedition_type=Antarctic&parameter=MF-1420230131&userType=user&parameter1=Glaciers%2FIce+Sheets
Cryosphere,Glaciers/Ice Sheets,View metadata,https://npdc.ncpor.res.in/npdc/search_mf_data.action?search=title&expedition_type=Antarctic&parameter=MF-1465444799&userType=user&parameter1=Glaciers%2FIce+Sheets
Cryosphere,Glaciers/Ice Sheets,View metadata,https://npdc.ncpor.res.in/npdc/search_mf_data.action?search=title&expedition_type=Antarctic&parameter=MF-1555951897&userType=user&parameter1=Glaciers%2FIce+Sheets
Cryosphere,Glaciers/Ice Sheets,View metadata,https://npdc.ncpor.res.in/npdc/search_mf_data.action?search=title&expedition_type=Antarctic&parameter=MF1631812423&userType=user&parameter1=Glaciers%2FIce+Sheets
Cryosphere,Glaciers/Ice Sheets,View metadata,https://npdc.ncpor.res.in/npdc/search_mf_data.action?search=title&expedition_type=Antarctic&parameter=MF1660603603&userType=user&parameter1=Glaciers%2FIce+Sheets
Cryosphere,Glaciers/Ice Sheets,View metadata,https://npdc.ncpor.res.in/npdc/search_mf_data.action?search=title&expedition_type=Antarctic&parameter=MF1662976566&userType=user&parameter1=Glaciers%2FIce+Sheets
Cryosphere,Glaciers/Ice Sheets,View metadata,https://npdc.ncpor.res.in/npdc/search_mf_data.action?search=title&expedition_type=Antarctic&parameter=MF1682864614&userType=user&parameter1=Glaciers%2FIce+Sheets
Cryosphere,Glaciers/Ice Sheets,View metadata,https://npdc.ncpor.res.in/npdc/search_mf_data.action?search=title&expedition_type=Antarctic&parameter=MF1695113911&userType=user&parameter1=Glaciers%2FIce+Sheets
Cryosphere,Glaciers/Ice Sheets,View metadata,https://npdc.ncpor.res.in/npdc/search_mf_data.action?search=title&expedition_type=Antarctic&parameter=MF1700187895&userType=user&parameter1=Glaciers%2FIce+Sheets
Cryosphere,Glaciers/Ice Sheets,View metadata,https://npdc.ncpor.res.in/npdc/search_mf_data.action?search=title&expedition_type=Antarctic&parameter=MF-1704313356&userType=user&parameter1=Glaciers%2FIce+Sheets
Cryosphere,Glaciers/Ice Sheets,View metadata,https://npdc.ncpor.res.in/npdc/search_mf_data.action?search=title&expedition_type=Antarctic&parameter=MF-1733132779&userType=user&parameter1=Glaciers%2FIce+Sheets
Cryosphere,Glaciers/Ice Sheets,View metadata,https://npdc.ncpor.res.in/npdc/search_mf_data.action?search=title&expedition_type=Antarctic&parameter=MF-1749391656&userType=user&parameter1=Glaciers%2FIce+Sheets
Cryosphere,Glaciers/Ice Sheets,View metadata,https://npdc.ncpor.res.in/npdc/search_mf_data.action?search=title&expedition_type=Antarctic&parameter=MF-1761794350&userType=user&parameter1=Glaciers%2FIce+Sheets
Cryosphere,Glaciers/Ice Sheets,View metadata,https://npdc.ncpor.res.in/npdc/search_mf_data.action?search=title&expedition_type=Antarctic&parameter=MF-1782291344&userType=user&parameter1=Glaciers%2FIce+Sheets
Cryosphere,Glaciers/Ice Sheets,View metadata,https://npdc.ncpor.res.in/npdc/search_mf_data.action?search=title&expedition_type=Antarctic&parameter=MF-1784251892&userType=user&parameter1=Glaciers%2FIce+Sheets
Cryosphere,Glaciers/Ice Sheets,View metadata,https://npdc.ncpor.res.in/npdc/search_mf_data.action?search=title&expedition_type=Antarctic&parameter=MF1785477851&userType=user&parameter1=Glaciers%2FIce+Sheets
Cryosphere,Glaciers/Ice Sheets,View metadata,https://npdc.ncpor.res.in/npdc/search_mf_data.action?search=title&expedition_type=Antarctic&parameter=MF180200020&userType=user&parameter1=Glaciers%2FIce+Sheets
Cryosphere,Glaciers/Ice Sheets,View metadata,https://npdc.ncpor.res.in/npdc/search_mf_data.action?search=title&expedition_type=Antarctic&parameter=MF-1818613510&userType=user&parameter1=Glaciers%2FIce+Sheets
Cryosphere,Glaciers/Ice Sheets,View metadata,https://npdc.ncpor.res.in/npdc/search_mf_data.action?search=title&expedition_type=Antarctic&parameter=MF1836890477&userType=user&parameter1=Glaciers%2FIce+Sheets
Cryosphere,Glaciers/Ice Sheets,View metadata,https://npdc.ncpor.res.in/npdc/search_mf_data.action?search=title&expedition_type=Antarctic&parameter=MF-1837336685&userType=user&parameter1=Glaciers%2FIce+Sheets
Cryosphere,Glaciers/Ice Sheets,View metadata,https://npdc.ncpor.res.in/npdc/search_mf_data.action?search=title&expedition_type=Antarctic&parameter=MF-1863988225&userType=user&parameter1=Glaciers%2FIce+Sheets
Cryosphere,Glaciers/Ice Sheets,View metadata,https://npdc.ncpor.res.in/npdc/search_mf_data.action?search=title&expedition_type=Antarctic&parameter=MF-1880661305&userType=user&parameter1=Glaciers%2FIce+Sheets
Cryosphere,Glaciers/Ice Sheets,View metadata,https://npdc.ncpor.res.in/npdc/search_mf_data.action?search=title&expedition_type=Antarctic&parameter=MF-1921365999&userType=user&parameter1=Glaciers%2FIce+Sheets
Cryosphere,Glaciers/Ice Sheets,View metadata,https://npdc.ncpor.res.in/npdc/search_mf_data.action?search=title&expedition_type=Antarctic&parameter=MF1950067847&userType=user&parameter1=Glaciers%2FIce+Sheets
Cryosphere,Glaciers/Ice Sheets,View metadata,https://npdc.ncpor.res.in/npdc/search_mf_data.action?search=title&expedition_type=Antarctic&parameter=MF1994726501&userType=user&parameter1=Glaciers%2FIce+Sheets
Cryosphere,Glaciers/Ice Sheets,View metadata,https://npdc.ncpor.res.in/npdc/search_mf_data.action?search=title&expedition_type=Antarctic&parameter=MF-2021899210&userType=user&parameter1=Glaciers%2FIce+Sheets
Cryosphere,Glaciers/Ice Sheets,View metadata,https://npdc.ncpor.res.in/npdc/search_mf_data.action?search=title&expedition_type=Antarctic&parameter=MF-2023726238&userType=user&parameter1=Glaciers%2FIce+Sheets
Cryosphere,Glaciers/Ice Sheets,View metadata,https://npdc.ncpor.res.in/npdc/search_mf_data.action?search=title&expedition_type=Antarctic&parameter=MF2085292874&userType=user&parameter1=Glaciers%2FIce+Sheets
Cryosphere,Glaciers/Ice Sheets,View metadata,https://npdc.ncpor.res.in/npdc/search_mf_data.action?search=title&expedition_type=Antarctic&parameter=MF2087066794&userType=user&parameter1=Glaciers%2FIce+Sheets
Cryosphere,Glaciers/Ice Sheets,View metadata,https://npdc.ncpor.res.in/npdc/search_mf_data.action?search=title&expedition_type=Antarctic&parameter=MF237810760&userType=user&parameter1=Glaciers%2FIce+Sheets
Cryosphere,Glaciers/Ice Sheets,View metadata,https://npdc.ncpor.res.in/npdc/search_mf_data.action?search=title&expedition_type=Antarctic&parameter=MF238193119&userType=user&parameter1=Glaciers%2FIce+Sheets
Cryosphere,Glaciers/Ice Sheets,View metadata,https://npdc.ncpor.res.in/npdc/search_mf_data.action?search=title&expedition_type=Antarctic&parameter=MF244609289&userType=user&parameter1=Glaciers%2FIce+Sheets
Cryosphere,Glaciers/Ice Sheets,View metadata,https://npdc.ncpor.res.in/npdc/search_mf_data.action?search=title&expedition_type=Antarctic&parameter=MF292617194&userType=user&parameter1=Glaciers%2FIce+Sheets
Cryosphere,Glaciers/Ice Sheets,View metadata,https://npdc.ncpor.res.in/npdc/search_mf_data.action?search=title&expedition_type=Antarctic&parameter=MF-293166625&userType=user&parameter1=Glaciers%2FIce+Sheets
Cryosphere,Glaciers/Ice Sheets,View metadata,https://npdc.ncpor.res.in/npdc/search_mf_data.action?search=title&expedition_type=Antarctic&parameter=MF-352241465&userType=user&parameter1=Glaciers%2FIce+Sheets
Cryosphere,Glaciers/Ice Sheets,View metadata,https://npdc.ncpor.res.in/npdc/search_mf_data.action?search=title&expedition_type=Antarctic&parameter=MF-429854329&userType=user&parameter1=Glaciers%2FIce+Sheets
Cryosphere,Glaciers/Ice Sheets,View metadata,https://npdc.ncpor.res.in/npdc/search_mf_data.action?search=title&expedition_type=Antarctic&parameter=MF462255588&userType=user&parameter1=Glaciers%2FIce+Sheets
Cryosphere,Glaciers/Ice Sheets,View metadata,https://npdc.ncpor.res.in/npdc/search_mf_data.action?search=title&expedition_type=Antarctic&parameter=MF-482979837&userType=user&parameter1=Glaciers%2FIce+Sheets
Cryosphere,Glaciers/Ice Sheets,View metadata,https://npdc.ncpor.res.in/npdc/search_mf_data.action?search=title&expedition_type=Antarctic&parameter=MF-485129167&userType=user&parameter1=Glaciers%2FIce+Sheets
Cryosphere,Glaciers/Ice Sheets,View metadata,https://npdc.ncpor.res.in/npdc/search_mf_data.action?search=title&expedition_type=Antarctic&parameter=MF568762473&userType=user&parameter1=Glaciers%2FIce+Sheets
Cryosphere,Glaciers/Ice Sheets,View metadata,https://npdc.ncpor.res.in/npdc/search_mf_data.action?search=title&expedition_type=Antarctic&parameter=MF589896581&userType=user&parameter1=Glaciers%2FIce+Sheets
Cryosphere,Glaciers/Ice Sheets,View metadata,https://npdc.ncpor.res.in/npdc/search_mf_data.action?search=title&expedition_type=Antarctic&parameter=MF615577808&userType=user&parameter1=Glaciers%2FIce+Sheets
Cryosphere,Glaciers/Ice Sheets,View metadata,https://npdc.ncpor.res.in/npdc/search_mf_data.action?search=title&expedition_type=Antarctic&parameter=MF-645370150&userType=user&parameter1=Glaciers%2FIce+Sheets
Cryosphere,Glaciers/Ice Sheets,View metadata,https://npdc.ncpor.res.in/npdc/search_mf_data.action?search=title&expedition_type=Antarctic&parameter=MF-707307333&userType=user&parameter1=Glaciers%2FIce+Sheets
Cryosphere,Glaciers/Ice Sheets,View metadata,https://npdc.ncpor.res.in/npdc/search_mf_data.action?search=title&expedition_type=Antarctic&parameter=MF-714261111&userType=user&parameter1=Glaciers%2FIce+Sheets
Cryosphere,Glaciers/Ice Sheets,View metadata,https://npdc.ncpor.res.in/npdc/search_mf_data.action?search=title&expedition_type=Antarctic&parameter=MF725108451&userType=user&parameter1=Glaciers%2FIce+Sheets
Cryosphere,Glaciers/Ice Sheets,View metadata,https://npdc.ncpor.res.in/npdc/search_mf_data.action?search=title&expedition_type=Antarctic&parameter=MF-751111438&userType=user&parameter1=Glaciers%2FIce+Sheets
Cryosphere,Glaciers/Ice Sheets,View metadata,https://npdc.ncpor.res.in/npdc/search_mf_data.action?search=title&expedition_type=Antarctic&parameter=MF-781428704&userType=user&parameter1=Glaciers%2FIce+Sheets
Cryosphere,Glaciers/Ice Sheets,View metadata,https://npdc.ncpor.res.in/npdc/search_mf_data.action?search=title&expedition_type=Antarctic&parameter=MF-785042001&userType=user&parameter1=Glaciers%2FIce+Sheets
Cryosphere,Glaciers/Ice Sheets,View metadata,https://npdc.ncpor.res.in/npdc/search_mf_data.action?search=title&expedition_type=Antarctic&parameter=MF790674404&userType=user&parameter1=Glaciers%2FIce+Sheets
Cryosphere,Glaciers/Ice Sheets,View metadata,https://npdc.ncpor.res.in/npdc/search_mf_data.action?search=title&expedition_type=Antarctic&parameter=MF807360409&userType=user&parameter1=Glaciers%2FIce+Sheets
Cryosphere,Glaciers/Ice Sheets,View metadata,https://npdc.ncpor.res.in/npdc/search_mf_data.action?search=title&expedition_type=Antarctic&parameter=MF888008183&userType=user&parameter1=Glaciers%2FIce+Sheets
Cryosphere,Glaciers/Ice Sheets,View metadata,https://npdc.ncpor.res.in/npdc/search_mf_data.action?search=title&expedition_type=Antarctic&parameter=MF89028006&userType=user&parameter1=Glaciers%2FIce+Sheets
Cryosphere,Glaciers/Ice Sheets,View metadata,https://npdc.ncpor.res.in/npdc/search_mf_data.action?search=title&expedition_type=Antarctic&parameter=MF-901522535&userType=user&parameter1=Glaciers%2FIce+Sheets
Cryosphere,Glaciers/Ice Sheets,View metadata,https://npdc.ncpor.res.in/npdc/search_mf_data.action?search=title&expedition_type=Antarctic&parameter=MF-950258332&userType=user&parameter1=Glaciers%2FIce+Sheets
Cryosphere,Glaciers/Ice Sheets,View metadata,https://npdc.ncpor.res.in/npdc/search_mf_data.action?search=title&expedition_type=Antarctic&parameter=MF955819494&userType=user&parameter1=Glaciers%2FIce+Sheets
Cryosphere,Glaciers/Ice Sheets,View metadata,https://npdc.ncpor.res.in/npdc/search_mf_data.action?search=title&expedition_type=Antarctic&parameter=MF-957692842&userType=user&parameter1=Glaciers%2FIce+Sheets
Cryosphere,Glaciers/Ice Sheets,View metadata,https://npdc.ncpor.res.in/npdc/search_mf_data.action?search=title&expedition_type=Antarctic&parameter=MF-998773651&userType=user&parameter1=Glaciers%2FIce+Sheets
Cryosphere,Sea Ice,Search For Datasets »,https://npdc.ncpor.res.in/npdc/search_mf_title_all.action?search=title&expedition_type=all&parameter=Cryosphere&parameter1=Sea+Ice#
Cryosphere,Sea Ice,View metadata,https://npdc.ncpor.res.in/npdc/search_mf_data.action?search=title&expedition_type=Antarctic&parameter=MF-1812666781&userType=user&parameter1=Sea+Ice
Cryosphere,Sea Ice,View metadata,https://npdc.ncpor.res.in/npdc/search_mf_data.action?search=title&expedition_type=Antarctic&parameter=MF-322358113&userType=user&parameter1=Sea+Ice
Cryosphere,Sea Ice,View metadata,https://npdc.ncpor.res.in/npdc/search_mf_data.action?search=title&expedition_type=Antarctic&parameter=MF354567922&userType=user&parameter1=Sea+Ice
Cryosphere,Sea Ice,View metadata,https://npdc.ncpor.res.in/npdc/search_mf_data.action?search=title&expedition_type=Antarctic&parameter=MF-781671301&userType=user&parameter1=Sea+Ice
Cryosphere,Snow/Ice,Search For Datasets »,https://npdc.ncpor.res.in/npdc/search_mf_title_all.action?search=title&expedition_type=all&parameter=Cryosphere&parameter1=Snow%2FIce#
Cryosphere,Snow/Ice,View metadata,https://npdc.ncpor.res.in/npdc/search_mf_data.action?search=title&expedition_type=Antarctic&parameter=MF-1057622268&userType=user&parameter1=Snow%2FIce
Cryosphere,Snow/Ice,View metadata,https://npdc.ncpor.res.in/npdc/search_mf_data.action?search=title&expedition_type=Antarctic&parameter=MF-1066857516&userType=user&parameter1=Snow%2FIce
Cryosphere,Snow/Ice,View metadata,https://npdc.ncpor.res.in/npdc/search_mf_data.action?search=title&expedition_type=Antarctic&parameter=MF-1067549718&userType=user&parameter1=Snow%2FIce
Cryosphere,Snow/Ice,View metadata,https://npdc.ncpor.res.in/npdc/search_mf_data.action?search=title&expedition_type=Antarctic&parameter=MF-1296268754&userType=user&parameter1=Snow%2FIce
Cryosphere,Snow/Ice,View metadata,https://npdc.ncpor.res.in/npdc/search_mf_data.action?search=title&expedition_type=Antarctic&parameter=MF131768238&userType=user&parameter1=Snow%2FIce
Cryosphere,Snow/Ice,View metadata,https://npdc.ncpor.res.in/npdc/search_mf_data.action?search=title&expedition_type=Antarctic&parameter=MF-1348336935&userType=user&parameter1=Snow%2FIce
Cryosphere,Snow/Ice,View metadata,https://npdc.ncpor.res.in/npdc/search_mf_data.action?search=title&expedition_type=Antarctic&parameter=MF1387103144&userType=user&parameter1=Snow%2FIce
Cryosphere,Snow/Ice,View metadata,https://npdc.ncpor.res.in/npdc/search_mf_data.action?search=title&expedition_type=Antarctic&parameter=MF1388633911&userType=user&parameter1=Snow%2FIce
Cryosphere,Snow/Ice,View metadata,https://npdc.ncpor.res.in/npdc/search_mf_data.action?search=title&expedition_type=Antarctic&parameter=MF1435584329&userType=user&parameter1=Snow%2FIce
Cryosphere,Snow/Ice,View metadata,https://npdc.ncpor.res.in/npdc/search_mf_data.action?search=title&expedition_type=Antarctic&parameter=MF148842705&userType=user&parameter1=Snow%2FIce
Cryosphere,Snow/Ice,View metadata,https://npdc.ncpor.res.in/npdc/search_mf_data.action?search=title&expedition_type=Antarctic&parameter=MF-1513308128&userType=user&parameter1=Snow%2FIce
Cryosphere,Snow/Ice,View metadata,https://npdc.ncpor.res.in/npdc/search_mf_data.action?search=title&expedition_type=Antarctic&parameter=MF1573751989&userType=user&parameter1=Snow%2FIce
Cryosphere,Snow/Ice,View metadata,https://npdc.ncpor.res.in/npdc/search_mf_data.action?search=title&expedition_type=Antarctic&parameter=MF-1586895710&userType=user&parameter1=Snow%2FIce
Cryosphere,Snow/Ice,View metadata,https://npdc.ncpor.res.in/npdc/search_mf_data.action?search=title&expedition_type=Antarctic&parameter=MF-2022704050&userType=user&parameter1=Snow%2FIce
Cryosphere,Snow/Ice,View metadata,https://npdc.ncpor.res.in/npdc/search_mf_data.action?search=title&expedition_type=Antarctic&parameter=MF2087308159&userType=user&parameter1=Snow%2FIce
Cryosphere,Snow/Ice,View metadata,https://npdc.ncpor.res.in/npdc/search_mf_data.action?search=title&expedition_type=Antarctic&parameter=MF296162716&userType=user&parameter1=Snow%2FIce
Cryosphere,Snow/Ice,View metadata,https://npdc.ncpor.res.in/npdc/search_mf_data.action?search=title&expedition_type=Antarctic&parameter=MF-314192994&userType=user&parameter1=Snow%2FIce
Cryosphere,Snow/Ice,View metadata,https://npdc.ncpor.res.in/npdc/search_mf_data.action?search=title&expedition_type=Antarctic&parameter=MF-392879724&userType=user&parameter1=Snow%2FIce
Cryosphere,Snow/Ice,View metadata,https://npdc.ncpor.res.in/npdc/search_mf_data.action?search=title&expedition_type=Antarctic&parameter=MF479279076&userType=user&parameter1=Snow%2FIce
Cryosphere,Snow/Ice,View metadata,https://npdc.ncpor.res.in/npdc/search_mf_data.action?search=title&expedition_type=Antarctic&parameter=MF489995617&userType=user&parameter1=Snow%2FIce
Cryosphere,Snow/Ice,View metadata,https://npdc.ncpor.res.in/npdc/search_mf_data.action?search=title&expedition_type=Antarctic&parameter=MF538070514&userType=user&parameter1=Snow%2FIce
Cryosphere,Snow/Ice,View metadata,https://npdc.ncpor.res.in/npdc/search_mf_data.action?search=title&expedition_type=Antarctic&parameter=MF-57301139&userType=user&parameter1=Snow%2FIce
Cryosphere,Snow/Ice,View metadata,https://npdc.ncpor.res.in/npdc/search_mf_data.action?search=title&expedition_type=Antarctic&parameter=MF-650443585&userType=user&parameter1=Snow%2FIce
Cryosphere,Snow/Ice,View metadata,https://npdc.ncpor.res.in/npdc/search_mf_data.action?search=title&expedition_type=Antarctic&parameter=MF862579655&userType=user&parameter1=Snow%2FIce
Cryosphere,Snow/Ice,View metadata,https://npdc.ncpor.res.in/npdc/search_mf_data.action?search=title&expedition_type=Antarctic&parameter=MF950701730&userType=user&parameter1=Snow%2FIce
Land Surface,Cryosphere,Search For Datasets »,https://npdc.ncpor.res.in/npdc/search_mf_title_all.action?search=title&expedition_type=all&parameter=Land+Surface&parameter1=Cryosphere#
Land Surface,Cryosphere,View metadata,https://npdc.ncpor.res.in/npdc/search_mf_data.action?search=title&expedition_type=Antarctic&parameter=MF1228079872&userType=user&parameter1=Cryosphere
Land Surface,Cryosphere,View metadata,https://npdc.ncpor.res.in/npdc/search_mf_data.action?search=title&expedition_type=Antarctic&parameter=MF-1287742935&userType=user&parameter1=Cryosphere
Land Surface,Cryosphere,View metadata,https://npdc.ncpor.res.in/npdc/search_mf_data.action?search=title&expedition_type=Antarctic&parameter=MF1368510328&userType=user&parameter1=Cryosphere
Land Surface,Cryosphere,View metadata,https://npdc.ncpor.res.in/npdc/search_mf_data.action?search=title&expedition_type=Antarctic&parameter=MF-1484746657&userType=user&parameter1=Cryosphere
Land Surface,Cryosphere,View metadata,https://npdc.ncpor.res.in/npdc/search_mf_data.action?search=title&expedition_type=Antarctic&parameter=MF-156130350&userType=user&parameter1=Cryosphere
Land Surface,Cryosphere,View metadata,https://npdc.ncpor.res.in/npdc/search_mf_data.action?search=title&expedition_type=Antarctic&parameter=MF-1599484115&userType=user&parameter1=Cryosphere
Land Surface,Cryosphere,View metadata,https://npdc.ncpor.res.in/npdc/search_mf_data.action?search=title&expedition_type=Antarctic&parameter=MF1776830700&userType=user&parameter1=Cryosphere
Land Surface,Cryosphere,View metadata,https://npdc.ncpor.res.in/npdc/search_mf_data.action?search=title&expedition_type=Antarctic&parameter=MF1934963896&userType=user&parameter1=Cryosphere
Land Surface,Erosion/Sedimentation,Search For Datasets »,https://npdc.ncpor.res.in/npdc/search_mf_title_all.action?search=title&expedition_type=all&parameter=Land+Surface&parameter1=Erosion%2FSedimentation#
Land Surface,Erosion/Sedimentation,View metadata,https://npdc.ncpor.res.in/npdc/search_mf_data.action?search=title&expedition_type=Antarctic&parameter=MF1405531432&userType=user&parameter1=Erosion%2FSedimentation
Land Surface,Erosion/Sedimentation,View metadata,https://npdc.ncpor.res.in/npdc/search_mf_data.action?search=title&expedition_type=Antarctic&parameter=MF1441320652&userType=user&parameter1=Erosion%2FSedimentation
Land Surface,Erosion/Sedimentation,View metadata,https://npdc.ncpor.res.in/npdc/search_mf_data.action?search=title&expedition_type=Antarctic&parameter=MF1442591664&userType=user&parameter1=Erosion%2FSedimentation
Land Surface,Erosion/Sedimentation,View metadata,https://npdc.ncpor.res.in/npdc/search_mf_data.action?search=title&expedition_type=Antarctic&parameter=MF-149663722&userType=user&parameter1=Erosion%2FSedimentation
Land Surface,Erosion/Sedimentation,View metadata,https://npdc.ncpor.res.in/npdc/search_mf_data.action?search=title&expedition_type=Antarctic&parameter=MF1511799197&userType=user&parameter1=Erosion%2FSedimentation
Land Surface,Erosion/Sedimentation,View metadata,https://npdc.ncpor.res.in/npdc/search_mf_data.action?search=title&expedition_type=Antarctic&parameter=MF-1816207284&userType=user&parameter1=Erosion%2FSedimentation
Land Surface,Erosion/Sedimentation,View metadata,https://npdc.ncpor.res.in/npdc/search_mf_data.action?search=title&expedition_type=Antarctic&parameter=MF-364769113&userType=user&parameter1=Erosion%2FSedimentation
Land Surface,Erosion/Sedimentation,View metadata,https://npdc.ncpor.res.in/npdc/search_mf_data.action?search=title&expedition_type=Antarctic&parameter=MF425354551&userType=user&parameter1=Erosion%2FSedimentation
Land Surface,Erosion/Sedimentation,View metadata,https://npdc.ncpor.res.in/npdc/search_mf_data.action?search=title&expedition_type=Antarctic&parameter=MF-647093263&userType=user&parameter1=Erosion%2FSedimentation
Land Surface,Erosion/Sedimentation,View metadata,https://npdc.ncpor.res.in/npdc/search_mf_data.action?search=title&expedition_type=Antarctic&parameter=MF658634638&userType=user&parameter1=Erosion%2FSedimentation
Land Surface,Erosion/Sedimentation,View metadata,https://npdc.ncpor.res.in/npdc/search_mf_data.action?search=title&expedition_type=Antarctic&parameter=MF700084825&userType=user&parameter1=Erosion%2FSedimentation
Land Surface,Erosion/Sedimentation,View metadata,https://npdc.ncpor.res.in/npdc/search_mf_data.action?search=title&expedition_type=Antarctic&parameter=MF727169882&userType=user&parameter1=Erosion%2FSedimentation
Land Surface,Erosion/Sedimentation,View metadata,https://npdc.ncpor.res.in/npdc/search_mf_data.action?search=title&expedition_type=Antarctic&parameter=MF-813302724&userType=user&parameter1=Erosion%2FSedimentation
Land Surface,Frozen Ground,Search For Datasets »,https://npdc.ncpor.res.in/npdc/search_mf_title_all.action?search=title&expedition_type=all&parameter=Land+Surface&parameter1=Frozen+Ground#
Land Surface,Geomorphology,Search For Datasets »,https://npdc.ncpor.res.in/npdc/search_mf_title_all.action?search=title&expedition_type=all&parameter=Land+Surface&parameter1=Geomorphology#
Land Surface,Geomorphology,View metadata,https://npdc.ncpor.res.in/npdc/search_mf_data.action?search=title&expedition_type=Antarctic&parameter=MF1026280142&userType=user&parameter1=Geomorphology
Land Surface,Geomorphology,View metadata,https://npdc.ncpor.res.in/npdc/search_mf_data.action?search=title&expedition_type=Antarctic&parameter=MF1033333529&userType=user&parameter1=Geomorphology
Land Surface,Geomorphology,View metadata,https://npdc.ncpor.res.in/npdc/search_mf_data.action?search=title&expedition_type=Antarctic&parameter=MF1070239106&userType=user&parameter1=Geomorphology
Land Surface,Geomorphology,View metadata,https://npdc.ncpor.res.in/npdc/search_mf_data.action?search=title&expedition_type=Antarctic&parameter=MF1088870481&userType=user&parameter1=Geomorphology
Land Surface,Geomorphology,View metadata,https://npdc.ncpor.res.in/npdc/search_mf_data.action?search=title&expedition_type=Antarctic&parameter=MF1107445805&userType=user&parameter1=Geomorphology
Land Surface,Geomorphology,View metadata,https://npdc.ncpor.res.in/npdc/search_mf_data.action?search=title&expedition_type=Antarctic&parameter=MF1237643452&userType=user&parameter1=Geomorphology
Land Surface,Geomorphology,View metadata,https://npdc.ncpor.res.in/npdc/search_mf_data.action?search=title&expedition_type=Antarctic&parameter=MF1314055387&userType=user&parameter1=Geomorphology
Land Surface,Geomorphology,View metadata,https://npdc.ncpor.res.in/npdc/search_mf_data.action?search=title&expedition_type=Antarctic&parameter=MF-1338691849&userType=user&parameter1=Geomorphology
Land Surface,Geomorphology,View metadata,https://npdc.ncpor.res.in/npdc/search_mf_data.action?search=title&expedition_type=Antarctic&parameter=MF1455132938&userType=user&parameter1=Geomorphology
Land Surface,Geomorphology,View metadata,https://npdc.ncpor.res.in/npdc/search_mf_data.action?search=title&expedition_type=Antarctic&parameter=MF1486454807&userType=user&parameter1=Geomorphology
Land Surface,Geomorphology,View metadata,https://npdc.ncpor.res.in/npdc/search_mf_data.action?search=title&expedition_type=Antarctic&parameter=MF1540467583&userType=user&parameter1=Geomorphology
Land Surface,Geomorphology,View metadata,https://npdc.ncpor.res.in/npdc/search_mf_data.action?search=title&expedition_type=Antarctic&parameter=MF1547098280&userType=user&parameter1=Geomorphology
Land Surface,Geomorphology,View metadata,https://npdc.ncpor.res.in/npdc/search_mf_data.action?search=title&expedition_type=Antarctic&parameter=MF-154948785&userType=user&parameter1=Geomorphology
Land Surface,Geomorphology,View metadata,https://npdc.ncpor.res.in/npdc/search_mf_data.action?search=title&expedition_type=Antarctic&parameter=MF1549821949&userType=user&parameter1=Geomorphology
Land Surface,Geomorphology,View metadata,https://npdc.ncpor.res.in/npdc/search_mf_data.action?search=title&expedition_type=Antarctic&parameter=MF-1697782782&userType=user&parameter1=Geomorphology
Land Surface,Geomorphology,View metadata,https://npdc.ncpor.res.in/npdc/search_mf_data.action?search=title&expedition_type=Antarctic&parameter=MF-1727067754&userType=user&parameter1=Geomorphology
Land Surface,Geomorphology,View metadata,https://npdc.ncpor.res.in/npdc/search_mf_data.action?search=title&expedition_type=Antarctic&parameter=MF-1809881555&userType=user&parameter1=Geomorphology
Land Surface,Geomorphology,View metadata,https://npdc.ncpor.res.in/npdc/search_mf_data.action?search=title&expedition_type=Antarctic&parameter=MF-1822006434&userType=user&parameter1=Geomorphology
Land Surface,Geomorphology,View metadata,https://npdc.ncpor.res.in/npdc/search_mf_data.action?search=title&expedition_type=Antarctic&parameter=MF-200152072&userType=user&parameter1=Geomorphology
Land Surface,Geomorphology,View metadata,https://npdc.ncpor.res.in/npdc/search_mf_data.action?search=title&expedition_type=Antarctic&parameter=MF-2105230920&userType=user&parameter1=Geomorphology
Land Surface,Geomorphology,View metadata,https://npdc.ncpor.res.in/npdc/search_mf_data.action?search=title&expedition_type=Antarctic&parameter=MF2106574656&userType=user&parameter1=Geomorphology
Land Surface,Geomorphology,View metadata,https://npdc.ncpor.res.in/npdc/search_mf_data.action?search=title&expedition_type=Antarctic&parameter=MF313508031&userType=user&parameter1=Geomorphology
Land Surface,Geomorphology,View metadata,https://npdc.ncpor.res.in/npdc/search_mf_data.action?search=title&expedition_type=Antarctic&parameter=MF328781258&userType=user&parameter1=Geomorphology
Land Surface,Geomorphology,View metadata,https://npdc.ncpor.res.in/npdc/search_mf_data.action?search=title&expedition_type=Antarctic&parameter=MF35008047&userType=user&parameter1=Geomorphology
Land Surface,Geomorphology,View metadata,https://npdc.ncpor.res.in/npdc/search_mf_data.action?search=title&expedition_type=Antarctic&parameter=MF-353493190&userType=user&parameter1=Geomorphology
Land Surface,Geomorphology,View metadata,https://npdc.ncpor.res.in/npdc/search_mf_data.action?search=title&expedition_type=Antarctic&parameter=MF450834486&userType=user&parameter1=Geomorphology
Land Surface,Geomorphology,View metadata,https://npdc.ncpor.res.in/npdc/search_mf_data.action?search=title&expedition_type=Antarctic&parameter=MF496129426&userType=user&parameter1=Geomorphology
Land Surface,Geomorphology,View metadata,https://npdc.ncpor.res.in/npdc/search_mf_data.action?search=title&expedition_type=Antarctic&parameter=MF-49727480&userType=user&parameter1=Geomorphology
Land Surface,Geomorphology,View metadata,https://npdc.ncpor.res.in/npdc/search_mf_data.action?search=title&expedition_type=Antarctic&parameter=MF57601962&userType=user&parameter1=Geomorphology
Land Surface,Geomorphology,View metadata,https://npdc.ncpor.res.in/npdc/search_mf_data.action?search=title&expedition_type=Antarctic&parameter=MF-675416454&userType=user&parameter1=Geomorphology
Land Surface,Geomorphology,View metadata,https://npdc.ncpor.res.in/npdc/search_mf_data.action?search=title&expedition_type=Antarctic&parameter=MF688028764&userType=user&parameter1=Geomorphology
Land Surface,Geomorphology,View metadata,https://npdc.ncpor.res.in/npdc/search_mf_data.action?search=title&expedition_type=Antarctic&parameter=MF68932197&userType=user&parameter1=Geomorphology
Land Surface,Geomorphology,View metadata,https://npdc.ncpor.res.in/npdc/search_mf_data.action?search=title&expedition_type=Antarctic&parameter=MF725582039&userType=user&parameter1=Geomorphology
Land Surface,Geomorphology,View metadata,https://npdc.ncpor.res.in/npdc/search_mf_data.action?search=title&expedition_type=Antarctic&parameter=MF-756083431&userType=user&parameter1=Geomorphology
Land Surface,Geomorphology,View metadata,https://npdc.ncpor.res.in/npdc/search_mf_data.action?search=title&expedition_type=Antarctic&parameter=MF788998260&userType=user&parameter1=Geomorphology
Land Surface,Geomorphology,View metadata,https://npdc.ncpor.res.in/npdc/search_mf_data.action?search=title&expedition_type=Antarctic&parameter=MF-829547499&userType=user&parameter1=Geomorphology
Land Surface,Geomorphology,View metadata,https://npdc.ncpor.res.in/npdc/search_mf_data.action?search=title&expedition_type=Antarctic&parameter=MF919651201&userType=user&parameter1=Geomorphology
Land Surface,Geomorphology,View metadata,https://npdc.ncpor.res.in/npdc/search_mf_data.action?search=title&expedition_type=Antarctic&parameter=MF935637463&userType=user&parameter1=Geomorphology
Land Surface,Geomorphology,View metadata,https://npdc.ncpor.res.in/npdc/search_mf_data.action?search=title&expedition_type=Antarctic&parameter=MF969345021&userType=user&parameter1=Geomorphology
Land Surface,Land Temperature,Search For Datasets »,https://npdc.ncpor.res.in/npdc/search_mf_title_all.action?search=title&expedition_type=all&parameter=Land+Surface&parameter1=Land+Temperature#
Land Surface,Land Use/Land Cover,Search For Datasets »,https://npdc.ncpor.res.in/npdc/search_mf_title_all.action?search=title&expedition_type=all&parameter=Land+Surface&parameter1=Land+Use%2FLand+Cover#
Land Surface,Land Use/Land Cover,View metadata,https://npdc.ncpor.res.in/npdc/search_mf_data.action?search=title&expedition_type=Antarctic&parameter=MF1018346060&userType=user&parameter1=Land+Use%2FLand+Cover
Land Surface,Land Use/Land Cover,View metadata,https://npdc.ncpor.res.in/npdc/search_mf_data.action?search=title&expedition_type=Antarctic&parameter=MF-1371856773&userType=user&parameter1=Land+Use%2FLand+Cover
Land Surface,Land Use/Land Cover,View metadata,https://npdc.ncpor.res.in/npdc/search_mf_data.action?search=title&expedition_type=Antarctic&parameter=MF-1401541576&userType=user&parameter1=Land+Use%2FLand+Cover
Land Surface,Land Use/Land Cover,View metadata,https://npdc.ncpor.res.in/npdc/search_mf_data.action?search=title&expedition_type=Antarctic&parameter=MF236445949&userType=user&parameter1=Land+Use%2FLand+Cover
Land Surface,Land Use/Land Cover,View metadata,https://npdc.ncpor.res.in/npdc/search_mf_data.action?search=title&expedition_type=Antarctic&parameter=MF-292595030&userType=user&parameter1=Land+Use%2FLand+Cover
Land Surface,Land Use/Land Cover,View metadata,https://npdc.ncpor.res.in/npdc/search_mf_data.action?search=title&expedition_type=Antarctic&parameter=MF-409400855&userType=user&parameter1=Land+Use%2FLand+Cover
Land Surface,Land Use/Land Cover,View metadata,https://npdc.ncpor.res.in/npdc/search_mf_data.action?search=title&expedition_type=Antarctic&parameter=MF-795063546&userType=user&parameter1=Land+Use%2FLand+Cover
Land Surface,Landscape,Search For Datasets »,https://npdc.ncpor.res.in/npdc/search_mf_title_all.action?search=title&expedition_type=all&parameter=Land+Surface&parameter1=Landscape#
Land Surface,Soils,Search For Datasets »,https://npdc.ncpor.res.in/npdc/search_mf_title_all.action?search=title&expedition_type=all&parameter=Land+Surface&parameter1=Soils#
Land Surface,Soils,View metadata,https://npdc.ncpor.res.in/npdc/search_mf_data.action?search=title&expedition_type=Antarctic&parameter=MF1189073666&userType=user&parameter1=Soils
Land Surface,Soils,View metadata,https://npdc.ncpor.res.in/npdc/search_mf_data.action?search=title&expedition_type=Antarctic&parameter=MF1309605706&userType=user&parameter1=Soils
Land Surface,Soils,View metadata,https://npdc.ncpor.res.in/npdc/search_mf_data.action?search=title&expedition_type=Antarctic&parameter=MF-1409885857&userType=user&parameter1=Soils
Land Surface,Soils,View metadata,https://npdc.ncpor.res.in/npdc/search_mf_data.action?search=title&expedition_type=Antarctic&parameter=MF-836910266&userType=user&parameter1=Soils
Land Surface,Surface Radiative Properties,Search For Datasets »,https://npdc.ncpor.res.in/npdc/search_mf_title_all.action?search=title&expedition_type=all&parameter=Land+Surface&parameter1=Surface+Radiative+Properties#
Land Surface,Surface Radiative Properties,View metadata,https://npdc.ncpor.res.in/npdc/search_mf_data.action?search=title&expedition_type=Antarctic&parameter=MF1132338669&userType=user&parameter1=Surface+Radiative+Properties
Land Surface,Surface Radiative Properties,View metadata,https://npdc.ncpor.res.in/npdc/search_mf_data.action?search=title&expedition_type=Antarctic&parameter=MF121862946&userType=user&parameter1=Surface+Radiative+Properties
Land Surface,Surface Radiative Properties,View metadata,https://npdc.ncpor.res.in/npdc/search_mf_data.action?search=title&expedition_type=Antarctic&parameter=MF1502083680&userType=user&parameter1=Surface+Radiative+Properties
Land Surface,Surface Radiative Properties,View metadata,https://npdc.ncpor.res.in/npdc/search_mf_data.action?search=title&expedition_type=Antarctic&parameter=MF-1579963769&userType=user&parameter1=Surface+Radiative+Properties
Land Surface,Surface Radiative Properties,View metadata,https://npdc.ncpor.res.in/npdc/search_mf_data.action?search=title&expedition_type=Antarctic&parameter=MF16843367&userType=user&parameter1=Surface+Radiative+Properties
Land Surface,Surface Radiative Properties,View metadata,https://npdc.ncpor.res.in/npdc/search_mf_data.action?search=title&expedition_type=Antarctic&parameter=MF1724791229&userType=user&parameter1=Surface+Radiative+Properties
Land Surface,Surface Radiative Properties,View metadata,https://npdc.ncpor.res.in/npdc/search_mf_data.action?search=title&expedition_type=Antarctic&parameter=MF1919704942&userType=user&parameter1=Surface+Radiative+Properties
Land Surface,Surface Radiative Properties,View metadata,https://npdc.ncpor.res.in/npdc/search_mf_data.action?search=title&expedition_type=Antarctic&parameter=MF1984296439&userType=user&parameter1=Surface+Radiative+Properties
Land Surface,Surface Radiative Properties,View metadata,https://npdc.ncpor.res.in/npdc/search_mf_data.action?search=title&expedition_type=Antarctic&parameter=MF-220547427&userType=user&parameter1=Surface+Radiative+Properties
Land Surface,Topography,Search For Datasets »,https://npdc.ncpor.res.in/npdc/search_mf_title_all.action?search=title&expedition_type=all&parameter=Land+Surface&parameter1=Topography#
Land Surface,Topography,View metadata,https://npdc.ncpor.res.in/npdc/search_mf_data.action?search=title&expedition_type=Antarctic&parameter=MF-1824266289&userType=user&parameter1=Topography
Land Surface,Topography,View metadata,https://npdc.ncpor.res.in/npdc/search_mf_data.action?search=title&expedition_type=Antarctic&parameter=MF-938752621&userType=user&parameter1=Topography
Land Surface,Neo-tectonics Under Category,Search For Datasets »,https://npdc.ncpor.res.in/npdc/search_mf_title_all.action?search=title&expedition_type=all&parameter=Land+Surface&parameter1=Neo-tectonics+Under+Category#
Land Surface,Neo-tectonics Under Category,View metadata,https://npdc.ncpor.res.in/npdc/search_mf_data.action?search=title&expedition_type=Antarctic&parameter=MF1056763589&userType=user&parameter1=Neo-tectonics+Under+Category
Solid Earth,Cryosphere,Search For Datasets »,https://npdc.ncpor.res.in/npdc/search_mf_title_all.action?search=title&expedition_type=all&parameter=Solid+Earth&parameter1=Cryosphere#
Solid Earth,Gamma Ray,Search For Datasets »,https://npdc.ncpor.res.in/npdc/search_mf_title_all.action?search=title&expedition_type=all&parameter=Solid+Earth&parameter1=Gamma+Ray#
Solid Earth,Infrared Wavelengths,Search For Datasets »,https://npdc.ncpor.res.in/npdc/search_mf_title_all.action?search=title&expedition_type=all&parameter=Solid+Earth&parameter1=Infrared+Wavelengths#
Solid Earth,Lidar,Search For Datasets »,https://npdc.ncpor.res.in/npdc/search_mf_title_all.action?search=title&expedition_type=all&parameter=Solid+Earth&parameter1=Lidar#
Solid Earth,Microwave,Search For Datasets »,https://npdc.ncpor.res.in/npdc/search_mf_title_all.action?search=title&expedition_type=all&parameter=Solid+Earth&parameter1=Microwave#
Solid Earth,Microwave,View metadata,https://npdc.ncpor.res.in/npdc/search_mf_data.action?search=title&expedition_type=Antarctic&parameter=MF-1321522102&userType=user&parameter1=Microwave
Solid Earth,Platform Characteristics,Search For Datasets »,https://npdc.ncpor.res.in/npdc/search_mf_title_all.action?search=title&expedition_type=all&parameter=Solid+Earth&parameter1=Platform+Characteristics#
Solid Earth,Platform Characteristics,View metadata,https://npdc.ncpor.res.in/npdc/search_mf_data.action?search=title&expedition_type=Antarctic&parameter=MF-1120626965&userType=user&parameter1=Platform+Characteristics
Solid Earth,Platform Characteristics,View metadata,https://npdc.ncpor.res.in/npdc/search_mf_data.action?search=title&expedition_type=Antarctic&parameter=MF-1509707315&userType=user&parameter1=Platform+Characteristics
Solid Earth,Platform Characteristics,View metadata,https://npdc.ncpor.res.in/npdc/search_mf_data.action?search=title&expedition_type=Antarctic&parameter=MF1780806515&userType=user&parameter1=Platform+Characteristics
Solid Earth,Platform Characteristics,View metadata,https://npdc.ncpor.res.in/npdc/search_mf_data.action?search=title&expedition_type=Antarctic&parameter=MF1945946549&userType=user&parameter1=Platform+Characteristics
Solid Earth,Platform Characteristics,View metadata,https://npdc.ncpor.res.in/npdc/search_mf_data.action?search=title&expedition_type=Antarctic&parameter=MF320973731&userType=user&parameter1=Platform+Characteristics
Solid Earth,Platform Characteristics,View metadata,https://npdc.ncpor.res.in/npdc/search_mf_data.action?search=title&expedition_type=Antarctic&parameter=MF-528454107&userType=user&parameter1=Platform+Characteristics
Solid Earth,Radar,Search For Datasets »,https://npdc.ncpor.res.in/npdc/search_mf_title_all.action?search=title&expedition_type=all&parameter=Solid+Earth&parameter1=Radar#
Solid Earth,Radar,View metadata,https://npdc.ncpor.res.in/npdc/search_mf_data.action?search=title&expedition_type=Antarctic&parameter=MF102084239&userType=user&parameter1=Radar
Solid Earth,Radio Wave,Search For Datasets »,https://npdc.ncpor.res.in/npdc/search_mf_title_all.action?search=title&expedition_type=all&parameter=Solid+Earth&parameter1=Radio+Wave#
Solid Earth,Radio Wave,View metadata,https://npdc.ncpor.res.in/npdc/search_mf_data.action?search=title&expedition_type=Antarctic&parameter=MF1246918348&userType=user&parameter1=Radio+Wave
Solid Earth,Radio Wave,View metadata,https://npdc.ncpor.res.in/npdc/search_mf_data.action?search=title&expedition_type=Antarctic&parameter=MF-185703184&userType=user&parameter1=Radio+Wave
Solid Earth,Radio Wave,View metadata,https://npdc.ncpor.res.in/npdc/search_mf_data.action?search=title&expedition_type=Antarctic&parameter=MF333391280&userType=user&parameter1=Radio+Wave
Solid Earth,Radio Wave,View metadata,https://npdc.ncpor.res.in/npdc/search_mf_data.action?search=title&expedition_type=Antarctic&parameter=MF-846106429&userType=user&parameter1=Radio+Wave
Solid Earth,Sensor Characteristics,Search For Datasets »,https://npdc.ncpor.res.in/npdc/search_mf_title_all.action?search=title&expedition_type=all&parameter=Solid+Earth&parameter1=Sensor+Characteristics#
Solid Earth,Sensor Characteristics,View metadata,https://npdc.ncpor.res.in/npdc/search_mf_data.action?search=title&expedition_type=Antarctic&parameter=MF759484444&userType=user&parameter1=Sensor+Characteristics
Solid Earth,Ultraviolet Wavelengths,Search For Datasets »,https://npdc.ncpor.res.in/npdc/search_mf_title_all.action?search=title&expedition_type=all&parameter=Solid+Earth&parameter1=Ultraviolet+Wavelengths#
Solid Earth,Visible Wavelengths,Search For Datasets »,https://npdc.ncpor.res.in/npdc/search_mf_title_all.action?search=title&expedition_type=all&parameter=Solid+Earth&parameter1=Visible+Wavelengths#
Solid Earth,Visible Wavelengths,View metadata,https://npdc.ncpor.res.in/npdc/search_mf_data.action?search=title&expedition_type=Antarctic&parameter=MF-101322345&userType=user&parameter1=Visible+Wavelengths
Solid Earth,X-Ray,Search For Datasets »,https://npdc.ncpor.res.in/npdc/search_mf_title_all.action?search=title&expedition_type=all&parameter=Solid+Earth&parameter1=X-Ray#
Solid Earth,GPS,Search For Datasets »,https://npdc.ncpor.res.in/npdc/search_mf_title_all.action?search=title&expedition_type=all&parameter=Solid+Earth&parameter1=GPS#
Solid Earth,GPS,View metadata,https://npdc.ncpor.res.in/npdc/search_mf_data.action?search=title&expedition_type=Antarctic&parameter=MF-1032489812&userType=user&parameter1=GPS
Solid Earth,GPS,View metadata,https://npdc.ncpor.res.in/npdc/search_mf_data.action?search=title&expedition_type=Antarctic&parameter=MF1343355842&userType=user&parameter1=GPS
Solid Earth,GPS,View metadata,https://npdc.ncpor.res.in/npdc/search_mf_data.action?search=title&expedition_type=Antarctic&parameter=MF1798105644&userType=user&parameter1=GPS
Solid Earth,GPS,View metadata,https://npdc.ncpor.res.in/npdc/search_mf_data.action?search=title&expedition_type=Antarctic&parameter=MF324113821&userType=user&parameter1=GPS
Solid Earth,GPS,View metadata,https://npdc.ncpor.res.in/npdc/search_mf_data.action?search=title&expedition_type=Antarctic&parameter=MF73919117&userType=user&parameter1=GPS
Solid Earth,Seismology,Search For Datasets »,https://npdc.ncpor.res.in/npdc/search_mf_title_all.action?search=title&expedition_type=all&parameter=Solid+Earth&parameter1=Seismology#
Solid Earth,Seismology,View metadata,https://npdc.ncpor.res.in/npdc/search_mf_data.action?search=title&expedition_type=Antarctic&parameter=MF1347462454&userType=user&parameter1=Seismology
Solid Earth,Seismology,View metadata,https://npdc.ncpor.res.in/npdc/search_mf_data.action?search=title&expedition_type=Antarctic&parameter=MF1399411343&userType=user&parameter1=Seismology
Solid Earth,Seismology,View metadata,https://npdc.ncpor.res.in/npdc/search_mf_data.action?search=title&expedition_type=Antarctic&parameter=MF-1448805106&userType=user&parameter1=Seismology
Solid Earth,Geomagnetism,Search For Datasets »,https://npdc.ncpor.res.in/npdc/search_mf_title_all.action?search=title&expedition_type=all&parameter=Solid+Earth&parameter1=Geomagnetism#
Solid Earth,Geomagnetism,View metadata,https://npdc.ncpor.res.in/npdc/search_mf_data.action?search=title&expedition_type=Antarctic&parameter=MF1021470910&userType=user&parameter1=Geomagnetism
Solid Earth,Geomagnetism,View metadata,https://npdc.ncpor.res.in/npdc/search_mf_data.action?search=title&expedition_type=Antarctic&parameter=MF-1341305821&userType=user&parameter1=Geomagnetism
Solid Earth,Geomagnetism,View metadata,https://npdc.ncpor.res.in/npdc/search_mf_data.action?search=title&expedition_type=Antarctic&parameter=MF-1505021754&userType=user&parameter1=Geomagnetism
Solid Earth,Geomagnetism,View metadata,https://npdc.ncpor.res.in/npdc/search_mf_data.action?search=title&expedition_type=Antarctic&parameter=MF1506653463&userType=user&parameter1=Geomagnetism
Solid Earth,Geomagnetism,View metadata,https://npdc.ncpor.res.in/npdc/search_mf_data.action?search=title&expedition_type=Antarctic&parameter=MF1714352910&userType=user&parameter1=Geomagnetism
Solid Earth,Geomagnetism,View metadata,https://npdc.ncpor.res.in/npdc/search_mf_data.action?search=title&expedition_type=Antarctic&parameter=MF-1799260534&userType=user&parameter1=Geomagnetism
Solid Earth,Geomagnetism,View metadata,https://npdc.ncpor.res.in/npdc/search_mf_data.action?search=title&expedition_type=Antarctic&parameter=MF-1964539789&userType=user&parameter1=Geomagnetism
Solid Earth,Geomagnetism,View metadata,https://npdc.ncpor.res.in/npdc/search_mf_data.action?search=title&expedition_type=Antarctic&parameter=MF2017572154&userType=user&parameter1=Geomagnetism
Solid Earth,Geomagnetism,View metadata,https://npdc.ncpor.res.in/npdc/search_mf_data.action?search=title&expedition_type=Antarctic&parameter=MF2072221816&userType=user&parameter1=Geomagnetism
Solid Earth,Geomagnetism,View metadata,https://npdc.ncpor.res.in/npdc/search_mf_data.action?search=title&expedition_type=Antarctic&parameter=MF-2113714402&userType=user&parameter1=Geomagnetism
Solid Earth,Geomagnetism,View metadata,https://npdc.ncpor.res.in/npdc/search_mf_data.action?search=title&expedition_type=Antarctic&parameter=MF-242296372&userType=user&parameter1=Geomagnetism
Solid Earth,Geomagnetism,View metadata,https://npdc.ncpor.res.in/npdc/search_mf_data.action?search=title&expedition_type=Antarctic&parameter=MF-412346391&userType=user&parameter1=Geomagnetism
Solid Earth,Geomagnetism,View metadata,https://npdc.ncpor.res.in/npdc/search_mf_data.action?search=title&expedition_type=Antarctic&parameter=MF533436304&userType=user&parameter1=Geomagnetism
Solid Earth,Geomagnetism,View metadata,https://npdc.ncpor.res.in/npdc/search_mf_data.action?search=title&expedition_type=Antarctic&parameter=MF548077926&userType=user&parameter1=Geomagnetism
Solid Earth,Geomagnetism,View metadata,https://npdc.ncpor.res.in/npdc/search_mf_data.action?search=title&expedition_type=Antarctic&parameter=MF782719729&userType=user&parameter1=Geomagnetism
Solid Earth,Geomagnetism,View metadata,https://npdc.ncpor.res.in/npdc/search_mf_data.action?search=title&expedition_type=Antarctic&parameter=MF870417918&userType=user&parameter1=Geomagnetism
Solid Earth,Geomagnetism,View metadata,https://npdc.ncpor.res.in/npdc/search_mf_data.action?search=title&expedition_type=Antarctic&parameter=MF-95904342&userType=user&parameter1=Geomagnetism
Climate Indicators,Air Temperature Indices,Search For Datasets »,https://npdc.ncpor.res.in/npdc/search_mf_title_all.action?search=title&expedition_type=all&parameter=Climate+Indicators&parameter1=Air+Temperature+Indices#
Climate Indicators,Cryosphere,Search For Datasets »,https://npdc.ncpor.res.in/npdc/search_mf_title_all.action?search=title&expedition_type=all&parameter=Climate+Indicators&parameter1=Cryosphere#
Climate Indicators,Drought/Precipitation Indices,Search For Datasets »,https://npdc.ncpor.res.in/npdc/search_mf_title_all.action?search=title&expedition_type=all&parameter=Climate+Indicators&parameter1=Drought%2FPrecipitation+Indices#
Climate Indicators,Humidity Indices,Search For Datasets »,https://npdc.ncpor.res.in/npdc/search_mf_title_all.action?search=title&expedition_type=all&parameter=Climate+Indicators&parameter1=Humidity+Indices#
Climate Indicators,Humidity Indices,View metadata,https://npdc.ncpor.res.in/npdc/search_mf_data.action?search=title&expedition_type=Antarctic&parameter=MF-1122911681&userType=user&parameter1=Humidity+Indices
Climate Indicators,Humidity Indices,View metadata,https://npdc.ncpor.res.in/npdc/search_mf_data.action?search=title&expedition_type=Antarctic&parameter=MF988961010&userType=user&parameter1=Humidity+Indices
Climate Indicators,Hydrologic/Ocean Indices,Search For Datasets »,https://npdc.ncpor.res.in/npdc/search_mf_title_all.action?search=title&expedition_type=all&parameter=Climate+Indicators&parameter1=Hydrologic%2FOcean+Indices#
Climate Indicators,Ocean/Sst Indices,Search For Datasets »,https://npdc.ncpor.res.in/npdc/search_mf_title_all.action?search=title&expedition_type=all&parameter=Climate+Indicators&parameter1=Ocean%2FSst+Indices#
Climate Indicators,Teleconnections,Search For Datasets »,https://npdc.ncpor.res.in/npdc/search_mf_title_all.action?search=title&expedition_type=all&parameter=Climate+Indicators&parameter1=Teleconnections#
Climate Indicators,Teleconnections,View metadata,https://npdc.ncpor.res.in/npdc/search_mf_data.action?search=title&expedition_type=Antarctic&parameter=MF-38592753&userType=user&parameter1=Teleconnections
Oceans,Cryosphere,Search For Datasets »,https://npdc.ncpor.res.in/npdc/search_mf_title_all.action?search=title&expedition_type=all&parameter=Oceans&parameter1=Cryosphere#
Oceans,Ice Core Records,Search For Datasets »,https://npdc.ncpor.res.in/npdc/search_mf_title_all.action?search=title&expedition_type=all&parameter=Oceans&parameter1=Ice+Core+Records#
Oceans,Ice Core Records,View metadata,https://npdc.ncpor.res.in/npdc/search_mf_data.action?search=title&expedition_type=Antarctic&parameter=MF5854938&userType=user&parameter1=Ice+Core+Records
Oceans,Land Records,Search For Datasets »,https://npdc.ncpor.res.in/npdc/search_mf_title_all.action?search=title&expedition_type=all&parameter=Oceans&parameter1=Land+Records#
Oceans,Ocean/Lake Records,Search For Datasets »,https://npdc.ncpor.res.in/npdc/search_mf_title_all.action?search=title&expedition_type=all&parameter=Oceans&parameter1=Ocean%2FLake+Records#
Oceans,Ocean/Lake Records,View metadata,https://npdc.ncpor.res.in/npdc/search_mf_data.action?search=title&expedition_type=Antarctic&parameter=MF-100501207&userType=user&parameter1=Ocean%2FLake+Records
Oceans,Ocean/Lake Records,View metadata,https://npdc.ncpor.res.in/npdc/search_mf_data.action?search=title&expedition_type=Antarctic&parameter=MF-1233772888&userType=user&parameter1=Ocean%2FLake+Records
Oceans,Ocean/Lake Records,View metadata,https://npdc.ncpor.res.in/npdc/search_mf_data.action?search=title&expedition_type=Antarctic&parameter=MF1538274814&userType=user&parameter1=Ocean%2FLake+Records
Oceans,Ocean/Lake Records,View metadata,https://npdc.ncpor.res.in/npdc/search_mf_data.action?search=title&expedition_type=Antarctic&parameter=MF1644702152&userType=user&parameter1=Ocean%2FLake+Records
Oceans,Ocean/Lake Records,View metadata,https://npdc.ncpor.res.in/npdc/search_mf_data.action?search=title&expedition_type=Antarctic&parameter=MF-1805469594&userType=user&parameter1=Ocean%2FLake+Records
Oceans,Ocean/Lake Records,View metadata,https://npdc.ncpor.res.in/npdc/search_mf_data.action?search=title&expedition_type=Antarctic&parameter=MF1813996142&userType=user&parameter1=Ocean%2FLake+Records
Oceans,Ocean/Lake Records,View metadata,https://npdc.ncpor.res.in/npdc/search_mf_data.action?search=title&expedition_type=Antarctic&parameter=MF-1905225060&userType=user&parameter1=Ocean%2FLake+Records
Oceans,Ocean/Lake Records,View metadata,https://npdc.ncpor.res.in/npdc/search_mf_data.action?search=title&expedition_type=Antarctic&parameter=MF278769800&userType=user&parameter1=Ocean%2FLake+Records
Oceans,Ocean/Lake Records,View metadata,https://npdc.ncpor.res.in/npdc/search_mf_data.action?search=title&expedition_type=Antarctic&parameter=MF-817887221&userType=user&parameter1=Ocean%2FLake+Records
Oceans,Paleoclimate Reconstructions,Search For Datasets »,https://npdc.ncpor.res.in/npdc/search_mf_title_all.action?search=title&expedition_type=all&parameter=Oceans&parameter1=Paleoclimate+Reconstructions#
Oceans,Paleoclimate Reconstructions,View metadata,https://npdc.ncpor.res.in/npdc/search_mf_data.action?search=title&expedition_type=Antarctic&parameter=MF-838389367&userType=user&parameter1=Paleoclimate+Reconstructions
Oceans,Paleoclimate Reconstructions,View metadata,https://npdc.ncpor.res.in/npdc/search_mf_data.action?search=title&expedition_type=Antarctic&parameter=MF-862366320&userType=user&parameter1=Paleoclimate+Reconstructions
Oceans,Nutrients,Search For Datasets »,https://npdc.ncpor.res.in/npdc/search_mf_title_all.action?search=title&expedition_type=all&parameter=Oceans&parameter1=Nutrients#
Oceans,Nutrients,View metadata,https://npdc.ncpor.res.in/npdc/search_mf_data.action?search=title&expedition_type=Antarctic&parameter=MF1214152549&userType=user&parameter1=Nutrients
Oceans,Nutrients,View metadata,https://npdc.ncpor.res.in/npdc/search_mf_data.action?search=title&expedition_type=Antarctic&parameter=MF946521606&userType=user&parameter1=Nutrients
Oceans,Hydrography,Search For Datasets »,https://npdc.ncpor.res.in/npdc/search_mf_title_all.action?search=title&expedition_type=all&parameter=Oceans&parameter1=Hydrography#
Oceans,Hydrography,View metadata,https://npdc.ncpor.res.in/npdc/search_mf_data.action?search=title&expedition_type=Antarctic&parameter=MF-100862053&userType=user&parameter1=Hydrography
Oceans,Hydrography,View metadata,https://npdc.ncpor.res.in/npdc/search_mf_data.action?search=title&expedition_type=Antarctic&parameter=MF1083863503&userType=user&parameter1=Hydrography
Oceans,Hydrography,View metadata,https://npdc.ncpor.res.in/npdc/search_mf_data.action?search=title&expedition_type=Antarctic&parameter=MF-1131211289&userType=user&parameter1=Hydrography
Oceans,Hydrography,View metadata,https://npdc.ncpor.res.in/npdc/search_mf_data.action?search=title&expedition_type=Antarctic&parameter=MF1192610194&userType=user&parameter1=Hydrography
Oceans,Hydrography,View metadata,https://npdc.ncpor.res.in/npdc/search_mf_data.action?search=title&expedition_type=Antarctic&parameter=MF-1226110192&userType=user&parameter1=Hydrography
Oceans,Hydrography,View metadata,https://npdc.ncpor.res.in/npdc/search_mf_data.action?search=title&expedition_type=Antarctic&parameter=MF-1258431576&userType=user&parameter1=Hydrography
Oceans,Hydrography,View metadata,https://npdc.ncpor.res.in/npdc/search_mf_data.action?search=title&expedition_type=Antarctic&parameter=MF1316220995&userType=user&parameter1=Hydrography
Oceans,Hydrography,View metadata,https://npdc.ncpor.res.in/npdc/search_mf_data.action?search=title&expedition_type=Antarctic&parameter=MF-1403659609&userType=user&parameter1=Hydrography
Oceans,Hydrography,View metadata,https://npdc.ncpor.res.in/npdc/search_mf_data.action?search=title&expedition_type=Antarctic&parameter=MF-1508623474&userType=user&parameter1=Hydrography
Oceans,Hydrography,View metadata,https://npdc.ncpor.res.in/npdc/search_mf_data.action?search=title&expedition_type=Antarctic&parameter=MF1595117103&userType=user&parameter1=Hydrography
Oceans,Hydrography,View metadata,https://npdc.ncpor.res.in/npdc/search_mf_data.action?search=title&expedition_type=Antarctic&parameter=MF-1606972723&userType=user&parameter1=Hydrography
Oceans,Hydrography,View metadata,https://npdc.ncpor.res.in/npdc/search_mf_data.action?search=title&expedition_type=Antarctic&parameter=MF1663087645&userType=user&parameter1=Hydrography
Oceans,Hydrography,View metadata,https://npdc.ncpor.res.in/npdc/search_mf_data.action?search=title&expedition_type=Antarctic&parameter=MF-1724136404&userType=user&parameter1=Hydrography
Oceans,Hydrography,View metadata,https://npdc.ncpor.res.in/npdc/search_mf_data.action?search=title&expedition_type=Antarctic&parameter=MF-1797703879&userType=user&parameter1=Hydrography
Oceans,Hydrography,View metadata,https://npdc.ncpor.res.in/npdc/search_mf_data.action?search=title&expedition_type=Antarctic&parameter=MF1845002399&userType=user&parameter1=Hydrography
Oceans,Hydrography,View metadata,https://npdc.ncpor.res.in/npdc/search_mf_data.action?search=title&expedition_type=Antarctic&parameter=MF1941431040&userType=user&parameter1=Hydrography
Oceans,Hydrography,View metadata,https://npdc.ncpor.res.in/npdc/search_mf_data.action?search=title&expedition_type=Antarctic&parameter=MF1953883562&userType=user&parameter1=Hydrography
Oceans,Hydrography,View metadata,https://npdc.ncpor.res.in/npdc/search_mf_data.action?search=title&expedition_type=Antarctic&parameter=MF1977657583&userType=user&parameter1=Hydrography
Oceans,Hydrography,View metadata,https://npdc.ncpor.res.in/npdc/search_mf_data.action?search=title&expedition_type=Antarctic&parameter=MF-2019276381&userType=user&parameter1=Hydrography
Oceans,Hydrography,View metadata,https://npdc.ncpor.res.in/npdc/search_mf_data.action?search=title&expedition_type=Antarctic&parameter=MF-210859916&userType=user&parameter1=Hydrography
Oceans,Hydrography,View metadata,https://npdc.ncpor.res.in/npdc/search_mf_data.action?search=title&expedition_type=Antarctic&parameter=MF-238689907&userType=user&parameter1=Hydrography
Oceans,Hydrography,View metadata,https://npdc.ncpor.res.in/npdc/search_mf_data.action?search=title&expedition_type=Antarctic&parameter=MF349029746&userType=user&parameter1=Hydrography
Oceans,Hydrography,View metadata,https://npdc.ncpor.res.in/npdc/search_mf_data.action?search=title&expedition_type=Antarctic&parameter=MF-364717268&userType=user&parameter1=Hydrography
Oceans,Hydrography,View metadata,https://npdc.ncpor.res.in/npdc/search_mf_data.action?search=title&expedition_type=Antarctic&parameter=MF380631295&userType=user&parameter1=Hydrography
Oceans,Hydrography,View metadata,https://npdc.ncpor.res.in/npdc/search_mf_data.action?search=title&expedition_type=Antarctic&parameter=MF419996960&userType=user&parameter1=Hydrography
Oceans,Hydrography,View metadata,https://npdc.ncpor.res.in/npdc/search_mf_data.action?search=title&expedition_type=Antarctic&parameter=MF486530935&userType=user&parameter1=Hydrography
Oceans,Hydrography,View metadata,https://npdc.ncpor.res.in/npdc/search_mf_data.action?search=title&expedition_type=Antarctic&parameter=MF-702961977&userType=user&parameter1=Hydrography
Oceans,Hydrography,View metadata,https://npdc.ncpor.res.in/npdc/search_mf_data.action?search=title&expedition_type=Antarctic&parameter=MF74681786&userType=user&parameter1=Hydrography
Oceans,Hydrography,View metadata,https://npdc.ncpor.res.in/npdc/search_mf_data.action?search=title&expedition_type=Antarctic&parameter=MF762870727&userType=user&parameter1=Hydrography
Oceans,Hydrography,View metadata,https://npdc.ncpor.res.in/npdc/search_mf_data.action?search=title&expedition_type=Antarctic&parameter=MF765739865&userType=user&parameter1=Hydrography
Oceans,Hydrography,View metadata,https://npdc.ncpor.res.in/npdc/search_mf_data.action?search=title&expedition_type=Antarctic&parameter=MF81046161&userType=user&parameter1=Hydrography
Oceans,Marine Biology,Search For Datasets »,https://npdc.ncpor.res.in/npdc/search_mf_title_all.action?search=title&expedition_type=all&parameter=Oceans&parameter1=Marine+Biology#
Oceans,Marine Biology,View metadata,https://npdc.ncpor.res.in/npdc/search_mf_data.action?search=title&expedition_type=Antarctic&parameter=MF1009924710&userType=user&parameter1=Marine+Biology
Oceans,Marine Biology,View metadata,https://npdc.ncpor.res.in/npdc/search_mf_data.action?search=title&expedition_type=Antarctic&parameter=MF-1028833193&userType=user&parameter1=Marine+Biology
Oceans,Marine Biology,View metadata,https://npdc.ncpor.res.in/npdc/search_mf_data.action?search=title&expedition_type=Antarctic&parameter=MF-1063007214&userType=user&parameter1=Marine+Biology
Oceans,Marine Biology,View metadata,https://npdc.ncpor.res.in/npdc/search_mf_data.action?search=title&expedition_type=Antarctic&parameter=MF1099484218&userType=user&parameter1=Marine+Biology
Oceans,Marine Biology,View metadata,https://npdc.ncpor.res.in/npdc/search_mf_data.action?search=title&expedition_type=Antarctic&parameter=MF1120348787&userType=user&parameter1=Marine+Biology
Oceans,Marine Biology,View metadata,https://npdc.ncpor.res.in/npdc/search_mf_data.action?search=title&expedition_type=Antarctic&parameter=MF-1140669269&userType=user&parameter1=Marine+Biology
Oceans,Marine Biology,View metadata,https://npdc.ncpor.res.in/npdc/search_mf_data.action?search=title&expedition_type=Antarctic&parameter=MF1184815620&userType=user&parameter1=Marine+Biology
Oceans,Marine Biology,View metadata,https://npdc.ncpor.res.in/npdc/search_mf_data.action?search=title&expedition_type=Antarctic&parameter=MF1187394985&userType=user&parameter1=Marine+Biology
Oceans,Marine Biology,View metadata,https://npdc.ncpor.res.in/npdc/search_mf_data.action?search=title&expedition_type=Antarctic&parameter=MF1250469748&userType=user&parameter1=Marine+Biology
Oceans,Marine Biology,View metadata,https://npdc.ncpor.res.in/npdc/search_mf_data.action?search=title&expedition_type=Antarctic&parameter=MF-1310388670&userType=user&parameter1=Marine+Biology
Oceans,Marine Biology,View metadata,https://npdc.ncpor.res.in/npdc/search_mf_data.action?search=title&expedition_type=Antarctic&parameter=MF-1327536366&userType=user&parameter1=Marine+Biology
Oceans,Marine Biology,View metadata,https://npdc.ncpor.res.in/npdc/search_mf_data.action?search=title&expedition_type=Antarctic&parameter=MF1350156264&userType=user&parameter1=Marine+Biology
Oceans,Marine Biology,View metadata,https://npdc.ncpor.res.in/npdc/search_mf_data.action?search=title&expedition_type=Antarctic&parameter=MF1389400221&userType=user&parameter1=Marine+Biology
Oceans,Marine Biology,View metadata,https://npdc.ncpor.res.in/npdc/search_mf_data.action?search=title&expedition_type=Antarctic&parameter=MF-1396711306&userType=user&parameter1=Marine+Biology
Oceans,Marine Biology,View metadata,https://npdc.ncpor.res.in/npdc/search_mf_data.action?search=title&expedition_type=Antarctic&parameter=MF141673196&userType=user&parameter1=Marine+Biology
Oceans,Marine Biology,View metadata,https://npdc.ncpor.res.in/npdc/search_mf_data.action?search=title&expedition_type=Antarctic&parameter=MF-1437212382&userType=user&parameter1=Marine+Biology
Oceans,Marine Biology,View metadata,https://npdc.ncpor.res.in/npdc/search_mf_data.action?search=title&expedition_type=Antarctic&parameter=MF1438945727&userType=user&parameter1=Marine+Biology
Oceans,Marine Biology,View metadata,https://npdc.ncpor.res.in/npdc/search_mf_data.action?search=title&expedition_type=Antarctic&parameter=MF-1460338455&userType=user&parameter1=Marine+Biology
Oceans,Marine Biology,View metadata,https://npdc.ncpor.res.in/npdc/search_mf_data.action?search=title&expedition_type=Antarctic&parameter=MF-147809996&userType=user&parameter1=Marine+Biology
Oceans,Marine Biology,View metadata,https://npdc.ncpor.res.in/npdc/search_mf_data.action?search=title&expedition_type=Antarctic&parameter=MF-1537769262&userType=user&parameter1=Marine+Biology
Oceans,Marine Biology,View metadata,https://npdc.ncpor.res.in/npdc/search_mf_data.action?search=title&expedition_type=Antarctic&parameter=MF1567622986&userType=user&parameter1=Marine+Biology
Oceans,Marine Biology,View metadata,https://npdc.ncpor.res.in/npdc/search_mf_data.action?search=title&expedition_type=Antarctic&parameter=MF1573672542&userType=user&parameter1=Marine+Biology
Oceans,Marine Biology,View metadata,https://npdc.ncpor.res.in/npdc/search_mf_data.action?search=title&expedition_type=Antarctic&parameter=MF1589442174&userType=user&parameter1=Marine+Biology
Oceans,Marine Biology,View metadata,https://npdc.ncpor.res.in/npdc/search_mf_data.action?search=title&expedition_type=Antarctic&parameter=MF1656246092&userType=user&parameter1=Marine+Biology
Oceans,Marine Biology,View metadata,https://npdc.ncpor.res.in/npdc/search_mf_data.action?search=title&expedition_type=Antarctic&parameter=MF-1697753396&userType=user&parameter1=Marine+Biology
Oceans,Marine Biology,View metadata,https://npdc.ncpor.res.in/npdc/search_mf_data.action?search=title&expedition_type=Antarctic&parameter=MF1713730246&userType=user&parameter1=Marine+Biology
Oceans,Marine Biology,View metadata,https://npdc.ncpor.res.in/npdc/search_mf_data.action?search=title&expedition_type=Antarctic&parameter=MF176370553&userType=user&parameter1=Marine+Biology
Oceans,Marine Biology,View metadata,https://npdc.ncpor.res.in/npdc/search_mf_data.action?search=title&expedition_type=Antarctic&parameter=MF179011010&userType=user&parameter1=Marine+Biology
Oceans,Marine Biology,View metadata,https://npdc.ncpor.res.in/npdc/search_mf_data.action?search=title&expedition_type=Antarctic&parameter=MF-1792823140&userType=user&parameter1=Marine+Biology
Oceans,Marine Biology,View metadata,https://npdc.ncpor.res.in/npdc/search_mf_data.action?search=title&expedition_type=Antarctic&parameter=MF-1800000849&userType=user&parameter1=Marine+Biology
Oceans,Marine Biology,View metadata,https://npdc.ncpor.res.in/npdc/search_mf_data.action?search=title&expedition_type=Antarctic&parameter=MF-1813275453&userType=user&parameter1=Marine+Biology
Oceans,Marine Biology,View metadata,https://npdc.ncpor.res.in/npdc/search_mf_data.action?search=title&expedition_type=Antarctic&parameter=MF-1863235713&userType=user&parameter1=Marine+Biology
Oceans,Marine Biology,View metadata,https://npdc.ncpor.res.in/npdc/search_mf_data.action?search=title&expedition_type=Antarctic&parameter=MF-187221999&userType=user&parameter1=Marine+Biology
Oceans,Marine Biology,View metadata,https://npdc.ncpor.res.in/npdc/search_mf_data.action?search=title&expedition_type=Antarctic&parameter=MF-1878673974&userType=user&parameter1=Marine+Biology
Oceans,Marine Biology,View metadata,https://npdc.ncpor.res.in/npdc/search_mf_data.action?search=title&expedition_type=Antarctic&parameter=MF1902786312&userType=user&parameter1=Marine+Biology
Oceans,Marine Biology,View metadata,https://npdc.ncpor.res.in/npdc/search_mf_data.action?search=title&expedition_type=Antarctic&parameter=MF1931004325&userType=user&parameter1=Marine+Biology
Oceans,Marine Biology,View metadata,https://npdc.ncpor.res.in/npdc/search_mf_data.action?search=title&expedition_type=Antarctic&parameter=MF-1946892952&userType=user&parameter1=Marine+Biology
Oceans,Marine Biology,View metadata,https://npdc.ncpor.res.in/npdc/search_mf_data.action?search=title&expedition_type=Antarctic&parameter=MF1985027121&userType=user&parameter1=Marine+Biology
Oceans,Marine Biology,View metadata,https://npdc.ncpor.res.in/npdc/search_mf_data.action?search=title&expedition_type=Antarctic&parameter=MF-1989872130&userType=user&parameter1=Marine+Biology
Oceans,Marine Biology,View metadata,https://npdc.ncpor.res.in/npdc/search_mf_data.action?search=title&expedition_type=Antarctic&parameter=MF1996874605&userType=user&parameter1=Marine+Biology
Oceans,Marine Biology,View metadata,https://npdc.ncpor.res.in/npdc/search_mf_data.action?search=title&expedition_type=Antarctic&parameter=MF-2026290732&userType=user&parameter1=Marine+Biology
Oceans,Marine Biology,View metadata,https://npdc.ncpor.res.in/npdc/search_mf_data.action?search=title&expedition_type=Antarctic&parameter=MF2040578758&userType=user&parameter1=Marine+Biology
Oceans,Marine Biology,View metadata,https://npdc.ncpor.res.in/npdc/search_mf_data.action?search=title&expedition_type=Antarctic&parameter=MF2091938303&userType=user&parameter1=Marine+Biology
Oceans,Marine Biology,View metadata,https://npdc.ncpor.res.in/npdc/search_mf_data.action?search=title&expedition_type=Antarctic&parameter=MF2093056981&userType=user&parameter1=Marine+Biology
Oceans,Marine Biology,View metadata,https://npdc.ncpor.res.in/npdc/search_mf_data.action?search=title&expedition_type=Antarctic&parameter=MF2129833470&userType=user&parameter1=Marine+Biology
Oceans,Marine Biology,View metadata,https://npdc.ncpor.res.in/npdc/search_mf_data.action?search=title&expedition_type=Antarctic&parameter=MF231647134&userType=user&parameter1=Marine+Biology
Oceans,Marine Biology,View metadata,https://npdc.ncpor.res.in/npdc/search_mf_data.action?search=title&expedition_type=Antarctic&parameter=MF237215916&userType=user&parameter1=Marine+Biology
Oceans,Marine Biology,View metadata,https://npdc.ncpor.res.in/npdc/search_mf_data.action?search=title&expedition_type=Antarctic&parameter=MF240429725&userType=user&parameter1=Marine+Biology
Oceans,Marine Biology,View metadata,https://npdc.ncpor.res.in/npdc/search_mf_data.action?search=title&expedition_type=Antarctic&parameter=MF-271326907&userType=user&parameter1=Marine+Biology
Oceans,Marine Biology,View metadata,https://npdc.ncpor.res.in/npdc/search_mf_data.action?search=title&expedition_type=Antarctic&parameter=MF-31179508&userType=user&parameter1=Marine+Biology
Oceans,Marine Biology,View metadata,https://npdc.ncpor.res.in/npdc/search_mf_data.action?search=title&expedition_type=Antarctic&parameter=MF322512498&userType=user&parameter1=Marine+Biology
Oceans,Marine Biology,View metadata,https://npdc.ncpor.res.in/npdc/search_mf_data.action?search=title&expedition_type=Antarctic&parameter=MF395543658&userType=user&parameter1=Marine+Biology
Oceans,Marine Biology,View metadata,https://npdc.ncpor.res.in/npdc/search_mf_data.action?search=title&expedition_type=Antarctic&parameter=MF-414760406&userType=user&parameter1=Marine+Biology
Oceans,Marine Biology,View metadata,https://npdc.ncpor.res.in/npdc/search_mf_data.action?search=title&expedition_type=Antarctic&parameter=MF-423521680&userType=user&parameter1=Marine+Biology
Oceans,Marine Biology,View metadata,https://npdc.ncpor.res.in/npdc/search_mf_data.action?search=title&expedition_type=Antarctic&parameter=MF-439895192&userType=user&parameter1=Marine+Biology
Oceans,Marine Biology,View metadata,https://npdc.ncpor.res.in/npdc/search_mf_data.action?search=title&expedition_type=Antarctic&parameter=MF-45982546&userType=user&parameter1=Marine+Biology
Oceans,Marine Biology,View metadata,https://npdc.ncpor.res.in/npdc/search_mf_data.action?search=title&expedition_type=Antarctic&parameter=MF-469945225&userType=user&parameter1=Marine+Biology
Oceans,Marine Biology,View metadata,https://npdc.ncpor.res.in/npdc/search_mf_data.action?search=title&expedition_type=Antarctic&parameter=MF505734719&userType=user&parameter1=Marine+Biology
Oceans,Marine Biology,View metadata,https://npdc.ncpor.res.in/npdc/search_mf_data.action?search=title&expedition_type=Antarctic&parameter=MF520910885&userType=user&parameter1=Marine+Biology
Oceans,Marine Biology,View metadata,https://npdc.ncpor.res.in/npdc/search_mf_data.action?search=title&expedition_type=Antarctic&parameter=MF-559950111&userType=user&parameter1=Marine+Biology
Oceans,Marine Biology,View metadata,https://npdc.ncpor.res.in/npdc/search_mf_data.action?search=title&expedition_type=Antarctic&parameter=MF562848021&userType=user&parameter1=Marine+Biology
Oceans,Marine Biology,View metadata,https://npdc.ncpor.res.in/npdc/search_mf_data.action?search=title&expedition_type=Antarctic&parameter=MF57376294&userType=user&parameter1=Marine+Biology
Oceans,Marine Biology,View metadata,https://npdc.ncpor.res.in/npdc/search_mf_data.action?search=title&expedition_type=Antarctic&parameter=MF-578768882&userType=user&parameter1=Marine+Biology
Oceans,Marine Biology,View metadata,https://npdc.ncpor.res.in/npdc/search_mf_data.action?search=title&expedition_type=Antarctic&parameter=MF61839084&userType=user&parameter1=Marine+Biology
Oceans,Marine Biology,View metadata,https://npdc.ncpor.res.in/npdc/search_mf_data.action?search=title&expedition_type=Antarctic&parameter=MF694279131&userType=user&parameter1=Marine+Biology
Oceans,Marine Biology,View metadata,https://npdc.ncpor.res.in/npdc/search_mf_data.action?search=title&expedition_type=Antarctic&parameter=MF-720333860&userType=user&parameter1=Marine+Biology
Oceans,Marine Biology,View metadata,https://npdc.ncpor.res.in/npdc/search_mf_data.action?search=title&expedition_type=Antarctic&parameter=MF720863339&userType=user&parameter1=Marine+Biology
Oceans,Marine Biology,View metadata,https://npdc.ncpor.res.in/npdc/search_mf_data.action?search=title&expedition_type=Antarctic&parameter=MF765804796&userType=user&parameter1=Marine+Biology
Oceans,Marine Biology,View metadata,https://npdc.ncpor.res.in/npdc/search_mf_data.action?search=title&expedition_type=Antarctic&parameter=MF-797450143&userType=user&parameter1=Marine+Biology
Oceans,Marine Biology,View metadata,https://npdc.ncpor.res.in/npdc/search_mf_data.action?search=title&expedition_type=Antarctic&parameter=MF843012454&userType=user&parameter1=Marine+Biology
Oceans,Marine Biology,View metadata,https://npdc.ncpor.res.in/npdc/search_mf_data.action?search=title&expedition_type=Antarctic&parameter=MF-916944342&userType=user&parameter1=Marine+Biology
Oceans,Marine Biology,View metadata,https://npdc.ncpor.res.in/npdc/search_mf_data.action?search=title&expedition_type=Antarctic&parameter=MF970152690&userType=user&parameter1=Marine+Biology
Oceans,Marine Biology,View metadata,https://npdc.ncpor.res.in/npdc/search_mf_data.action?search=title&expedition_type=Antarctic&parameter=MF97745217&userType=user&parameter1=Marine+Biology
Oceans,Chlorophyll A,Search For Datasets »,https://npdc.ncpor.res.in/npdc/search_mf_title_all.action?search=title&expedition_type=all&parameter=Oceans&parameter1=Chlorophyll+A#
Oceans,Chlorophyll A,View metadata,https://npdc.ncpor.res.in/npdc/search_mf_data.action?search=title&expedition_type=Antarctic&parameter=MF1083713303&userType=user&parameter1=Chlorophyll+A
Oceans,Ocean Acoustics,Search For Datasets »,https://npdc.ncpor.res.in/npdc/search_mf_title_all.action?search=title&expedition_type=all&parameter=Oceans&parameter1=Ocean+Acoustics#
Oceans,Ocean Acoustics,View metadata,https://npdc.ncpor.res.in/npdc/search_mf_data.action?search=title&expedition_type=Antarctic&parameter=MF1086893325&userType=user&parameter1=Ocean+Acoustics
Oceans,Ocean Acoustics,View metadata,https://npdc.ncpor.res.in/npdc/search_mf_data.action?search=title&expedition_type=Antarctic&parameter=MF-395983194&userType=user&parameter1=Ocean+Acoustics
Oceans,Marine Environment Monitoring,Search For Datasets »,https://npdc.ncpor.res.in/npdc/search_mf_title_all.action?search=title&expedition_type=all&parameter=Oceans&parameter1=Marine+Environment+Monitoring#
Oceans,Marine Environment Monitoring,View metadata,https://npdc.ncpor.res.in/npdc/search_mf_data.action?search=title&expedition_type=Antarctic&parameter=MF-1055704795&userType=user&parameter1=Marine+Environment+Monitoring
Oceans,Marine Environment Monitoring,View metadata,https://npdc.ncpor.res.in/npdc/search_mf_data.action?search=title&expedition_type=Antarctic&parameter=MF-40021189&userType=user&parameter1=Marine+Environment+Monitoring
Oceans,Marine Environment Monitoring,View metadata,https://npdc.ncpor.res.in/npdc/search_mf_data.action?search=title&expedition_type=Antarctic&parameter=MF-824391956&userType=user&parameter1=Marine+Environment+Monitoring
Oceans,Ocean Chemistry,Search For Datasets »,https://npdc.ncpor.res.in/npdc/search_mf_title_all.action?search=title&expedition_type=all&parameter=Oceans&parameter1=Ocean+Chemistry#
Oceans,Ocean Chemistry,View metadata,https://npdc.ncpor.res.in/npdc/search_mf_data.action?search=title&expedition_type=Antarctic&parameter=MF-1305359573&userType=user&parameter1=Ocean+Chemistry
Oceans,Ocean Chemistry,View metadata,https://npdc.ncpor.res.in/npdc/search_mf_data.action?search=title&expedition_type=Antarctic&parameter=MF1896195888&userType=user&parameter1=Ocean+Chemistry
Oceans,Ocean Chemistry,View metadata,https://npdc.ncpor.res.in/npdc/search_mf_data.action?search=title&expedition_type=Antarctic&parameter=MF-58388570&userType=user&parameter1=Ocean+Chemistry
Oceans,Marine Sediments,Search For Datasets »,https://npdc.ncpor.res.in/npdc/search_mf_title_all.action?search=title&expedition_type=all&parameter=Oceans&parameter1=Marine+Sediments#
Oceans,Marine Sediments,View metadata,https://npdc.ncpor.res.in/npdc/search_mf_data.action?search=title&expedition_type=Antarctic&parameter=MF1830609505&userType=user&parameter1=Marine+Sediments
Oceans,Marine Sediments,View metadata,https://npdc.ncpor.res.in/npdc/search_mf_data.action?search=title&expedition_type=Antarctic&parameter=MF-902219577&userType=user&parameter1=Marine+Sediments
Oceans,Aquatic Sciences,Search For Datasets »,https://npdc.ncpor.res.in/npdc/search_mf_title_all.action?search=title&expedition_type=all&parameter=Oceans&parameter1=Aquatic+Sciences#
Oceans,Aquatic Sciences,View metadata,https://npdc.ncpor.res.in/npdc/search_mf_data.action?search=title&expedition_type=Antarctic&parameter=MF-689322151&userType=user&parameter1=Aquatic+Sciences
Oceans,Biogeochemistry,Search For Datasets »,https://npdc.ncpor.res.in/npdc/search_mf_title_all.action?search=title&expedition_type=all&parameter=Oceans&parameter1=Biogeochemistry#
Oceans,Biogeochemistry,View metadata,https://npdc.ncpor.res.in/npdc/search_mf_data.action?search=title&expedition_type=Antarctic&parameter=MF207021161&userType=user&parameter1=Biogeochemistry
Oceans,Biogeochemistry,View metadata,https://npdc.ncpor.res.in/npdc/search_mf_data.action?search=title&expedition_type=Antarctic&parameter=MF491336883&userType=user&parameter1=Biogeochemistry
Oceans,Biogeochemistry,View metadata,https://npdc.ncpor.res.in/npdc/search_mf_data.action?search=title&expedition_type=Antarctic&parameter=MF65526467&userType=user&parameter1=Biogeochemistry
Biological Classification,Animals/Invertebrates,Search For Datasets »,https://npdc.ncpor.res.in/npdc/search_mf_title_all.action?search=title&expedition_type=all&parameter=Biological+Classification&parameter1=Animals%2FInvertebrates#
Biological Classification,Animals/Invertebrates,View metadata,https://npdc.ncpor.res.in/npdc/search_mf_data.action?search=title&expedition_type=Antarctic&parameter=MF-1246064135&userType=user&parameter1=Animals%2FInvertebrates
Biological Classification,Animals/Invertebrates,View metadata,https://npdc.ncpor.res.in/npdc/search_mf_data.action?search=title&expedition_type=Antarctic&parameter=MF-1269793111&userType=user&parameter1=Animals%2FInvertebrates
Biological Classification,Animals/Invertebrates,View metadata,https://npdc.ncpor.res.in/npdc/search_mf_data.action?search=title&expedition_type=Antarctic&parameter=MF-1351820050&userType=user&parameter1=Animals%2FInvertebrates
Biological Classification,Animals/Invertebrates,View metadata,https://npdc.ncpor.res.in/npdc/search_mf_data.action?search=title&expedition_type=Antarctic&parameter=MF1426947047&userType=user&parameter1=Animals%2FInvertebrates
Biological Classification,Animals/Invertebrates,View metadata,https://npdc.ncpor.res.in/npdc/search_mf_data.action?search=title&expedition_type=Antarctic&parameter=MF-154658320&userType=user&parameter1=Animals%2FInvertebrates
Biological Classification,Animals/Invertebrates,View metadata,https://npdc.ncpor.res.in/npdc/search_mf_data.action?search=title&expedition_type=Antarctic&parameter=MF-1563310994&userType=user&parameter1=Animals%2FInvertebrates
Biological Classification,Animals/Invertebrates,View metadata,https://npdc.ncpor.res.in/npdc/search_mf_data.action?search=title&expedition_type=Antarctic&parameter=MF-188035375&userType=user&parameter1=Animals%2FInvertebrates
Biological Classification,Animals/Invertebrates,View metadata,https://npdc.ncpor.res.in/npdc/search_mf_data.action?search=title&expedition_type=Antarctic&parameter=MF-2102837063&userType=user&parameter1=Animals%2FInvertebrates
Biological Classification,Animals/Invertebrates,View metadata,https://npdc.ncpor.res.in/npdc/search_mf_data.action?search=title&expedition_type=Antarctic&parameter=MF466888319&userType=user&parameter1=Animals%2FInvertebrates
Biological Classification,Animals/Invertebrates,View metadata,https://npdc.ncpor.res.in/npdc/search_mf_data.action?search=title&expedition_type=Antarctic&parameter=MF-470699660&userType=user&parameter1=Animals%2FInvertebrates
Biological Classification,Animals/Invertebrates,View metadata,https://npdc.ncpor.res.in/npdc/search_mf_data.action?search=title&expedition_type=Antarctic&parameter=MF-590312837&userType=user&parameter1=Animals%2FInvertebrates
Biological Classification,Animals/Invertebrates,View metadata,https://npdc.ncpor.res.in/npdc/search_mf_data.action?search=title&expedition_type=Antarctic&parameter=MF648719857&userType=user&parameter1=Animals%2FInvertebrates
Biological Classification,Animals/Invertebrates,View metadata,https://npdc.ncpor.res.in/npdc/search_mf_data.action?search=title&expedition_type=Antarctic&parameter=MF-752962958&userType=user&parameter1=Animals%2FInvertebrates
Biological Classification,Animals/Invertebrates,View metadata,https://npdc.ncpor.res.in/npdc/search_mf_data.action?search=title&expedition_type=Antarctic&parameter=MF791738601&userType=user&parameter1=Animals%2FInvertebrates
Biological Classification,Animals/Invertebrates,View metadata,https://npdc.ncpor.res.in/npdc/search_mf_data.action?search=title&expedition_type=Antarctic&parameter=MF876477242&userType=user&parameter1=Animals%2FInvertebrates
Biological Classification,Animals/Invertebrates,View metadata,https://npdc.ncpor.res.in/npdc/search_mf_data.action?search=title&expedition_type=Antarctic&parameter=MF-948258641&userType=user&parameter1=Animals%2FInvertebrates
Biological Classification,Animals/Vertebrates,Search For Datasets »,https://npdc.ncpor.res.in/npdc/search_mf_title_all.action?search=title&expedition_type=all&parameter=Biological+Classification&parameter1=Animals%2FVertebrates#
Biological Classification,Animals/Vertebrates,View metadata,https://npdc.ncpor.res.in/npdc/search_mf_data.action?search=title&expedition_type=Antarctic&parameter=MF1357281574&userType=user&parameter1=Animals%2FVertebrates
Biological Classification,Animals/Vertebrates,View metadata,https://npdc.ncpor.res.in/npdc/search_mf_data.action?search=title&expedition_type=Antarctic&parameter=MF-137842315&userType=user&parameter1=Animals%2FVertebrates
Biological Classification,Animals/Vertebrates,View metadata,https://npdc.ncpor.res.in/npdc/search_mf_data.action?search=title&expedition_type=Antarctic&parameter=MF-1647477400&userType=user&parameter1=Animals%2FVertebrates
Biological Classification,Animals/Vertebrates,View metadata,https://npdc.ncpor.res.in/npdc/search_mf_data.action?search=title&expedition_type=Antarctic&parameter=MF1768977829&userType=user&parameter1=Animals%2FVertebrates
Biological Classification,Animals/Vertebrates,View metadata,https://npdc.ncpor.res.in/npdc/search_mf_data.action?search=title&expedition_type=Antarctic&parameter=MF-2056571959&userType=user&parameter1=Animals%2FVertebrates
Biological Classification,Animals/Vertebrates,View metadata,https://npdc.ncpor.res.in/npdc/search_mf_data.action?search=title&expedition_type=Antarctic&parameter=MF-236910987&userType=user&parameter1=Animals%2FVertebrates
Biological Classification,Animals/Vertebrates,View metadata,https://npdc.ncpor.res.in/npdc/search_mf_data.action?search=title&expedition_type=Antarctic&parameter=MF347699478&userType=user&parameter1=Animals%2FVertebrates
Biological Classification,Animals/Vertebrates,View metadata,https://npdc.ncpor.res.in/npdc/search_mf_data.action?search=title&expedition_type=Antarctic&parameter=MF-45340021&userType=user&parameter1=Animals%2FVertebrates
Biological Classification,Animals/Vertebrates,View metadata,https://npdc.ncpor.res.in/npdc/search_mf_data.action?search=title&expedition_type=Antarctic&parameter=MF697313424&userType=user&parameter1=Animals%2FVertebrates
Biological Classification,Animals/Vertebrates,View metadata,https://npdc.ncpor.res.in/npdc/search_mf_data.action?search=title&expedition_type=Antarctic&parameter=MF714405845&userType=user&parameter1=Animals%2FVertebrates
Biological Classification,Bacteria/Archaea,Search For Datasets »,https://npdc.ncpor.res.in/npdc/search_mf_title_all.action?search=title&expedition_type=all&parameter=Biological+Classification&parameter1=Bacteria%2FArchaea#
Biological Classification,Bacteria/Archaea,View metadata,https://npdc.ncpor.res.in/npdc/search_mf_data.action?search=title&expedition_type=Antarctic&parameter=MF-1063646385&userType=user&parameter1=Bacteria%2FArchaea
Biological Classification,Bacteria/Archaea,View metadata,https://npdc.ncpor.res.in/npdc/search_mf_data.action?search=title&expedition_type=Antarctic&parameter=MF1148107366&userType=user&parameter1=Bacteria%2FArchaea
Biological Classification,Bacteria/Archaea,View metadata,https://npdc.ncpor.res.in/npdc/search_mf_data.action?search=title&expedition_type=Antarctic&parameter=MF1205240488&userType=user&parameter1=Bacteria%2FArchaea
Biological Classification,Bacteria/Archaea,View metadata,https://npdc.ncpor.res.in/npdc/search_mf_data.action?search=title&expedition_type=Antarctic&parameter=MF13436131&userType=user&parameter1=Bacteria%2FArchaea
Biological Classification,Bacteria/Archaea,View metadata,https://npdc.ncpor.res.in/npdc/search_mf_data.action?search=title&expedition_type=Antarctic&parameter=MF1409461554&userType=user&parameter1=Bacteria%2FArchaea
Biological Classification,Bacteria/Archaea,View metadata,https://npdc.ncpor.res.in/npdc/search_mf_data.action?search=title&expedition_type=Antarctic&parameter=MF1768463279&userType=user&parameter1=Bacteria%2FArchaea
Biological Classification,Bacteria/Archaea,View metadata,https://npdc.ncpor.res.in/npdc/search_mf_data.action?search=title&expedition_type=Antarctic&parameter=MF-1805707039&userType=user&parameter1=Bacteria%2FArchaea
Biological Classification,Bacteria/Archaea,View metadata,https://npdc.ncpor.res.in/npdc/search_mf_data.action?search=title&expedition_type=Antarctic&parameter=MF-189528739&userType=user&parameter1=Bacteria%2FArchaea
Biological Classification,Bacteria/Archaea,View metadata,https://npdc.ncpor.res.in/npdc/search_mf_data.action?search=title&expedition_type=Antarctic&parameter=MF2012937334&userType=user&parameter1=Bacteria%2FArchaea
Biological Classification,Bacteria/Archaea,View metadata,https://npdc.ncpor.res.in/npdc/search_mf_data.action?search=title&expedition_type=Antarctic&parameter=MF-2045932283&userType=user&parameter1=Bacteria%2FArchaea
Biological Classification,Bacteria/Archaea,View metadata,https://npdc.ncpor.res.in/npdc/search_mf_data.action?search=title&expedition_type=Antarctic&parameter=MF-2056597253&userType=user&parameter1=Bacteria%2FArchaea
Biological Classification,Bacteria/Archaea,View metadata,https://npdc.ncpor.res.in/npdc/search_mf_data.action?search=title&expedition_type=Antarctic&parameter=MF-517854992&userType=user&parameter1=Bacteria%2FArchaea
Biological Classification,Bacteria/Archaea,View metadata,https://npdc.ncpor.res.in/npdc/search_mf_data.action?search=title&expedition_type=Antarctic&parameter=MF786176442&userType=user&parameter1=Bacteria%2FArchaea
Biological Classification,Bacteria/Archaea,View metadata,https://npdc.ncpor.res.in/npdc/search_mf_data.action?search=title&expedition_type=Antarctic&parameter=MF-886038293&userType=user&parameter1=Bacteria%2FArchaea
Biological Classification,Bacteria/Archaea,View metadata,https://npdc.ncpor.res.in/npdc/search_mf_data.action?search=title&expedition_type=Antarctic&parameter=MF975888875&userType=user&parameter1=Bacteria%2FArchaea
Biological Classification,Cryosphere,Search For Datasets »,https://npdc.ncpor.res.in/npdc/search_mf_title_all.action?search=title&expedition_type=all&parameter=Biological+Classification&parameter1=Cryosphere#
Biological Classification,Cryosphere,View metadata,https://npdc.ncpor.res.in/npdc/search_mf_data.action?search=title&expedition_type=Antarctic&parameter=MF638031375&userType=user&parameter1=Cryosphere
Biological Classification,Fungi,Search For Datasets »,https://npdc.ncpor.res.in/npdc/search_mf_title_all.action?search=title&expedition_type=all&parameter=Biological+Classification&parameter1=Fungi#
Biological Classification,Fungi,View metadata,https://npdc.ncpor.res.in/npdc/search_mf_data.action?search=title&expedition_type=Antarctic&parameter=MF-549814581&userType=user&parameter1=Fungi
Biological Classification,Fungi,View metadata,https://npdc.ncpor.res.in/npdc/search_mf_data.action?search=title&expedition_type=Antarctic&parameter=MF647630091&userType=user&parameter1=Fungi
Biological Classification,Plants,Search For Datasets »,https://npdc.ncpor.res.in/npdc/search_mf_title_all.action?search=title&expedition_type=all&parameter=Biological+Classification&parameter1=Plants#
Biological Classification,Plants,View metadata,https://npdc.ncpor.res.in/npdc/search_mf_data.action?search=title&expedition_type=Antarctic&parameter=MF1087509904&userType=user&parameter1=Plants
Biological Classification,Plants,View metadata,https://npdc.ncpor.res.in/npdc/search_mf_data.action?search=title&expedition_type=Antarctic&parameter=MF-1114244276&userType=user&parameter1=Plants
Biological Classification,Plants,View metadata,https://npdc.ncpor.res.in/npdc/search_mf_data.action?search=title&expedition_type=Antarctic&parameter=MF1130287777&userType=user&parameter1=Plants
Biological Classification,Plants,View metadata,https://npdc.ncpor.res.in/npdc/search_mf_data.action?search=title&expedition_type=Antarctic&parameter=MF1903851904&userType=user&parameter1=Plants
Biological Classification,Plants,View metadata,https://npdc.ncpor.res.in/npdc/search_mf_data.action?search=title&expedition_type=Antarctic&parameter=MF-2021736199&userType=user&parameter1=Plants
Biological Classification,Plants,View metadata,https://npdc.ncpor.res.in/npdc/search_mf_data.action?search=title&expedition_type=Antarctic&parameter=MF377597392&userType=user&parameter1=Plants
Biological Classification,Plants,View metadata,https://npdc.ncpor.res.in/npdc/search_mf_data.action?search=title&expedition_type=Antarctic&parameter=MF-436141736&userType=user&parameter1=Plants
Biological Classification,Plants,View metadata,https://npdc.ncpor.res.in/npdc/search_mf_data.action?search=title&expedition_type=Antarctic&parameter=MF448624358&userType=user&parameter1=Plants
Biological Classification,Plants,View metadata,https://npdc.ncpor.res.in/npdc/search_mf_data.action?search=title&expedition_type=Antarctic&parameter=MF653173872&userType=user&parameter1=Plants
Biological Classification,Plants,View metadata,https://npdc.ncpor.res.in/npdc/search_mf_data.action?search=title&expedition_type=Antarctic&parameter=MF-899838366&userType=user&parameter1=Plants
Biological Classification,Protists,Search For Datasets »,https://npdc.ncpor.res.in/npdc/search_mf_title_all.action?search=title&expedition_type=all&parameter=Biological+Classification&parameter1=Protists#
Biological Classification,Viruses,Search For Datasets »,https://npdc.ncpor.res.in/npdc/search_mf_title_all.action?search=title&expedition_type=all&parameter=Biological+Classification&parameter1=Viruses#
Biological Classification,Viruses,View metadata,https://npdc.ncpor.res.in/npdc/search_mf_data.action?search=title&expedition_type=Antarctic&parameter=MF2110433293&userType=user&parameter1=Viruses
Biological Classification,Viruses,View metadata,https://npdc.ncpor.res.in/npdc/search_mf_data.action?search=title&expedition_type=Antarctic&parameter=MF-54660888&userType=user&parameter1=Viruses
Biological Classification,Viruses,View metadata,https://npdc.ncpor.res.in/npdc/search_mf_data.action?search=title&expedition_type=Antarctic&parameter=MF-918478730&userType=user&parameter1=Viruses
Biological Classification,Viruses,View metadata,https://npdc.ncpor.res.in/npdc/search_mf_data.action?search=title&expedition_type=Antarctic&parameter=MF-923835617&userType=user&parameter1=Viruses
Paleoclimate,Cryosphere,Search For Datasets »,https://npdc.ncpor.res.in/npdc/search_mf_title_all.action?search=title&expedition_type=all&parameter=Paleoclimate&parameter1=Cryosphere#
Paleoclimate,Cryosphere,View metadata,https://npdc.ncpor.res.in/npdc/search_mf_data.action?search=title&expedition_type=Antarctic&parameter=MF-330539663&userType=user&parameter1=Cryosphere
Paleoclimate,Cryosphere,View metadata,https://npdc.ncpor.res.in/npdc/search_mf_data.action?search=title&expedition_type=Antarctic&parameter=MF627317396&userType=user&parameter1=Cryosphere
Paleoclimate,Cryosphere,View metadata,https://npdc.ncpor.res.in/npdc/search_mf_data.action?search=title&expedition_type=Antarctic&parameter=MF-699452213&userType=user&parameter1=Cryosphere
Paleoclimate,Cryosphere,View metadata,https://npdc.ncpor.res.in/npdc/search_mf_data.action?search=title&expedition_type=Antarctic&parameter=MF92770072&userType=user&parameter1=Cryosphere
Paleoclimate,Geodetics/Gravity,Search For Datasets »,https://npdc.ncpor.res.in/npdc/search_mf_title_all.action?search=title&expedition_type=all&parameter=Paleoclimate&parameter1=Geodetics%2FGravity#
Paleoclimate,Geodetics/Gravity,View metadata,https://npdc.ncpor.res.in/npdc/search_mf_data.action?search=title&expedition_type=Antarctic&parameter=MF-1399059381&userType=user&parameter1=Geodetics%2FGravity
Paleoclimate,Geodetics/Gravity,View metadata,https://npdc.ncpor.res.in/npdc/search_mf_data.action?search=title&expedition_type=Antarctic&parameter=MF-1449587078&userType=user&parameter1=Geodetics%2FGravity
Paleoclimate,Geodetics/Gravity,View metadata,https://npdc.ncpor.res.in/npdc/search_mf_data.action?search=title&expedition_type=Antarctic&parameter=MF-168398259&userType=user&parameter1=Geodetics%2FGravity
Paleoclimate,Geodetics/Gravity,View metadata,https://npdc.ncpor.res.in/npdc/search_mf_data.action?search=title&expedition_type=Antarctic&parameter=MF-1707640253&userType=user&parameter1=Geodetics%2FGravity
Paleoclimate,Geodetics/Gravity,View metadata,https://npdc.ncpor.res.in/npdc/search_mf_data.action?search=title&expedition_type=Antarctic&parameter=MF-212708227&userType=user&parameter1=Geodetics%2FGravity
Paleoclimate,Geodetics/Gravity,View metadata,https://npdc.ncpor.res.in/npdc/search_mf_data.action?search=title&expedition_type=Antarctic&parameter=MF-326706521&userType=user&parameter1=Geodetics%2FGravity
Paleoclimate,Geodetics/Gravity,View metadata,https://npdc.ncpor.res.in/npdc/search_mf_data.action?search=title&expedition_type=Antarctic&parameter=MF-390565204&userType=user&parameter1=Geodetics%2FGravity
Paleoclimate,Geodetics/Gravity,View metadata,https://npdc.ncpor.res.in/npdc/search_mf_data.action?search=title&expedition_type=Antarctic&parameter=MF43011722&userType=user&parameter1=Geodetics%2FGravity
Paleoclimate,Geodetics/Gravity,View metadata,https://npdc.ncpor.res.in/npdc/search_mf_data.action?search=title&expedition_type=Antarctic&parameter=MF-512987571&userType=user&parameter1=Geodetics%2FGravity
Paleoclimate,Geodetics/Gravity,View metadata,https://npdc.ncpor.res.in/npdc/search_mf_data.action?search=title&expedition_type=Antarctic&parameter=MF-525009078&userType=user&parameter1=Geodetics%2FGravity
Paleoclimate,Geodetics/Gravity,View metadata,https://npdc.ncpor.res.in/npdc/search_mf_data.action?search=title&expedition_type=Antarctic&parameter=MF622714780&userType=user&parameter1=Geodetics%2FGravity
Paleoclimate,Geomagnetism,Search For Datasets »,https://npdc.ncpor.res.in/npdc/search_mf_title_all.action?search=title&expedition_type=all&parameter=Paleoclimate&parameter1=Geomagnetism#
Paleoclimate,Geomagnetism,View metadata,https://npdc.ncpor.res.in/npdc/search_mf_data.action?search=title&expedition_type=Antarctic&parameter=MF1031837582&userType=user&parameter1=Geomagnetism
Paleoclimate,Geomagnetism,View metadata,https://npdc.ncpor.res.in/npdc/search_mf_data.action?search=title&expedition_type=Antarctic&parameter=MF1253092719&userType=user&parameter1=Geomagnetism
Paleoclimate,Geomagnetism,View metadata,https://npdc.ncpor.res.in/npdc/search_mf_data.action?search=title&expedition_type=Antarctic&parameter=MF127449245&userType=user&parameter1=Geomagnetism
Paleoclimate,Geomagnetism,View metadata,https://npdc.ncpor.res.in/npdc/search_mf_data.action?search=title&expedition_type=Antarctic&parameter=MF1281902238&userType=user&parameter1=Geomagnetism
Paleoclimate,Geomagnetism,View metadata,https://npdc.ncpor.res.in/npdc/search_mf_data.action?search=title&expedition_type=Antarctic&parameter=MF144277088&userType=user&parameter1=Geomagnetism
Paleoclimate,Geomagnetism,View metadata,https://npdc.ncpor.res.in/npdc/search_mf_data.action?search=title&expedition_type=Antarctic&parameter=MF-1477477616&userType=user&parameter1=Geomagnetism
Paleoclimate,Geomagnetism,View metadata,https://npdc.ncpor.res.in/npdc/search_mf_data.action?search=title&expedition_type=Antarctic&parameter=MF-1828702179&userType=user&parameter1=Geomagnetism
Paleoclimate,Geomagnetism,View metadata,https://npdc.ncpor.res.in/npdc/search_mf_data.action?search=title&expedition_type=Antarctic&parameter=MF-485865760&userType=user&parameter1=Geomagnetism
Paleoclimate,Geomagnetism,View metadata,https://npdc.ncpor.res.in/npdc/search_mf_data.action?search=title&expedition_type=Antarctic&parameter=MF614795519&userType=user&parameter1=Geomagnetism
Paleoclimate,Geomagnetism,View metadata,https://npdc.ncpor.res.in/npdc/search_mf_data.action?search=title&expedition_type=Antarctic&parameter=MF853090250&userType=user&parameter1=Geomagnetism
Paleoclimate,Geomagnetism,View metadata,https://npdc.ncpor.res.in/npdc/search_mf_data.action?search=title&expedition_type=Antarctic&parameter=MF932902&userType=user&parameter1=Geomagnetism
Paleoclimate,Geomorphology,Search For Datasets »,https://npdc.ncpor.res.in/npdc/search_mf_title_all.action?search=title&expedition_type=all&parameter=Paleoclimate&parameter1=Geomorphology#
Paleoclimate,Geomorphology,View metadata,https://npdc.ncpor.res.in/npdc/search_mf_data.action?search=title&expedition_type=Antarctic&parameter=MF1143859246&userType=user&parameter1=Geomorphology
Paleoclimate,Geomorphology,View metadata,https://npdc.ncpor.res.in/npdc/search_mf_data.action?search=title&expedition_type=Antarctic&parameter=MF1276469964&userType=user&parameter1=Geomorphology
Paleoclimate,Geomorphology,View metadata,https://npdc.ncpor.res.in/npdc/search_mf_data.action?search=title&expedition_type=Antarctic&parameter=MF1333512387&userType=user&parameter1=Geomorphology
Paleoclimate,Geomorphology,View metadata,https://npdc.ncpor.res.in/npdc/search_mf_data.action?search=title&expedition_type=Antarctic&parameter=MF-1359710801&userType=user&parameter1=Geomorphology
Paleoclimate,Geomorphology,View metadata,https://npdc.ncpor.res.in/npdc/search_mf_data.action?search=title&expedition_type=Antarctic&parameter=MF-1362618173&userType=user&parameter1=Geomorphology
Paleoclimate,Geomorphology,View metadata,https://npdc.ncpor.res.in/npdc/search_mf_data.action?search=title&expedition_type=Antarctic&parameter=MF1389595286&userType=user&parameter1=Geomorphology
Paleoclimate,Geomorphology,View metadata,https://npdc.ncpor.res.in/npdc/search_mf_data.action?search=title&expedition_type=Antarctic&parameter=MF1578209593&userType=user&parameter1=Geomorphology
Paleoclimate,Geomorphology,View metadata,https://npdc.ncpor.res.in/npdc/search_mf_data.action?search=title&expedition_type=Antarctic&parameter=MF1825864006&userType=user&parameter1=Geomorphology
Paleoclimate,Geomorphology,View metadata,https://npdc.ncpor.res.in/npdc/search_mf_data.action?search=title&expedition_type=Antarctic&parameter=MF-295080713&userType=user&parameter1=Geomorphology
Paleoclimate,Geomorphology,View metadata,https://npdc.ncpor.res.in/npdc/search_mf_data.action?search=title&expedition_type=Antarctic&parameter=MF365504389&userType=user&parameter1=Geomorphology
Paleoclimate,Geomorphology,View metadata,https://npdc.ncpor.res.in/npdc/search_mf_data.action?search=title&expedition_type=Antarctic&parameter=MF-855057419&userType=user&parameter1=Geomorphology
Paleoclimate,Geothermal,Search For Datasets »,https://npdc.ncpor.res.in/npdc/search_mf_title_all.action?search=title&expedition_type=all&parameter=Paleoclimate&parameter1=Geothermal#
Paleoclimate,Natural Resources,Search For Datasets »,https://npdc.ncpor.res.in/npdc/search_mf_title_all.action?search=title&expedition_type=all&parameter=Paleoclimate&parameter1=Natural+Resources#
Paleoclimate,Natural Resources,View metadata,https://npdc.ncpor.res.in/npdc/search_mf_data.action?search=title&expedition_type=Antarctic&parameter=MF1497877265&userType=user&parameter1=Natural+Resources
Paleoclimate,Natural Resources,View metadata,https://npdc.ncpor.res.in/npdc/search_mf_data.action?search=title&expedition_type=Antarctic&parameter=MF1531547455&userType=user&parameter1=Natural+Resources
Paleoclimate,Natural Resources,View metadata,https://npdc.ncpor.res.in/npdc/search_mf_data.action?search=title&expedition_type=Antarctic&parameter=MF-1790966753&userType=user&parameter1=Natural+Resources
Paleoclimate,Natural Resources,View metadata,https://npdc.ncpor.res.in/npdc/search_mf_data.action?search=title&expedition_type=Antarctic&parameter=MF-621412777&userType=user&parameter1=Natural+Resources
Paleoclimate,Natural Resources,View metadata,https://npdc.ncpor.res.in/npdc/search_mf_data.action?search=title&expedition_type=Antarctic&parameter=MF-762736715&userType=user&parameter1=Natural+Resources
Paleoclimate,Rocks/Minerals,Search For Datasets »,https://npdc.ncpor.res.in/npdc/search_mf_title_all.action?search=title&expedition_type=all&parameter=Paleoclimate&parameter1=Rocks%2FMinerals#
Paleoclimate,Rocks/Minerals,View metadata,https://npdc.ncpor.res.in/npdc/search_mf_data.action?search=title&expedition_type=Antarctic&parameter=MF1031906638&userType=user&parameter1=Rocks%2FMinerals
Paleoclimate,Rocks/Minerals,View metadata,https://npdc.ncpor.res.in/npdc/search_mf_data.action?search=title&expedition_type=Antarctic&parameter=MF1442751669&userType=user&parameter1=Rocks%2FMinerals
Paleoclimate,Rocks/Minerals,View metadata,https://npdc.ncpor.res.in/npdc/search_mf_data.action?search=title&expedition_type=Antarctic&parameter=MF-1961563578&userType=user&parameter1=Rocks%2FMinerals
Paleoclimate,Rocks/Minerals,View metadata,https://npdc.ncpor.res.in/npdc/search_mf_data.action?search=title&expedition_type=Antarctic&parameter=MF-2066276754&userType=user&parameter1=Rocks%2FMinerals
Paleoclimate,Rocks/Minerals,View metadata,https://npdc.ncpor.res.in/npdc/search_mf_data.action?search=title&expedition_type=Antarctic&parameter=MF-37144684&userType=user&parameter1=Rocks%2FMinerals
Paleoclimate,Rocks/Minerals,View metadata,https://npdc.ncpor.res.in/npdc/search_mf_data.action?search=title&expedition_type=Antarctic&parameter=MF492976147&userType=user&parameter1=Rocks%2FMinerals
Paleoclimate,Rocks/Minerals,View metadata,https://npdc.ncpor.res.in/npdc/search_mf_data.action?search=title&expedition_type=Antarctic&parameter=MF569387463&userType=user&parameter1=Rocks%2FMinerals
Paleoclimate,Rocks/Minerals,View metadata,https://npdc.ncpor.res.in/npdc/search_mf_data.action?search=title&expedition_type=Antarctic&parameter=MF-59300802&userType=user&parameter1=Rocks%2FMinerals
Paleoclimate,Rocks/Minerals,View metadata,https://npdc.ncpor.res.in/npdc/search_mf_data.action?search=title&expedition_type=Antarctic&parameter=MF646976836&userType=user&parameter1=Rocks%2FMinerals
Paleoclimate,Rocks/Minerals,View metadata,https://npdc.ncpor.res.in/npdc/search_mf_data.action?search=title&expedition_type=Antarctic&parameter=MF842689635&userType=user&parameter1=Rocks%2FMinerals
Paleoclimate,Rocks/Minerals,View metadata,https://npdc.ncpor.res.in/npdc/search_mf_data.action?search=title&expedition_type=Antarctic&parameter=MF-923833382&userType=user&parameter1=Rocks%2FMinerals
Paleoclimate,Seismology,Search For Datasets »,https://npdc.ncpor.res.in/npdc/search_mf_title_all.action?search=title&expedition_type=all&parameter=Paleoclimate&parameter1=Seismology#
Paleoclimate,Seismology,View metadata,https://npdc.ncpor.res.in/npdc/search_mf_data.action?search=title&expedition_type=Antarctic&parameter=MF-1003780455&userType=user&parameter1=Seismology
Paleoclimate,Seismology,View metadata,https://npdc.ncpor.res.in/npdc/search_mf_data.action?search=title&expedition_type=Antarctic&parameter=MF-1159141829&userType=user&parameter1=Seismology
Paleoclimate,Seismology,View metadata,https://npdc.ncpor.res.in/npdc/search_mf_data.action?search=title&expedition_type=Antarctic&parameter=MF-1160502714&userType=user&parameter1=Seismology
Paleoclimate,Seismology,View metadata,https://npdc.ncpor.res.in/npdc/search_mf_data.action?search=title&expedition_type=Antarctic&parameter=MF-1411393709&userType=user&parameter1=Seismology
Paleoclimate,Seismology,View metadata,https://npdc.ncpor.res.in/npdc/search_mf_data.action?search=title&expedition_type=Antarctic&parameter=MF-1525972863&userType=user&parameter1=Seismology
Paleoclimate,Seismology,View metadata,https://npdc.ncpor.res.in/npdc/search_mf_data.action?search=title&expedition_type=Antarctic&parameter=MF1843414908&userType=user&parameter1=Seismology
Paleoclimate,Seismology,View metadata,https://npdc.ncpor.res.in/npdc/search_mf_data.action?search=title&expedition_type=Antarctic&parameter=MF1866508556&userType=user&parameter1=Seismology
Paleoclimate,Seismology,View metadata,https://npdc.ncpor.res.in/npdc/search_mf_data.action?search=title&expedition_type=Antarctic&parameter=MF-1877057559&userType=user&parameter1=Seismology
Paleoclimate,Seismology,View metadata,https://npdc.ncpor.res.in/npdc/search_mf_data.action?search=title&expedition_type=Antarctic&parameter=MF1929412074&userType=user&parameter1=Seismology
Paleoclimate,Seismology,View metadata,https://npdc.ncpor.res.in/npdc/search_mf_data.action?search=title&expedition_type=Antarctic&parameter=MF-1993480788&userType=user&parameter1=Seismology
Paleoclimate,Seismology,View metadata,https://npdc.ncpor.res.in/npdc/search_mf_data.action?search=title&expedition_type=Antarctic&parameter=MF-209217305&userType=user&parameter1=Seismology
Paleoclimate,Seismology,View metadata,https://npdc.ncpor.res.in/npdc/search_mf_data.action?search=title&expedition_type=Antarctic&parameter=MF-2113094850&userType=user&parameter1=Seismology
Paleoclimate,Seismology,View metadata,https://npdc.ncpor.res.in/npdc/search_mf_data.action?search=title&expedition_type=Antarctic&parameter=MF303863086&userType=user&parameter1=Seismology
Paleoclimate,Seismology,View metadata,https://npdc.ncpor.res.in/npdc/search_mf_data.action?search=title&expedition_type=Antarctic&parameter=MF-528214127&userType=user&parameter1=Seismology
Paleoclimate,Seismology,View metadata,https://npdc.ncpor.res.in/npdc/search_mf_data.action?search=title&expedition_type=Antarctic&parameter=MF-550904713&userType=user&parameter1=Seismology
Paleoclimate,Seismology,View metadata,https://npdc.ncpor.res.in/npdc/search_mf_data.action?search=title&expedition_type=Antarctic&parameter=MF686030524&userType=user&parameter1=Seismology
Paleoclimate,Tectonics,Search For Datasets »,https://npdc.ncpor.res.in/npdc/search_mf_title_all.action?search=title&expedition_type=all&parameter=Paleoclimate&parameter1=Tectonics#
Paleoclimate,Volcanoes,Search For Datasets »,https://npdc.ncpor.res.in/npdc/search_mf_title_all.action?search=title&expedition_type=all&parameter=Paleoclimate&parameter1=Volcanoes#
Paleoclimate,Geo-Chemistry,Search For Datasets »,https://npdc.ncpor.res.in/npdc/search_mf_title_all.action?search=title&expedition_type=all&parameter=Paleoclimate&parameter1=Geo-Chemistry#
Paleoclimate,Geo-Chemistry,View metadata,https://npdc.ncpor.res.in/npdc/search_mf_data.action?search=title&expedition_type=Antarctic&parameter=MF-1058364706&userType=user&parameter1=Geo-Chemistry
Paleoclimate,Geo-Chemistry,View metadata,https://npdc.ncpor.res.in/npdc/search_mf_data.action?search=title&expedition_type=Antarctic&parameter=MF1578714119&userType=user&parameter1=Geo-Chemistry
Paleoclimate,Geo-Chemistry,View metadata,https://npdc.ncpor.res.in/npdc/search_mf_data.action?search=title&expedition_type=Antarctic&parameter=MF-1607503720&userType=user&parameter1=Geo-Chemistry
Paleoclimate,Geo-Chemistry,View metadata,https://npdc.ncpor.res.in/npdc/search_mf_data.action?search=title&expedition_type=Antarctic&parameter=MF1876834167&userType=user&parameter1=Geo-Chemistry
Paleoclimate,Geo-Chemistry,View metadata,https://npdc.ncpor.res.in/npdc/search_mf_data.action?search=title&expedition_type=Antarctic&parameter=MF-1961819105&userType=user&parameter1=Geo-Chemistry
Paleoclimate,Geo-Chemistry,View metadata,https://npdc.ncpor.res.in/npdc/search_mf_data.action?search=title&expedition_type=Antarctic&parameter=MF-2136407323&userType=user&parameter1=Geo-Chemistry
Paleoclimate,Geo-Chemistry,View metadata,https://npdc.ncpor.res.in/npdc/search_mf_data.action?search=title&expedition_type=Antarctic&parameter=MF-34300354&userType=user&parameter1=Geo-Chemistry
Paleoclimate,Geo-Chemistry,View metadata,https://npdc.ncpor.res.in/npdc/search_mf_data.action?search=title&expedition_type=Antarctic&parameter=MF-355811559&userType=user&parameter1=Geo-Chemistry
Paleoclimate,Geo-Chemistry,View metadata,https://npdc.ncpor.res.in/npdc/search_mf_data.action?search=title&expedition_type=Antarctic&parameter=MF487941852&userType=user&parameter1=Geo-Chemistry
Paleoclimate,Geo-Chemistry,View metadata,https://npdc.ncpor.res.in/npdc/search_mf_data.action?search=title&expedition_type=Antarctic&parameter=MF-508084368&userType=user&parameter1=Geo-Chemistry
Paleoclimate,Geo-Chemistry,View metadata,https://npdc.ncpor.res.in/npdc/search_mf_data.action?search=title&expedition_type=Antarctic&parameter=MF-631953746&userType=user&parameter1=Geo-Chemistry
Paleoclimate,Paleo,Search For Datasets »,https://npdc.ncpor.res.in/npdc/search_mf_title_all.action?search=title&expedition_type=all&parameter=Paleoclimate&parameter1=Paleo#
Paleoclimate,Paleo,View metadata,https://npdc.ncpor.res.in/npdc/search_mf_data.action?search=title&expedition_type=Antarctic&parameter=MF-1135352482&userType=user&parameter1=Paleo
Paleoclimate,Paleo,View metadata,https://npdc.ncpor.res.in/npdc/search_mf_data.action?search=title&expedition_type=Antarctic&parameter=MF-1169800536&userType=user&parameter1=Paleo
Paleoclimate,Paleo,View metadata,https://npdc.ncpor.res.in/npdc/search_mf_data.action?search=title&expedition_type=Antarctic&parameter=MF-1170029081&userType=user&parameter1=Paleo
Paleoclimate,Paleo,View metadata,https://npdc.ncpor.res.in/npdc/search_mf_data.action?search=title&expedition_type=Antarctic&parameter=MF1195351111&userType=user&parameter1=Paleo
Paleoclimate,Paleo,View metadata,https://npdc.ncpor.res.in/npdc/search_mf_data.action?search=title&expedition_type=Antarctic&parameter=MF129113121&userType=user&parameter1=Paleo
Paleoclimate,Paleo,View metadata,https://npdc.ncpor.res.in/npdc/search_mf_data.action?search=title&expedition_type=Antarctic&parameter=MF1405935557&userType=user&parameter1=Paleo
Paleoclimate,Paleo,View metadata,https://npdc.ncpor.res.in/npdc/search_mf_data.action?search=title&expedition_type=Antarctic&parameter=MF-1413772582&userType=user&parameter1=Paleo
Paleoclimate,Paleo,View metadata,https://npdc.ncpor.res.in/npdc/search_mf_data.action?search=title&expedition_type=Antarctic&parameter=MF1591214245&userType=user&parameter1=Paleo
Paleoclimate,Paleo,View metadata,https://npdc.ncpor.res.in/npdc/search_mf_data.action?search=title&expedition_type=Antarctic&parameter=MF-1769749121&userType=user&parameter1=Paleo
Paleoclimate,Paleo,View metadata,https://npdc.ncpor.res.in/npdc/search_mf_data.action?search=title&expedition_type=Antarctic&parameter=MF1847567609&userType=user&parameter1=Paleo
Paleoclimate,Paleo,View metadata,https://npdc.ncpor.res.in/npdc/search_mf_data.action?search=title&expedition_type=Antarctic&parameter=MF1964829506&userType=user&parameter1=Paleo
Paleoclimate,Paleo,View metadata,https://npdc.ncpor.res.in/npdc/search_mf_data.action?search=title&expedition_type=Antarctic&parameter=MF-278393290&userType=user&parameter1=Paleo
Paleoclimate,Paleo,View metadata,https://npdc.ncpor.res.in/npdc/search_mf_data.action?search=title&expedition_type=Antarctic&parameter=MF-409133726&userType=user&parameter1=Paleo
Paleoclimate,Paleo,View metadata,https://npdc.ncpor.res.in/npdc/search_mf_data.action?search=title&expedition_type=Antarctic&parameter=MF-42467389&userType=user&parameter1=Paleo
Paleoclimate,Paleo,View metadata,https://npdc.ncpor.res.in/npdc/search_mf_data.action?search=title&expedition_type=Antarctic&parameter=MF-449662602&userType=user&parameter1=Paleo
Paleoclimate,Paleo,View metadata,https://npdc.ncpor.res.in/npdc/search_mf_data.action?search=title&expedition_type=Antarctic&parameter=MF-543919553&userType=user&parameter1=Paleo
Paleoclimate,Paleo,View metadata,https://npdc.ncpor.res.in/npdc/search_mf_data.action?search=title&expedition_type=Antarctic&parameter=MF739880279&userType=user&parameter1=Paleo
Paleoclimate,Paleo,View metadata,https://npdc.ncpor.res.in/npdc/search_mf_data.action?search=title&expedition_type=Antarctic&parameter=MF-789479398&userType=user&parameter1=Paleo
Paleoclimate,Paleo,View metadata,https://npdc.ncpor.res.in/npdc/search_mf_data.action?search=title&expedition_type=Antarctic&parameter=MF831018449&userType=user&parameter1=Paleo
Human Dimensions,Attitudes/Preferences/Behavior,Search For Datasets »,https://npdc.ncpor.res.in/npdc/search_mf_title_all.action?search=title&expedition_type=all&parameter=Human+Dimensions&parameter1=Attitudes%2FPreferences%2FBehavior#
Human Dimensions,Attitudes/Preferences/Behavior,View metadata,https://npdc.ncpor.res.in/npdc/search_mf_data.action?search=title&expedition_type=Antarctic&parameter=MF1023090359&userType=user&parameter1=Attitudes%2FPreferences%2FBehavior
Human Dimensions,Attitudes/Preferences/Behavior,View metadata,https://npdc.ncpor.res.in/npdc/search_mf_data.action?search=title&expedition_type=Antarctic&parameter=MF-1171560317&userType=user&parameter1=Attitudes%2FPreferences%2FBehavior
Human Dimensions,Attitudes/Preferences/Behavior,View metadata,https://npdc.ncpor.res.in/npdc/search_mf_data.action?search=title&expedition_type=Antarctic&parameter=MF1669171009&userType=user&parameter1=Attitudes%2FPreferences%2FBehavior
Human Dimensions,Attitudes/Preferences/Behavior,View metadata,https://npdc.ncpor.res.in/npdc/search_mf_data.action?search=title&expedition_type=Antarctic&parameter=MF1712434083&userType=user&parameter1=Attitudes%2FPreferences%2FBehavior
Human Dimensions,Attitudes/Preferences/Behavior,View metadata,https://npdc.ncpor.res.in/npdc/search_mf_data.action?search=title&expedition_type=Antarctic&parameter=MF1817001137&userType=user&parameter1=Attitudes%2FPreferences%2FBehavior
Human Dimensions,Attitudes/Preferences/Behavior,View metadata,https://npdc.ncpor.res.in/npdc/search_mf_data.action?search=title&expedition_type=Antarctic&parameter=MF2026457867&userType=user&parameter1=Attitudes%2FPreferences%2FBehavior
Human Dimensions,Attitudes/Preferences/Behavior,View metadata,https://npdc.ncpor.res.in/npdc/search_mf_data.action?search=title&expedition_type=Antarctic&parameter=MF215704397&userType=user&parameter1=Attitudes%2FPreferences%2FBehavior
Human Dimensions,Attitudes/Preferences/Behavior,View metadata,https://npdc.ncpor.res.in/npdc/search_mf_data.action?search=title&expedition_type=Antarctic&parameter=MF482418389&userType=user&parameter1=Attitudes%2FPreferences%2FBehavior
Human Dimensions,Attitudes/Preferences/Behavior,View metadata,https://npdc.ncpor.res.in/npdc/search_mf_data.action?search=title&expedition_type=Antarctic&parameter=MF527427237&userType=user&parameter1=Attitudes%2FPreferences%2FBehavior
Human Dimensions,Boundaries,Search For Datasets »,https://npdc.ncpor.res.in/npdc/search_mf_title_all.action?search=title&expedition_type=all&parameter=Human+Dimensions&parameter1=Boundaries#
Human Dimensions,Boundaries,View metadata,https://npdc.ncpor.res.in/npdc/search_mf_data.action?search=title&expedition_type=Antarctic&parameter=MF-1908196712&userType=user&parameter1=Boundaries
Human Dimensions,Boundaries,View metadata,https://npdc.ncpor.res.in/npdc/search_mf_data.action?search=title&expedition_type=Antarctic&parameter=MF2073870410&userType=user&parameter1=Boundaries
Human Dimensions,Cryosphere,Search For Datasets »,https://npdc.ncpor.res.in/npdc/search_mf_title_all.action?search=title&expedition_type=all&parameter=Human+Dimensions&parameter1=Cryosphere#
Human Dimensions,Economic Resources,Search For Datasets »,https://npdc.ncpor.res.in/npdc/search_mf_title_all.action?search=title&expedition_type=all&parameter=Human+Dimensions&parameter1=Economic+Resources#
Human Dimensions,Environmental Impacts,Search For Datasets »,https://npdc.ncpor.res.in/npdc/search_mf_title_all.action?search=title&expedition_type=all&parameter=Human+Dimensions&parameter1=Environmental+Impacts#
Human Dimensions,Environmental Impacts,View metadata,https://npdc.ncpor.res.in/npdc/search_mf_data.action?search=title&expedition_type=Antarctic&parameter=MF1196657547&userType=user&parameter1=Environmental+Impacts
Human Dimensions,Environmental Impacts,View metadata,https://npdc.ncpor.res.in/npdc/search_mf_data.action?search=title&expedition_type=Antarctic&parameter=MF1207778607&userType=user&parameter1=Environmental+Impacts
Human Dimensions,Environmental Impacts,View metadata,https://npdc.ncpor.res.in/npdc/search_mf_data.action?search=title&expedition_type=Antarctic&parameter=MF1277091500&userType=user&parameter1=Environmental+Impacts
Human Dimensions,Environmental Impacts,View metadata,https://npdc.ncpor.res.in/npdc/search_mf_data.action?search=title&expedition_type=Antarctic&parameter=MF1533626704&userType=user&parameter1=Environmental+Impacts
Human Dimensions,Environmental Impacts,View metadata,https://npdc.ncpor.res.in/npdc/search_mf_data.action?search=title&expedition_type=Antarctic&parameter=MF-2031287060&userType=user&parameter1=Environmental+Impacts
Human Dimensions,Environmental Impacts,View metadata,https://npdc.ncpor.res.in/npdc/search_mf_data.action?search=title&expedition_type=Antarctic&parameter=MF2053344024&userType=user&parameter1=Environmental+Impacts
Human Dimensions,Environmental Impacts,View metadata,https://npdc.ncpor.res.in/npdc/search_mf_data.action?search=title&expedition_type=Antarctic&parameter=MF2102381650&userType=user&parameter1=Environmental+Impacts
Human Dimensions,Environmental Impacts,View metadata,https://npdc.ncpor.res.in/npdc/search_mf_data.action?search=title&expedition_type=Antarctic&parameter=MF2144969667&userType=user&parameter1=Environmental+Impacts
Human Dimensions,Environmental Impacts,View metadata,https://npdc.ncpor.res.in/npdc/search_mf_data.action?search=title&expedition_type=Antarctic&parameter=MF285420285&userType=user&parameter1=Environmental+Impacts
Human Dimensions,Environmental Impacts,View metadata,https://npdc.ncpor.res.in/npdc/search_mf_data.action?search=title&expedition_type=Antarctic&parameter=MF-302890258&userType=user&parameter1=Environmental+Impacts
Human Dimensions,Environmental Impacts,View metadata,https://npdc.ncpor.res.in/npdc/search_mf_data.action?search=title&expedition_type=Antarctic&parameter=MF411227777&userType=user&parameter1=Environmental+Impacts
Human Dimensions,Environmental Impacts,View metadata,https://npdc.ncpor.res.in/npdc/search_mf_data.action?search=title&expedition_type=Antarctic&parameter=MF-598326519&userType=user&parameter1=Environmental+Impacts
Human Dimensions,Environmental Impacts,View metadata,https://npdc.ncpor.res.in/npdc/search_mf_data.action?search=title&expedition_type=Antarctic&parameter=MF-697633614&userType=user&parameter1=Environmental+Impacts
Human Dimensions,Environmental Impacts,View metadata,https://npdc.ncpor.res.in/npdc/search_mf_data.action?search=title&expedition_type=Antarctic&parameter=MF720291960&userType=user&parameter1=Environmental+Impacts
Human Dimensions,Environmental Impacts,View metadata,https://npdc.ncpor.res.in/npdc/search_mf_data.action?search=title&expedition_type=Antarctic&parameter=MF-961779749&userType=user&parameter1=Environmental+Impacts
Human Dimensions,Habitat Conversion/Fragmentation,Search For Datasets »,https://npdc.ncpor.res.in/npdc/search_mf_title_all.action?search=title&expedition_type=all&parameter=Human+Dimensions&parameter1=Habitat+Conversion%2FFragmentation#
Human Dimensions,Habitat Conversion/Fragmentation,View metadata,https://npdc.ncpor.res.in/npdc/search_mf_data.action?search=title&expedition_type=Antarctic&parameter=MF1112430344&userType=user&parameter1=Habitat+Conversion%2FFragmentation
Human Dimensions,Habitat Conversion/Fragmentation,View metadata,https://npdc.ncpor.res.in/npdc/search_mf_data.action?search=title&expedition_type=Antarctic&parameter=MF1453212000&userType=user&parameter1=Habitat+Conversion%2FFragmentation
Human Dimensions,Habitat Conversion/Fragmentation,View metadata,https://npdc.ncpor.res.in/npdc/search_mf_data.action?search=title&expedition_type=Antarctic&parameter=MF1741867143&userType=user&parameter1=Habitat+Conversion%2FFragmentation
Human Dimensions,Habitat Conversion/Fragmentation,View metadata,https://npdc.ncpor.res.in/npdc/search_mf_data.action?search=title&expedition_type=Antarctic&parameter=MF1783352894&userType=user&parameter1=Habitat+Conversion%2FFragmentation
Human Dimensions,Habitat Conversion/Fragmentation,View metadata,https://npdc.ncpor.res.in/npdc/search_mf_data.action?search=title&expedition_type=Antarctic&parameter=MF2109985556&userType=user&parameter1=Habitat+Conversion%2FFragmentation
Human Dimensions,Habitat Conversion/Fragmentation,View metadata,https://npdc.ncpor.res.in/npdc/search_mf_data.action?search=title&expedition_type=Antarctic&parameter=MF2134817438&userType=user&parameter1=Habitat+Conversion%2FFragmentation
Human Dimensions,Habitat Conversion/Fragmentation,View metadata,https://npdc.ncpor.res.in/npdc/search_mf_data.action?search=title&expedition_type=Antarctic&parameter=MF664112164&userType=user&parameter1=Habitat+Conversion%2FFragmentation
Human Dimensions,Habitat Conversion/Fragmentation,View metadata,https://npdc.ncpor.res.in/npdc/search_mf_data.action?search=title&expedition_type=Antarctic&parameter=MF670394226&userType=user&parameter1=Habitat+Conversion%2FFragmentation
Human Dimensions,Habitat Conversion/Fragmentation,View metadata,https://npdc.ncpor.res.in/npdc/search_mf_data.action?search=title&expedition_type=Antarctic&parameter=MF683241406&userType=user&parameter1=Habitat+Conversion%2FFragmentation
Human Dimensions,Habitat Conversion/Fragmentation,View metadata,https://npdc.ncpor.res.in/npdc/search_mf_data.action?search=title&expedition_type=Antarctic&parameter=MF729280442&userType=user&parameter1=Habitat+Conversion%2FFragmentation
Human Dimensions,Habitat Conversion/Fragmentation,View metadata,https://npdc.ncpor.res.in/npdc/search_mf_data.action?search=title&expedition_type=Antarctic&parameter=MF963861818&userType=user&parameter1=Habitat+Conversion%2FFragmentation
Human Dimensions,Human Health,Search For Datasets »,https://npdc.ncpor.res.in/npdc/search_mf_title_all.action?search=title&expedition_type=all&parameter=Human+Dimensions&parameter1=Human+Health#
Human Dimensions,Human Health,View metadata,https://npdc.ncpor.res.in/npdc/search_mf_data.action?search=title&expedition_type=Antarctic&parameter=MF1183804134&userType=user&parameter1=Human+Health
Human Dimensions,Human Health,View metadata,https://npdc.ncpor.res.in/npdc/search_mf_data.action?search=title&expedition_type=Antarctic&parameter=MF1185640947&userType=user&parameter1=Human+Health
Human Dimensions,Human Health,View metadata,https://npdc.ncpor.res.in/npdc/search_mf_data.action?search=title&expedition_type=Antarctic&parameter=MF-1200374557&userType=user&parameter1=Human+Health
Human Dimensions,Human Health,View metadata,https://npdc.ncpor.res.in/npdc/search_mf_data.action?search=title&expedition_type=Antarctic&parameter=MF-1258240614&userType=user&parameter1=Human+Health
Human Dimensions,Human Health,View metadata,https://npdc.ncpor.res.in/npdc/search_mf_data.action?search=title&expedition_type=Antarctic&parameter=MF1346606937&userType=user&parameter1=Human+Health
Human Dimensions,Human Health,View metadata,https://npdc.ncpor.res.in/npdc/search_mf_data.action?search=title&expedition_type=Antarctic&parameter=MF1382035228&userType=user&parameter1=Human+Health
Human Dimensions,Human Health,View metadata,https://npdc.ncpor.res.in/npdc/search_mf_data.action?search=title&expedition_type=Antarctic&parameter=MF-1610014204&userType=user&parameter1=Human+Health
Human Dimensions,Human Health,View metadata,https://npdc.ncpor.res.in/npdc/search_mf_data.action?search=title&expedition_type=Antarctic&parameter=MF1692262135&userType=user&parameter1=Human+Health
Human Dimensions,Human Health,View metadata,https://npdc.ncpor.res.in/npdc/search_mf_data.action?search=title&expedition_type=Antarctic&parameter=MF1784225991&userType=user&parameter1=Human+Health
Human Dimensions,Human Health,View metadata,https://npdc.ncpor.res.in/npdc/search_mf_data.action?search=title&expedition_type=Antarctic&parameter=MF2062297180&userType=user&parameter1=Human+Health
Human Dimensions,Human Health,View metadata,https://npdc.ncpor.res.in/npdc/search_mf_data.action?search=title&expedition_type=Antarctic&parameter=MF-2109770840&userType=user&parameter1=Human+Health
Human Dimensions,Human Health,View metadata,https://npdc.ncpor.res.in/npdc/search_mf_data.action?search=title&expedition_type=Antarctic&parameter=MF2127039461&userType=user&parameter1=Human+Health
Human Dimensions,Human Health,View metadata,https://npdc.ncpor.res.in/npdc/search_mf_data.action?search=title&expedition_type=Antarctic&parameter=MF2131863670&userType=user&parameter1=Human+Health
Human Dimensions,Human Health,View metadata,https://npdc.ncpor.res.in/npdc/search_mf_data.action?search=title&expedition_type=Antarctic&parameter=MF501476836&userType=user&parameter1=Human+Health
Human Dimensions,Human Health,View metadata,https://npdc.ncpor.res.in/npdc/search_mf_data.action?search=title&expedition_type=Antarctic&parameter=MF-516686806&userType=user&parameter1=Human+Health
Human Dimensions,Human Health,View metadata,https://npdc.ncpor.res.in/npdc/search_mf_data.action?search=title&expedition_type=Antarctic&parameter=MF-664055518&userType=user&parameter1=Human+Health
Human Dimensions,Human Health,View metadata,https://npdc.ncpor.res.in/npdc/search_mf_data.action?search=title&expedition_type=Antarctic&parameter=MF-704383166&userType=user&parameter1=Human+Health
Human Dimensions,Human Health,View metadata,https://npdc.ncpor.res.in/npdc/search_mf_data.action?search=title&expedition_type=Antarctic&parameter=MF767426623&userType=user&parameter1=Human+Health
Human Dimensions,Human Health,View metadata,https://npdc.ncpor.res.in/npdc/search_mf_data.action?search=title&expedition_type=Antarctic&parameter=MF-810481460&userType=user&parameter1=Human+Health
Human Dimensions,Human Health,View metadata,https://npdc.ncpor.res.in/npdc/search_mf_data.action?search=title&expedition_type=Antarctic&parameter=MF-895390079&userType=user&parameter1=Human+Health
Human Dimensions,Infrastructure,Search For Datasets »,https://npdc.ncpor.res.in/npdc/search_mf_title_all.action?search=title&expedition_type=all&parameter=Human+Dimensions&parameter1=Infrastructure#
Human Dimensions,Infrastructure,View metadata,https://npdc.ncpor.res.in/npdc/search_mf_data.action?search=title&expedition_type=Antarctic&parameter=MF100584613&userType=user&parameter1=Infrastructure
Human Dimensions,Infrastructure,View metadata,https://npdc.ncpor.res.in/npdc/search_mf_data.action?search=title&expedition_type=Antarctic&parameter=MF-1040743754&userType=user&parameter1=Infrastructure
Human Dimensions,Infrastructure,View metadata,https://npdc.ncpor.res.in/npdc/search_mf_data.action?search=title&expedition_type=Antarctic&parameter=MF-131432924&userType=user&parameter1=Infrastructure
Human Dimensions,Infrastructure,View metadata,https://npdc.ncpor.res.in/npdc/search_mf_data.action?search=title&expedition_type=Antarctic&parameter=MF-1357534352&userType=user&parameter1=Infrastructure
Human Dimensions,Infrastructure,View metadata,https://npdc.ncpor.res.in/npdc/search_mf_data.action?search=title&expedition_type=Antarctic&parameter=MF-1405320405&userType=user&parameter1=Infrastructure
Human Dimensions,Infrastructure,View metadata,https://npdc.ncpor.res.in/npdc/search_mf_data.action?search=title&expedition_type=Antarctic&parameter=MF1425233504&userType=user&parameter1=Infrastructure
Human Dimensions,Infrastructure,View metadata,https://npdc.ncpor.res.in/npdc/search_mf_data.action?search=title&expedition_type=Antarctic&parameter=MF-1440019828&userType=user&parameter1=Infrastructure
Human Dimensions,Infrastructure,View metadata,https://npdc.ncpor.res.in/npdc/search_mf_data.action?search=title&expedition_type=Antarctic&parameter=MF-1481661912&userType=user&parameter1=Infrastructure
Human Dimensions,Infrastructure,View metadata,https://npdc.ncpor.res.in/npdc/search_mf_data.action?search=title&expedition_type=Antarctic&parameter=MF-1589550368&userType=user&parameter1=Infrastructure
Human Dimensions,Infrastructure,View metadata,https://npdc.ncpor.res.in/npdc/search_mf_data.action?search=title&expedition_type=Antarctic&parameter=MF-1600373642&userType=user&parameter1=Infrastructure
Human Dimensions,Infrastructure,View metadata,https://npdc.ncpor.res.in/npdc/search_mf_data.action?search=title&expedition_type=Antarctic&parameter=MF1751140157&userType=user&parameter1=Infrastructure
Human Dimensions,Infrastructure,View metadata,https://npdc.ncpor.res.in/npdc/search_mf_data.action?search=title&expedition_type=Antarctic&parameter=MF1758515288&userType=user&parameter1=Infrastructure
Human Dimensions,Infrastructure,View metadata,https://npdc.ncpor.res.in/npdc/search_mf_data.action?search=title&expedition_type=Antarctic&parameter=MF-1774547394&userType=user&parameter1=Infrastructure
Human Dimensions,Infrastructure,View metadata,https://npdc.ncpor.res.in/npdc/search_mf_data.action?search=title&expedition_type=Antarctic&parameter=MF-186715445&userType=user&parameter1=Infrastructure
Human Dimensions,Infrastructure,View metadata,https://npdc.ncpor.res.in/npdc/search_mf_data.action?search=title&expedition_type=Antarctic&parameter=MF-1871543635&userType=user&parameter1=Infrastructure
Human Dimensions,Infrastructure,View metadata,https://npdc.ncpor.res.in/npdc/search_mf_data.action?search=title&expedition_type=Antarctic&parameter=MF1890456615&userType=user&parameter1=Infrastructure
Human Dimensions,Infrastructure,View metadata,https://npdc.ncpor.res.in/npdc/search_mf_data.action?search=title&expedition_type=Antarctic&parameter=MF1955369391&userType=user&parameter1=Infrastructure
Human Dimensions,Infrastructure,View metadata,https://npdc.ncpor.res.in/npdc/search_mf_data.action?search=title&expedition_type=Antarctic&parameter=MF-204545279&userType=user&parameter1=Infrastructure
Human Dimensions,Infrastructure,View metadata,https://npdc.ncpor.res.in/npdc/search_mf_data.action?search=title&expedition_type=Antarctic&parameter=MF-2105918528&userType=user&parameter1=Infrastructure
Human Dimensions,Infrastructure,View metadata,https://npdc.ncpor.res.in/npdc/search_mf_data.action?search=title&expedition_type=Antarctic&parameter=MF-2115828283&userType=user&parameter1=Infrastructure
Human Dimensions,Infrastructure,View metadata,https://npdc.ncpor.res.in/npdc/search_mf_data.action?search=title&expedition_type=Antarctic&parameter=MF22610058&userType=user&parameter1=Infrastructure
Human Dimensions,Infrastructure,View metadata,https://npdc.ncpor.res.in/npdc/search_mf_data.action?search=title&expedition_type=Antarctic&parameter=MF246439541&userType=user&parameter1=Infrastructure
Human Dimensions,Infrastructure,View metadata,https://npdc.ncpor.res.in/npdc/search_mf_data.action?search=title&expedition_type=Antarctic&parameter=MF248941903&userType=user&parameter1=Infrastructure
Human Dimensions,Infrastructure,View metadata,https://npdc.ncpor.res.in/npdc/search_mf_data.action?search=title&expedition_type=Antarctic&parameter=MF31641616&userType=user&parameter1=Infrastructure
Human Dimensions,Infrastructure,View metadata,https://npdc.ncpor.res.in/npdc/search_mf_data.action?search=title&expedition_type=Antarctic&parameter=MF-359940378&userType=user&parameter1=Infrastructure
Human Dimensions,Infrastructure,View metadata,https://npdc.ncpor.res.in/npdc/search_mf_data.action?search=title&expedition_type=Antarctic&parameter=MF366697724&userType=user&parameter1=Infrastructure
Human Dimensions,Infrastructure,View metadata,https://npdc.ncpor.res.in/npdc/search_mf_data.action?search=title&expedition_type=Antarctic&parameter=MF390816135&userType=user&parameter1=Infrastructure
Human Dimensions,Infrastructure,View metadata,https://npdc.ncpor.res.in/npdc/search_mf_data.action?search=title&expedition_type=Antarctic&parameter=MF400411274&userType=user&parameter1=Infrastructure
Human Dimensions,Infrastructure,View metadata,https://npdc.ncpor.res.in/npdc/search_mf_data.action?search=title&expedition_type=Antarctic&parameter=MF664927874&userType=user&parameter1=Infrastructure
Human Dimensions,Infrastructure,View metadata,https://npdc.ncpor.res.in/npdc/search_mf_data.action?search=title&expedition_type=Antarctic&parameter=MF6838925&userType=user&parameter1=Infrastructure
Human Dimensions,Infrastructure,View metadata,https://npdc.ncpor.res.in/npdc/search_mf_data.action?search=title&expedition_type=Antarctic&parameter=MF-698764644&userType=user&parameter1=Infrastructure
Human Dimensions,Infrastructure,View metadata,https://npdc.ncpor.res.in/npdc/search_mf_data.action?search=title&expedition_type=Antarctic&parameter=MF706281345&userType=user&parameter1=Infrastructure
Human Dimensions,Infrastructure,View metadata,https://npdc.ncpor.res.in/npdc/search_mf_data.action?search=title&expedition_type=Antarctic&parameter=MF-991687853&userType=user&parameter1=Infrastructure
Human Dimensions,Land Use/Land Cover,Search For Datasets »,https://npdc.ncpor.res.in/npdc/search_mf_title_all.action?search=title&expedition_type=all&parameter=Human+Dimensions&parameter1=Land+Use%2FLand+Cover#
Human Dimensions,Land Use/Land Cover,View metadata,https://npdc.ncpor.res.in/npdc/search_mf_data.action?search=title&expedition_type=Antarctic&parameter=MF572714627&userType=user&parameter1=Land+Use%2FLand+Cover
Human Dimensions,Natural Hazards,Search For Datasets »,https://npdc.ncpor.res.in/npdc/search_mf_title_all.action?search=title&expedition_type=all&parameter=Human+Dimensions&parameter1=Natural+Hazards#
Human Dimensions,population,Search For Datasets »,https://npdc.ncpor.res.in/npdc/search_mf_title_all.action?search=title&expedition_type=all&parameter=Human+Dimensions&parameter1=population#
Sun-earth Interactions,Cryosphere,Search For Datasets »,https://npdc.ncpor.res.in/npdc/search_mf_title_all.action?search=title&expedition_type=all&parameter=Sun-Earth+Interactions&parameter1=Cryosphere#
Sun-earth Interactions,Glaciers/Ice Sheets,Search For Datasets »,https://npdc.ncpor.res.in/npdc/search_mf_title_all.action?search=title&expedition_type=all&parameter=Sun-Earth+Interactions&parameter1=Glaciers%2FIce+Sheets#
Sun-earth Interactions,Ground Water,Search For Datasets »,https://npdc.ncpor.res.in/npdc/search_mf_title_all.action?search=title&expedition_type=all&parameter=Sun-Earth+Interactions&parameter1=Ground+Water#
Sun-earth Interactions,Snow/Ice,Search For Datasets »,https://npdc.ncpor.res.in/npdc/search_mf_title_all.action?search=title&expedition_type=all&parameter=Sun-Earth+Interactions&parameter1=Snow%2FIce#
Sun-earth Interactions,Surface Water,Search For Datasets »,https://npdc.ncpor.res.in/npdc/search_mf_title_all.action?search=title&expedition_type=all&parameter=Sun-Earth+Interactions&parameter1=Surface+Water#
Sun-earth Interactions,Surface Water,View metadata,https://npdc.ncpor.res.in/npdc/search_mf_data.action?search=title&expedition_type=Antarctic&parameter=MF-1083013113&userType=user&parameter1=Surface+Water
Sun-earth Interactions,Surface Water,View metadata,https://npdc.ncpor.res.in/npdc/search_mf_data.action?search=title&expedition_type=Antarctic&parameter=MF-160634413&userType=user&parameter1=Surface+Water
Sun-earth Interactions,Surface Water,View metadata,https://npdc.ncpor.res.in/npdc/search_mf_data.action?search=title&expedition_type=Antarctic&parameter=MF325054173&userType=user&parameter1=Surface+Water
Sun-earth Interactions,Water Quality/Water Chemistry,Search For Datasets »,https://npdc.ncpor.res.in/npdc/search_mf_title_all.action?search=title&expedition_type=all&parameter=Sun-Earth+Interactions&parameter1=Water+Quality%2FWater+Chemistry#
Sun-earth Interactions,Water Quality/Water Chemistry,View metadata,https://npdc.ncpor.res.in/npdc/search_mf_data.action?search=title&expedition_type=Antarctic&parameter=MF-120310711&userType=user&parameter1=Water+Quality%2FWater+Chemistry
Sun-earth Interactions,Water Quality/Water Chemistry,View metadata,https://npdc.ncpor.res.in/npdc/search_mf_data.action?search=title&expedition_type=Antarctic&parameter=MF-1253502272&userType=user&parameter1=Water+Quality%2FWater+Chemistry
Sun-earth Interactions,Water Quality/Water Chemistry,View metadata,https://npdc.ncpor.res.in/npdc/search_mf_data.action?search=title&expedition_type=Antarctic&parameter=MF143726109&userType=user&parameter1=Water+Quality%2FWater+Chemistry
Sun-earth Interactions,Water Quality/Water Chemistry,View metadata,https://npdc.ncpor.res.in/npdc/search_mf_data.action?search=title&expedition_type=Antarctic&parameter=MF-1760235978&userType=user&parameter1=Water+Quality%2FWater+Chemistry
Sun-earth Interactions,Water Quality/Water Chemistry,View metadata,https://npdc.ncpor.res.in/npdc/search_mf_data.action?search=title&expedition_type=Antarctic&parameter=MF1883766679&userType=user&parameter1=Water+Quality%2FWater+Chemistry
Sun-earth Interactions,Water Quality/Water Chemistry,View metadata,https://npdc.ncpor.res.in/npdc/search_mf_data.action?search=title&expedition_type=Antarctic&parameter=MF-298099350&userType=user&parameter1=Water+Quality%2FWater+Chemistry
Sun-earth Interactions,Polar Ionosphere,Search For Datasets »,https://npdc.ncpor.res.in/npdc/search_mf_title_all.action?search=title&expedition_type=all&parameter=Sun-Earth+Interactions&parameter1=Polar+Ionosphere#
Sun-earth Interactions,Polar Ionosphere,View metadata,https://npdc.ncpor.res.in/npdc/search_mf_data.action?search=title&expedition_type=Antarctic&parameter=MF-1192602244&userType=user&parameter1=Polar+Ionosphere
Sun-earth Interactions,Polar Ionosphere,View metadata,https://npdc.ncpor.res.in/npdc/search_mf_data.action?search=title&expedition_type=Antarctic&parameter=MF-1387059010&userType=user&parameter1=Polar+Ionosphere
Sun-earth Interactions,Polar Ionosphere,View metadata,https://npdc.ncpor.res.in/npdc/search_mf_data.action?search=title&expedition_type=Antarctic&parameter=MF-1544752892&userType=user&parameter1=Polar+Ionosphere
Sun-earth Interactions,Polar Ionosphere,View metadata,https://npdc.ncpor.res.in/npdc/search_mf_data.action?search=title&expedition_type=Antarctic&parameter=MF-1594940163&userType=user&parameter1=Polar+Ionosphere
Sun-earth Interactions,Polar Ionosphere,View metadata,https://npdc.ncpor.res.in/npdc/search_mf_data.action?search=title&expedition_type=Antarctic&parameter=MF-2044741052&userType=user&parameter1=Polar+Ionosphere
Sun-earth Interactions,Polar Ionosphere,View metadata,https://npdc.ncpor.res.in/npdc/search_mf_data.action?search=title&expedition_type=Antarctic&parameter=MF440722303&userType=user&parameter1=Polar+Ionosphere
Sun-earth Interactions,Polar Ionosphere,View metadata,https://npdc.ncpor.res.in/npdc/search_mf_data.action?search=title&expedition_type=Antarctic&parameter=MF-542958239&userType=user&parameter1=Polar+Ionosphere
Sun-earth Interactions,Polar Ionosphere,View metadata,https://npdc.ncpor.res.in/npdc/search_mf_data.action?search=title&expedition_type=Antarctic&parameter=MF-756848044&userType=user&parameter1=Polar+Ionosphere
Sun-earth Interactions,Polar Ionosphere,View metadata,https://npdc.ncpor.res.in/npdc/search_mf_data.action?search=title&expedition_type=Antarctic&parameter=MF806778056&userType=user&parameter1=Polar+Ionosphere
Sun-earth Interactions,Polar Ionosphere,View metadata,https://npdc.ncpor.res.in/npdc/search_mf_data.action?search=title&expedition_type=Antarctic&parameter=MF98201489&userType=user&parameter1=Polar+Ionosphere
Agriculture,Agricultural Aquatic Sciences,Search For Datasets »,https://npdc.ncpor.res.in/npdc/search_mf_title_all.action?search=title&expedition_type=all&parameter=Agriculture&parameter1=Agricultural+Aquatic+Sciences#
Agriculture,Agricultural Engineering,Search For Datasets »,https://npdc.ncpor.res.in/npdc/search_mf_title_all.action?search=title&expedition_type=all&parameter=Agriculture&parameter1=Agricultural+Engineering#
Agriculture,Agricultural Plant Science,Search For Datasets »,https://npdc.ncpor.res.in/npdc/search_mf_title_all.action?search=title&expedition_type=all&parameter=Agriculture&parameter1=Agricultural+Plant+Science#
Agriculture,Agricultural Plant Science,View metadata,https://npdc.ncpor.res.in/npdc/search_mf_data.action?search=title&expedition_type=Antarctic&parameter=MF-1057609035&userType=user&parameter1=Agricultural+Plant+Science
Agriculture,Agricultural Plant Science,View metadata,https://npdc.ncpor.res.in/npdc/search_mf_data.action?search=title&expedition_type=Antarctic&parameter=MF-1251070002&userType=user&parameter1=Agricultural+Plant+Science
Agriculture,Agricultural Plant Science,View metadata,https://npdc.ncpor.res.in/npdc/search_mf_data.action?search=title&expedition_type=Antarctic&parameter=MF-1300478019&userType=user&parameter1=Agricultural+Plant+Science
Agriculture,Agricultural Plant Science,View metadata,https://npdc.ncpor.res.in/npdc/search_mf_data.action?search=title&expedition_type=Antarctic&parameter=MF-1328995534&userType=user&parameter1=Agricultural+Plant+Science
Agriculture,Agricultural Plant Science,View metadata,https://npdc.ncpor.res.in/npdc/search_mf_data.action?search=title&expedition_type=Antarctic&parameter=MF1956559381&userType=user&parameter1=Agricultural+Plant+Science
Agriculture,Agricultural Plant Science,View metadata,https://npdc.ncpor.res.in/npdc/search_mf_data.action?search=title&expedition_type=Antarctic&parameter=MF-609465171&userType=user&parameter1=Agricultural+Plant+Science
Agriculture,Agricultural Plant Science,View metadata,https://npdc.ncpor.res.in/npdc/search_mf_data.action?search=title&expedition_type=Antarctic&parameter=MF-67942642&userType=user&parameter1=Agricultural+Plant+Science
Agriculture,Animal Commodities,Search For Datasets »,https://npdc.ncpor.res.in/npdc/search_mf_title_all.action?search=title&expedition_type=all&parameter=Agriculture&parameter1=Animal+Commodities#
Agriculture,Animal Science,Search For Datasets »,https://npdc.ncpor.res.in/npdc/search_mf_title_all.action?search=title&expedition_type=all&parameter=Agriculture&parameter1=Animal+Science#
Agriculture,Cryosphere,Search For Datasets »,https://npdc.ncpor.res.in/npdc/search_mf_title_all.action?search=title&expedition_type=all&parameter=Agriculture&parameter1=Cryosphere#
Agriculture,Feed Products,Search For Datasets »,https://npdc.ncpor.res.in/npdc/search_mf_title_all.action?search=title&expedition_type=all&parameter=Agriculture&parameter1=Feed+Products#
Agriculture,Food Science,Search For Datasets »,https://npdc.ncpor.res.in/npdc/search_mf_title_all.action?search=title&expedition_type=all&parameter=Agriculture&parameter1=Food+Science#
Agriculture,Food Science,View metadata,https://npdc.ncpor.res.in/npdc/search_mf_data.action?search=title&expedition_type=Antarctic&parameter=MF-32159236&userType=user&parameter1=Food+Science
Agriculture,Forest Science,Search For Datasets »,https://npdc.ncpor.res.in/npdc/search_mf_title_all.action?search=title&expedition_type=all&parameter=Agriculture&parameter1=Forest+Science#
Agriculture,Plant Commodities,Search For Datasets »,https://npdc.ncpor.res.in/npdc/search_mf_title_all.action?search=title&expedition_type=all&parameter=Agriculture&parameter1=Plant+Commodities#
Agriculture,Plant Commodities,View metadata,https://npdc.ncpor.res.in/npdc/search_mf_data.action?search=title&expedition_type=Antarctic&parameter=MF-1844654138&userType=user&parameter1=Plant+Commodities
Agriculture,Soils,Search For Datasets »,https://npdc.ncpor.res.in/npdc/search_mf_title_all.action?search=title&expedition_type=all&parameter=Agriculture&parameter1=Soils#
Agriculture,Agricultural Chemicals,Search For Datasets »,https://npdc.ncpor.res.in/npdc/search_mf_title_all.action?search=title&expedition_type=all&parameter=Agriculture&parameter1=Agricultural+Chemicals#
Agriculture,Agriculture,Search For Datasets »,https://npdc.ncpor.res.in/npdc/search_mf_title_all.action?search=title&expedition_type=all&parameter=Agriculture&parameter1=Agriculture#
Spectral/Engineering,Cryosphere,Search For Datasets »,https://npdc.ncpor.res.in/npdc/search_mf_title_all.action?search=title&expedition_type=all&parameter=Spectral%2FEngineering&parameter1=Cryosphere#
Spectral/Engineering,Ionosphere/Magnetosphere Dynamics,Search For Datasets »,https://npdc.ncpor.res.in/npdc/search_mf_title_all.action?search=title&expedition_type=all&parameter=Spectral%2FEngineering&parameter1=Ionosphere%2FMagnetosphere+Dynamics#
Spectral/Engineering,Ionosphere/Magnetosphere Dynamics,View metadata,https://npdc.ncpor.res.in/npdc/search_mf_data.action?search=title&expedition_type=Antarctic&parameter=MF532639879&userType=user&parameter1=Ionosphere%2FMagnetosphere+Dynamics
Spectral/Engineering,Ionosphere/Magnetosphere Dynamics,View metadata,https://npdc.ncpor.res.in/npdc/search_mf_data.action?search=title&expedition_type=Antarctic&parameter=MF847423712&userType=user&parameter1=Ionosphere%2FMagnetosphere+Dynamics
Spectral/Engineering,Solar Activity,Search For Datasets »,https://npdc.ncpor.res.in/npdc/search_mf_title_all.action?search=title&expedition_type=all&parameter=Spectral%2FEngineering&parameter1=Solar+Activity#
Spectral/Engineering,Solar Activity,View metadata,https://npdc.ncpor.res.in/npdc/search_mf_data.action?search=title&expedition_type=Antarctic&parameter=MF-1232203745&userType=user&parameter1=Solar+Activity
Spectral/Engineering,Solar Activity,View metadata,https://npdc.ncpor.res.in/npdc/search_mf_data.action?search=title&expedition_type=Antarctic&parameter=MF259326839&userType=user&parameter1=Solar+Activity
Spectral/Engineering,Solar Energetic Particle Flux,Search For Datasets »,https://npdc.ncpor.res.in/npdc/search_mf_title_all.action?search=title&expedition_type=all&parameter=Spectral%2FEngineering&parameter1=Solar+Energetic+Particle+Flux#
Spectral/Engineering,Solar Energetic Particle Flux,View metadata,https://npdc.ncpor.res.in/npdc/search_mf_data.action?search=title&expedition_type=Antarctic&parameter=MF-1042478008&userType=user&parameter1=Solar+Energetic+Particle+Flux
Spectral/Engineering,Solar Energetic Particle Flux,View metadata,https://npdc.ncpor.res.in/npdc/search_mf_data.action?search=title&expedition_type=Antarctic&parameter=MF-1264127224&userType=user&parameter1=Solar+Energetic+Particle+Flux
Spectral/Engineering,Solar Energetic Particle Flux,View metadata,https://npdc.ncpor.res.in/npdc/search_mf_data.action?search=title&expedition_type=Antarctic&parameter=MF1897826667&userType=user&parameter1=Solar+Energetic+Particle+Flux
Spectral/Engineering,Solar Energetic Particle Properties,Search For Datasets »,https://npdc.ncpor.res.in/npdc/search_mf_title_all.action?search=title&expedition_type=all&parameter=Spectral%2FEngineering&parameter1=Solar+Energetic+Particle+Properties#
